road,hour,day_of_week,is_weekend,weather,incidents,congestion_pct
Tbilisi,11,5,1,Açıq,0,27
Atatürk,8,3,0,Dumanlı,0,87
Zərdabi,7,1,0,Yağışlı,0,80
Tbilisi,6,3,0,Dumanlı,0,37
Babək,15,0,0,Qarlı,1,95
Tbilisi,9,4,0,Qarlı,0,100
Rəşid Behbudov,1,3,0,Qarlı,0,38
Rəşid Behbudov,1,2,0,Dumanlı,0,34
İstiqlaliyyət,9,6,1,Dumanlı,0,54
Qara Qarayev,15,2,0,Açıq,0,42
Qara Qarayev,19,2,0,Yağışlı,0,76
Babək,1,5,1,Qarlı,0,46
İstiqlaliyyət,0,4,0,Dumanlı,0,25
Qara Qarayev,13,3,0,Yağışlı,0,46
Rəşid Behbudov,6,6,1,Dumanlı,0,38
Rəşid Behbudov,13,2,0,Yağışlı,0,72
Tbilisi,17,6,1,Yağışlı,0,53
Rəşid Behbudov,20,4,0,Qarlı,0,87
Neftçilər,20,2,0,Qarlı,0,100
Ziya Bünyadov,4,3,0,Yağışlı,0,60
Babək,10,4,0,Qarlı,1,87
Neftçilər,13,3,0,Açıq,0,51
Zərdabi,6,4,0,Açıq,0,24
Heydər Əliyev,7,6,1,Qarlı,0,74
Atatürk,2,0,0,Dumanlı,0,33
Atatürk,20,0,0,Yağışlı,0,85
Ziya Bünyadov,11,4,0,Qarlı,0,60
Heydər Əliyev,18,2,0,Dumanlı,0,81
Qara Qarayev,2,2,0,Açıq,1,37
Atatürk,16,2,0,Qarlı,0,67
Rəşid Behbudov,13,6,1,Dumanlı,1,74
Babək,9,5,1,Yağışlı,0,42
Babək,1,1,0,Qarlı,0,54
İstiqlaliyyət,10,1,0,Dumanlı,0,61
Ziya Bünyadov,7,6,1,Dumanlı,0,53
Qara Qarayev,10,0,0,Dumanlı,1,97
Babək,5,5,1,Dumanlı,0,38
Neftçilər,17,4,0,Dumanlı,1,100
Babək,19,1,0,Yağışlı,0,80
Babək,17,3,0,Yağışlı,0,90
Qara Qarayev,11,3,0,Dumanlı,0,68
Tbilisi,5,5,1,Yağışlı,0,38
Babək,8,5,1,Açıq,0,37
Qara Qarayev,20,6,1,Dumanlı,0,48
İstiqlaliyyət,16,0,0,Dumanlı,0,50
Rəşid Behbudov,13,2,0,Yağışlı,0,56
Babək,14,2,0,Açıq,0,32
Tbilisi,9,0,0,Yağışlı,0,85
İstiqlaliyyət,22,4,0,Qarlı,1,60
Rəşid Behbudov,6,6,1,Açıq,0,20
Qara Qarayev,20,0,0,Açıq,0,69
Rəşid Behbudov,6,2,0,Qarlı,1,67
Rəşid Behbudov,12,4,0,Dumanlı,0,59
Atatürk,23,5,1,Yağışlı,1,67
Babək,2,4,0,Qarlı,1,66
İstiqlaliyyət,15,1,0,Açıq,0,35
Rəşid Behbudov,22,0,0,Açıq,0,12
Atatürk,15,4,0,Yağışlı,0,55
Zərdabi,13,5,1,Yağışlı,0,56
Tbilisi,11,3,0,Açıq,0,29
Babək,20,1,0,Dumanlı,0,76
Tbilisi,18,6,1,Açıq,2,71
Zərdabi,14,5,1,Yağışlı,0,56
Zərdabi,10,1,0,Açıq,0,31
Heydər Əliyev,2,2,0,Açıq,1,47
Ziya Bünyadov,16,2,0,Qarlı,0,91
Rəşid Behbudov,13,0,0,Qarlı,0,85
İstiqlaliyyət,5,4,0,Yağışlı,0,37
Ziya Bünyadov,3,2,0,Dumanlı,0,46
Neftçilər,10,2,0,Açıq,0,48
İstiqlaliyyət,4,4,0,Dumanlı,0,28
Atatürk,7,5,1,Açıq,0,43
Babək,3,0,0,Dumanlı,0,37
Heydər Əliyev,21,5,1,Açıq,0,29
Qara Qarayev,21,0,0,Qarlı,0,49
Qara Qarayev,8,3,0,Açıq,0,67
Heydər Əliyev,20,3,0,Yağışlı,0,76
Ziya Bünyadov,3,1,0,Dumanlı,0,36
İstiqlaliyyət,6,4,0,Dumanlı,0,30
Babək,5,6,1,Qarlı,0,41
Zərdabi,6,3,0,Yağışlı,0,33
Tbilisi,21,2,0,Dumanlı,0,35
Atatürk,4,1,0,Yağışlı,0,41
Tbilisi,18,2,0,Açıq,0,65
Atatürk,13,6,1,Yağışlı,0,50
Neftçilər,5,3,0,Qarlı,1,66
İstiqlaliyyət,10,4,0,Açıq,0,42
Babək,12,4,0,Dumanlı,0,64
Qara Qarayev,11,1,0,Açıq,0,29
Ziya Bünyadov,18,4,0,Dumanlı,0,88
Ziya Bünyadov,12,3,0,Açıq,1,81
Tbilisi,17,3,0,Dumanlı,1,94
Ziya Bünyadov,23,2,0,Qarlı,0,59
Atatürk,20,3,0,Dumanlı,0,89
Rəşid Behbudov,21,3,0,Qarlı,1,68
Zərdabi,3,1,0,Yağışlı,0,37
Qara Qarayev,7,3,0,Yağışlı,0,91
Tbilisi,17,3,0,Dumanlı,1,100
Heydər Əliyev,18,6,1,Açıq,0,33
Heydər Əliyev,7,1,0,Dumanlı,0,79
Babək,17,2,0,Yağışlı,1,100
Heydər Əliyev,21,0,0,Yağışlı,0,35
Ziya Bünyadov,2,3,0,Qarlı,0,67
Ziya Bünyadov,21,2,0,Dumanlı,0,38
Babək,19,1,0,Açıq,0,67
Ziya Bünyadov,14,5,1,Yağışlı,0,70
Tbilisi,4,3,0,Açıq,2,74
İstiqlaliyyət,6,1,0,Yağışlı,0,47
Tbilisi,15,6,1,Dumanlı,0,48
Babək,5,2,0,Yağışlı,0,34
Heydər Əliyev,14,1,0,Açıq,0,26
Neftçilər,3,4,0,Açıq,0,10
Qara Qarayev,10,4,0,Yağışlı,0,61
Babək,18,5,1,Qarlı,0,69
Babək,22,1,0,Qarlı,1,75
İstiqlaliyyət,2,2,0,Açıq,0,23
Ziya Bünyadov,8,6,1,Qarlı,1,99
Rəşid Behbudov,18,2,0,Qarlı,0,100
Atatürk,18,6,1,Qarlı,0,68
Rəşid Behbudov,13,3,0,Qarlı,2,100
Neftçilər,4,3,0,Açıq,1,48
Babək,23,3,0,Qarlı,0,66
Neftçilər,16,5,1,Qarlı,1,82
Heydər Əliyev,17,5,1,Yağışlı,0,40
Rəşid Behbudov,3,2,0,Qarlı,0,51
Qara Qarayev,10,5,1,Açıq,0,40
Heydər Əliyev,7,1,0,Dumanlı,0,86
Atatürk,15,4,0,Açıq,0,42
Atatürk,19,5,1,Açıq,0,26
Tbilisi,9,1,0,Açıq,0,61
Rəşid Behbudov,7,6,1,Dumanlı,0,45
Neftçilər,7,5,1,Dumanlı,0,39
Heydər Əliyev,11,4,0,Yağışlı,1,85
Zərdabi,17,2,0,Qarlı,0,92
Heydər Əliyev,2,6,1,Yağışlı,0,50
Babək,10,0,0,Qarlı,0,64
Tbilisi,23,4,0,Qarlı,0,66
Tbilisi,14,6,1,Qarlı,0,90
Atatürk,23,1,0,Yağışlı,0,35
Ziya Bünyadov,18,3,0,Yağışlı,1,100
Ziya Bünyadov,1,0,0,Qarlı,0,57
Heydər Əliyev,17,2,0,Açıq,1,85
Neftçilər,8,3,0,Dumanlı,1,100
Tbilisi,13,1,0,Dumanlı,0,52
Tbilisi,10,1,0,Yağışlı,1,87
Qara Qarayev,21,4,0,Yağışlı,0,48
Heydər Əliyev,18,4,0,Dumanlı,1,99
Ziya Bünyadov,5,2,0,Açıq,0,38
Zərdabi,1,3,0,Yağışlı,0,51
Atatürk,14,1,0,Qarlı,1,94
Qara Qarayev,16,1,0,Yağışlı,0,61
İstiqlaliyyət,5,1,0,Dumanlı,2,87
İstiqlaliyyət,4,2,0,Yağışlı,1,51
Qara Qarayev,0,2,0,Dumanlı,0,41
Neftçilər,3,4,0,Dumanlı,0,26
Babək,21,2,0,Yağışlı,0,37
Atatürk,20,4,0,Açıq,0,62
Tbilisi,11,5,1,Dumanlı,0,40
Atatürk,2,1,0,Qarlı,1,74
Rəşid Behbudov,0,0,0,Dumanlı,0,29
Rəşid Behbudov,12,0,0,Qarlı,1,87
Tbilisi,1,6,1,Dumanlı,0,31
Qara Qarayev,13,0,0,Açıq,0,20
Qara Qarayev,0,3,0,Qarlı,0,63
Ziya Bünyadov,22,5,1,Qarlı,0,72
Babək,16,5,1,Açıq,0,57
Atatürk,13,4,0,Yağışlı,0,52
Ziya Bünyadov,8,0,0,Yağışlı,0,100
Ziya Bünyadov,7,4,0,Qarlı,0,100
Tbilisi,19,1,0,Açıq,0,51
Neftçilər,21,3,0,Açıq,0,29
Neftçilər,13,1,0,Dumanlı,0,61
Zərdabi,2,2,0,Açıq,0,15
Ziya Bünyadov,5,5,1,Yağışlı,0,37
Ziya Bünyadov,15,5,1,Açıq,0,50
Rəşid Behbudov,2,4,0,Yağışlı,0,30
Neftçilər,0,0,0,Qarlı,1,63
Qara Qarayev,16,1,0,Yağışlı,0,41
Qara Qarayev,15,1,0,Yağışlı,0,53
İstiqlaliyyət,7,2,0,Yağışlı,0,85
Heydər Əliyev,12,0,0,Açıq,1,68
Heydər Əliyev,21,1,0,Qarlı,0,53
Neftçilər,16,0,0,Dumanlı,0,48
Qara Qarayev,21,1,0,Açıq,3,82
Qara Qarayev,16,2,0,Yağışlı,0,59
Neftçilər,2,3,0,Açıq,0,18
Atatürk,20,0,0,Qarlı,0,95
Qara Qarayev,18,2,0,Açıq,0,62
Neftçilər,13,5,1,Yağışlı,0,63
Ziya Bünyadov,4,3,0,Açıq,1,54
Rəşid Behbudov,21,4,0,Yağışlı,0,44
Heydər Əliyev,6,0,0,Dumanlı,1,55
Neftçilər,14,2,0,Qarlı,0,77
Babək,14,2,0,Açıq,0,47
İstiqlaliyyət,20,2,0,Yağışlı,0,80
Qara Qarayev,13,4,0,Açıq,0,31
Zərdabi,18,0,0,Dumanlı,0,65
Neftçilər,3,1,0,Açıq,0,27
Neftçilər,22,1,0,Dumanlı,0,23
Atatürk,14,1,0,Yağışlı,0,60
Babək,23,6,1,Dumanlı,0,28
Rəşid Behbudov,21,6,1,Yağışlı,0,37
Tbilisi,3,5,1,Açıq,0,13
Tbilisi,7,4,0,Qarlı,0,98
Atatürk,13,4,0,Yağışlı,0,63
Rəşid Behbudov,7,4,0,Dumanlı,0,84
Tbilisi,10,1,0,Açıq,1,66
Rəşid Behbudov,5,5,1,Açıq,0,15
Tbilisi,15,4,0,Yağışlı,0,61
Neftçilər,11,3,0,Dumanlı,0,48
Rəşid Behbudov,17,6,1,Dumanlı,0,60
Ziya Bünyadov,5,1,0,Dumanlı,0,40
Atatürk,15,4,0,Dumanlı,0,67
Qara Qarayev,2,4,0,Açıq,2,56
Babək,0,5,1,Açıq,0,12
Rəşid Behbudov,16,4,0,Yağışlı,0,50
Neftçilər,13,1,0,Qarlı,0,76
Neftçilər,7,2,0,Qarlı,0,100
Heydər Əliyev,9,5,1,Açıq,1,64
Atatürk,8,2,0,Açıq,1,90
Tbilisi,21,0,0,Açıq,0,15
Tbilisi,22,1,0,Yağışlı,0,40
Atatürk,4,0,0,Dumanlı,0,34
Babək,1,3,0,Qarlı,0,52
Zərdabi,9,1,0,Açıq,0,63
Neftçilər,5,6,1,Qarlı,0,54
Neftçilər,14,5,1,Yağışlı,0,68
Ziya Bünyadov,16,4,0,Qarlı,0,79
Tbilisi,14,6,1,Dumanlı,0,57
Neftçilər,22,1,0,Yağışlı,0,43
Heydər Əliyev,23,5,1,Yağışlı,0,39
Ziya Bünyadov,21,5,1,Açıq,2,76
Rəşid Behbudov,16,5,1,Dumanlı,0,54
Ziya Bünyadov,9,0,0,Yağışlı,1,100
Tbilisi,5,0,0,Dumanlı,0,36
Atatürk,0,3,0,Qarlı,0,59
İstiqlaliyyət,18,1,0,Yağışlı,0,91
Rəşid Behbudov,23,5,1,Yağışlı,1,66
Rəşid Behbudov,12,2,0,Yağışlı,0,74
Rəşid Behbudov,14,1,0,Qarlı,0,72
Neftçilər,5,6,1,Yağışlı,1,65
Zərdabi,10,2,0,Qarlı,0,84
İstiqlaliyyət,15,5,1,Açıq,0,40
Heydər Əliyev,1,2,0,Dumanlı,0,30
Tbilisi,20,6,1,Qarlı,0,73
Rəşid Behbudov,0,0,0,Açıq,0,11
Neftçilər,0,1,0,Yağışlı,0,39
Zərdabi,0,6,1,Qarlı,0,52
Ziya Bünyadov,4,3,0,Qarlı,0,70
Zərdabi,15,2,0,Açıq,0,31
Atatürk,5,3,0,Qarlı,0,63
Neftçilər,14,2,0,Yağışlı,1,92
Neftçilər,9,1,0,Dumanlı,0,93
Ziya Bünyadov,14,5,1,Açıq,0,52
Heydər Əliyev,21,0,0,Dumanlı,0,35
Heydər Əliyev,18,2,0,Qarlı,0,100
Tbilisi,15,4,0,Yağışlı,0,62
İstiqlaliyyət,16,5,1,Qarlı,0,61
Ziya Bünyadov,4,2,0,Yağışlı,2,90
Zərdabi,1,6,1,Yağışlı,0,39
Babək,19,0,0,Qarlı,0,88
Zərdabi,23,6,1,Açıq,0,10
Qara Qarayev,22,2,0,Açıq,0,13
Qara Qarayev,6,4,0,Açıq,0,21
Tbilisi,6,6,1,Dumanlı,1,41
Tbilisi,16,1,0,Qarlı,0,64
Babək,12,2,0,Qarlı,0,66
Heydər Əliyev,13,2,0,Yağışlı,1,78
Neftçilər,20,2,0,Yağışlı,0,83
Atatürk,11,6,1,Dumanlı,0,51
Ziya Bünyadov,19,0,0,Yağışlı,0,100
Neftçilər,0,0,0,Qarlı,0,44
Tbilisi,2,6,1,Qarlı,0,53
Heydər Əliyev,20,5,1,Dumanlı,0,59
Tbilisi,23,3,0,Açıq,2,76
İstiqlaliyyət,11,4,0,Dumanlı,0,58
Zərdabi,5,4,0,Açıq,0,14
Zərdabi,5,3,0,Açıq,0,19
Atatürk,19,6,1,Qarlı,0,64
Atatürk,19,6,1,Açıq,0,38
İstiqlaliyyət,5,3,0,Dumanlı,0,28
Zərdabi,7,5,1,Yağışlı,0,45
Rəşid Behbudov,2,6,1,Qarlı,1,71
Atatürk,15,6,1,Dumanlı,0,60
Heydər Əliyev,18,1,0,Qarlı,0,97
Tbilisi,5,1,0,Yağışlı,0,31
Zərdabi,11,5,1,Açıq,1,65
Qara Qarayev,22,3,0,Dumanlı,1,49
Tbilisi,13,6,1,Dumanlı,1,82
Atatürk,12,2,0,Qarlı,1,75
Heydər Əliyev,18,6,1,Qarlı,0,70
Babək,5,6,1,Açıq,0,11
Tbilisi,14,4,0,Açıq,0,22
Heydər Əliyev,14,1,0,Yağışlı,2,95
Qara Qarayev,18,5,1,Dumanlı,0,45
Zərdabi,18,2,0,Açıq,0,65
Babək,20,1,0,Qarlı,0,100
Heydər Əliyev,2,6,1,Yağışlı,0,48
İstiqlaliyyət,0,2,0,Yağışlı,1,72
Neftçilər,19,2,0,Dumanlı,0,84
İstiqlaliyyət,6,0,0,Dumanlı,0,28
Atatürk,20,1,0,Dumanlı,0,86
Ziya Bünyadov,23,0,0,Açıq,2,54
Babək,9,2,0,Yağışlı,0,92
Qara Qarayev,2,5,1,Qarlı,0,61
Neftçilər,23,3,0,Açıq,0,24
Babək,14,5,1,Yağışlı,1,70
Babək,6,1,0,Dumanlı,0,45
İstiqlaliyyət,7,2,0,Açıq,0,84
Ziya Bünyadov,11,3,0,Qarlı,0,81
İstiqlaliyyət,23,2,0,Dumanlı,1,55
Rəşid Behbudov,10,4,0,Yağışlı,0,54
İstiqlaliyyət,7,3,0,Yağışlı,1,100
Babək,23,1,0,Qarlı,0,61
Zərdabi,16,5,1,Qarlı,0,75
Heydər Əliyev,7,0,0,Yağışlı,1,86
Ziya Bünyadov,16,2,0,Açıq,0,52
Tbilisi,18,5,1,Dumanlı,0,40
Qara Qarayev,5,0,0,Açıq,0,30
Tbilisi,1,6,1,Qarlı,1,86
Tbilisi,2,0,0,Qarlı,0,39
Zərdabi,5,2,0,Dumanlı,0,33
Heydər Əliyev,15,6,1,Açıq,0,42
Atatürk,16,4,0,Yağışlı,0,53
Atatürk,5,0,0,Yağışlı,0,31
Neftçilər,12,6,1,Yağışlı,0,66
Qara Qarayev,7,3,0,Açıq,0,62
Rəşid Behbudov,23,1,0,Qarlı,0,56
Zərdabi,12,5,1,Qarlı,0,54
Ziya Bünyadov,22,0,0,Dumanlı,0,42
Rəşid Behbudov,17,6,1,Açıq,0,36
Zərdabi,14,1,0,Dumanlı,0,47
Ziya Bünyadov,6,6,1,Dumanlı,1,63
Babək,3,4,0,Dumanlı,0,27
Qara Qarayev,20,4,0,Yağışlı,0,97
Ziya Bünyadov,13,3,0,Dumanlı,0,62
Tbilisi,22,6,1,Dumanlı,0,35
Tbilisi,4,4,0,Dumanlı,1,41
Atatürk,14,3,0,Yağışlı,0,63
Tbilisi,15,1,0,Dumanlı,2,100
Tbilisi,10,2,0,Dumanlı,1,58
Zərdabi,1,3,0,Açıq,1,39
İstiqlaliyyət,22,3,0,Qarlı,0,42
Heydər Əliyev,14,1,0,Dumanlı,0,51
Babək,19,0,0,Yağışlı,0,78
Atatürk,7,4,0,Açıq,0,67
Heydər Əliyev,8,2,0,Dumanlı,0,67
Rəşid Behbudov,2,2,0,Açıq,0,20
Atatürk,4,4,0,Açıq,0,30
Atatürk,15,5,1,Açıq,2,75
Qara Qarayev,5,2,0,Açıq,0,22
İstiqlaliyyət,22,0,0,Dumanlı,0,23
İstiqlaliyyət,4,6,1,Qarlı,0,52
Qara Qarayev,3,2,0,Dumanlı,1,47
İstiqlaliyyət,7,1,0,Qarlı,0,95
Atatürk,17,1,0,Yağışlı,0,98
Babək,5,3,0,Dumanlı,0,36
Rəşid Behbudov,15,6,1,Qarlı,1,85
Ziya Bünyadov,17,5,1,Qarlı,0,59
Heydər Əliyev,13,6,1,Açıq,1,52
Atatürk,3,5,1,Açıq,0,10
Tbilisi,3,1,0,Qarlı,0,47
Rəşid Behbudov,4,5,1,Dumanlı,0,29
Rəşid Behbudov,4,2,0,Yağışlı,0,47
Qara Qarayev,23,2,0,Açıq,0,19
Tbilisi,18,4,0,Yağışlı,0,89
Atatürk,23,5,1,Dumanlı,0,43
Heydər Əliyev,11,2,0,Dumanlı,0,54
Neftçilər,2,4,0,Açıq,0,29
Babək,20,5,1,Açıq,1,67
Neftçilər,14,1,0,Açıq,0,23
Rəşid Behbudov,22,0,0,Açıq,0,18
Babək,18,2,0,Açıq,0,59
Zərdabi,4,5,1,Dumanlı,1,56
Zərdabi,0,2,0,Açıq,0,30
Zərdabi,15,3,0,Açıq,1,59
Tbilisi,6,1,0,Dumanlı,1,48
Neftçilər,2,6,1,Qarlı,0,67
Tbilisi,10,4,0,Açıq,0,57
Atatürk,1,3,0,Açıq,0,25
Neftçilər,21,6,1,Qarlı,0,45
Babək,12,6,1,Yağışlı,0,55
Babək,21,0,0,Qarlı,0,54
Ziya Bünyadov,16,3,0,Dumanlı,1,87
Neftçilər,6,5,1,Dumanlı,0,39
Qara Qarayev,9,4,0,Dumanlı,0,67
Rəşid Behbudov,13,2,0,Qarlı,0,63
Qara Qarayev,19,5,1,Qarlı,0,71
Rəşid Behbudov,2,6,1,Yağışlı,0,38
Zərdabi,17,2,0,Yağışlı,0,100
Heydər Əliyev,23,5,1,Qarlı,1,74
Heydər Əliyev,8,6,1,Dumanlı,0,35
Atatürk,19,1,0,Yağışlı,0,95
Zərdabi,2,1,0,Qarlı,0,49
Tbilisi,11,2,0,Dumanlı,0,50
Rəşid Behbudov,4,4,0,Açıq,0,15
Ziya Bünyadov,8,4,0,Qarlı,0,100
Babək,11,6,1,Dumanlı,0,63
İstiqlaliyyət,3,5,1,Yağışlı,0,31
Atatürk,0,0,0,Qarlı,0,57
Ziya Bünyadov,15,6,1,Açıq,0,68
Zərdabi,19,6,1,Yağışlı,0,58
Zərdabi,4,6,1,Dumanlı,1,53
Qara Qarayev,6,0,0,Açıq,1,43
Atatürk,17,4,0,Yağışlı,0,100
Zərdabi,17,1,0,Dumanlı,1,100
Atatürk,2,1,0,Qarlı,0,42
Rəşid Behbudov,15,4,0,Yağışlı,3,100
Rəşid Behbudov,16,3,0,Yağışlı,0,63
Atatürk,10,6,1,Qarlı,0,71
Ziya Bünyadov,16,1,0,Qarlı,0,85
İstiqlaliyyət,15,5,1,Yağışlı,0,50
Qara Qarayev,19,6,1,Dumanlı,0,38
Babək,18,0,0,Açıq,1,99
Babək,10,3,0,Qarlı,0,61
Babək,9,3,0,Açıq,2,100
Zərdabi,19,2,0,Yağışlı,1,100
İstiqlaliyyət,22,1,0,Yağışlı,0,32
Zərdabi,8,2,0,Yağışlı,1,100
Tbilisi,4,4,0,Dumanlı,0,42
Zərdabi,20,4,0,Dumanlı,0,73
Rəşid Behbudov,12,4,0,Yağışlı,0,64
Ziya Bünyadov,2,1,0,Dumanlı,0,38
Tbilisi,9,3,0,Dumanlı,1,100
Tbilisi,15,1,0,Açıq,0,23
Babək,20,0,0,Yağışlı,0,100
Atatürk,23,4,0,Qarlı,1,82
Rəşid Behbudov,11,6,1,Yağışlı,0,56
Atatürk,8,2,0,Yağışlı,0,82
Neftçilər,17,4,0,Açıq,0,67
Qara Qarayev,13,5,1,Dumanlı,0,36
Ziya Bünyadov,20,1,0,Açıq,0,86
Neftçilər,9,4,0,Yağışlı,0,78
Heydər Əliyev,23,3,0,Yağışlı,1,43
İstiqlaliyyət,17,1,0,Açıq,1,96
Tbilisi,4,2,0,Yağışlı,2,93
Neftçilər,14,2,0,Açıq,0,36
Tbilisi,5,2,0,Qarlı,2,89
Neftçilər,11,0,0,Dumanlı,0,51
İstiqlaliyyət,15,0,0,Yağışlı,0,58
Ziya Bünyadov,8,3,0,Açıq,0,69
Heydər Əliyev,12,1,0,Dumanlı,0,44
Zərdabi,2,2,0,Yağışlı,0,52
Neftçilər,4,1,0,Qarlı,0,63
Qara Qarayev,3,0,0,Yağışlı,2,85
Atatürk,14,3,0,Qarlı,0,91
Tbilisi,14,1,0,Yağışlı,0,56
Tbilisi,9,4,0,Yağışlı,1,100
Atatürk,20,1,0,Qarlı,1,100
Neftçilər,9,5,1,Qarlı,0,70
Heydər Əliyev,11,4,0,Yağışlı,1,86
Ziya Bünyadov,7,6,1,Açıq,0,50
Atatürk,5,3,0,Dumanlı,1,55
Tbilisi,1,4,0,Dumanlı,3,82
Atatürk,2,5,1,Dumanlı,2,64
İstiqlaliyyət,17,0,0,Yağışlı,0,96
İstiqlaliyyət,9,4,0,Yağışlı,2,100
Qara Qarayev,0,0,0,Dumanlı,0,28
Ziya Bünyadov,8,3,0,Dumanlı,0,99
Neftçilər,9,1,0,Açıq,0,65
İstiqlaliyyət,3,0,0,Qarlı,0,44
Tbilisi,2,4,0,Yağışlı,1,55
Ziya Bünyadov,22,3,0,Açıq,0,39
Neftçilər,1,0,0,Qarlı,0,61
Atatürk,5,5,1,Qarlı,0,49
İstiqlaliyyət,4,1,0,Qarlı,0,58
Tbilisi,1,2,0,Qarlı,2,91
Babək,18,1,0,Qarlı,0,96
Qara Qarayev,9,1,0,Qarlı,0,88
Zərdabi,15,1,0,Yağışlı,0,69
Atatürk,5,5,1,Yağışlı,0,55
Ziya Bünyadov,2,3,0,Açıq,0,32
Atatürk,4,5,1,Qarlı,0,38
Atatürk,20,1,0,Yağışlı,0,68
Tbilisi,1,1,0,Açıq,0,12
Atatürk,10,3,0,Açıq,0,46
Tbilisi,16,6,1,Dumanlı,0,70
Zərdabi,6,1,0,Açıq,0,20
İstiqlaliyyət,11,0,0,Qarlı,0,79
Zərdabi,17,4,0,Dumanlı,0,78
Heydər Əliyev,12,1,0,Açıq,0,36
Rəşid Behbudov,19,4,0,Dumanlı,0,97
Atatürk,16,0,0,Yağışlı,1,66
Tbilisi,6,5,1,Açıq,0,26
Heydər Əliyev,20,0,0,Qarlı,0,100
Babək,22,0,0,Açıq,0,21
İstiqlaliyyət,17,3,0,Dumanlı,0,81
Ziya Bünyadov,18,0,0,Qarlı,0,100
Heydər Əliyev,10,4,0,Dumanlı,0,41
Qara Qarayev,4,4,0,Qarlı,0,49
Ziya Bünyadov,18,4,0,Dumanlı,0,98
Zərdabi,23,2,0,Dumanlı,0,22
Heydər Əliyev,15,3,0,Dumanlı,0,74
Neftçilər,20,4,0,Qarlı,0,95
Babək,17,3,0,Dumanlı,1,96
Qara Qarayev,0,2,0,Dumanlı,0,33
Atatürk,23,4,0,Qarlı,0,49
Babək,15,4,0,Qarlı,2,100
Heydər Əliyev,14,6,1,Açıq,1,59
İstiqlaliyyət,20,4,0,Açıq,0,82
Zərdabi,0,4,0,Yağışlı,0,32
Qara Qarayev,1,5,1,Açıq,1,34
Qara Qarayev,8,6,1,Yağışlı,0,40
İstiqlaliyyət,3,1,0,Yağışlı,1,59
Atatürk,9,5,1,Açıq,0,45
İstiqlaliyyət,21,1,0,Qarlı,0,52
Ziya Bünyadov,13,6,1,Dumanlı,0,58
İstiqlaliyyət,3,4,0,Açıq,0,30
Heydər Əliyev,16,3,0,Dumanlı,0,40
Atatürk,20,3,0,Qarlı,0,85
İstiqlaliyyət,7,2,0,Yağışlı,0,74
Zərdabi,8,5,1,Dumanlı,0,58
Ziya Bünyadov,9,1,0,Yağışlı,0,100
Atatürk,21,4,0,Dumanlı,0,36
Ziya Bünyadov,16,5,1,Açıq,0,42
Ziya Bünyadov,23,2,0,Dumanlı,0,48
Tbilisi,16,3,0,Yağışlı,0,58
Neftçilər,21,4,0,Dumanlı,0,38
Atatürk,11,6,1,Qarlı,1,87
Tbilisi,9,0,0,Yağışlı,1,86
Rəşid Behbudov,8,1,0,Qarlı,0,100
Ziya Bünyadov,15,0,0,Açıq,0,34
Zərdabi,16,6,1,Dumanlı,0,37
İstiqlaliyyət,13,2,0,Dumanlı,0,57
Zərdabi,11,3,0,Açıq,0,31
Heydər Əliyev,4,2,0,Qarlı,0,62
Tbilisi,14,5,1,Açıq,2,78
İstiqlaliyyət,18,4,0,Qarlı,0,100
Heydər Əliyev,18,1,0,Yağışlı,0,87
Ziya Bünyadov,16,0,0,Açıq,0,66
Neftçilər,9,5,1,Açıq,0,44
Neftçilər,22,0,0,Açıq,0,12
Atatürk,14,4,0,Qarlı,0,50
Qara Qarayev,17,2,0,Dumanlı,0,78
Rəşid Behbudov,17,0,0,Dumanlı,2,100
Atatürk,21,6,1,Yağışlı,0,40
Ziya Bünyadov,12,4,0,Açıq,0,62
Zərdabi,15,0,0,Qarlı,0,62
Neftçilər,5,5,1,Qarlı,0,40
Heydər Əliyev,14,3,0,Açıq,2,79
Tbilisi,17,5,1,Açıq,2,63
Tbilisi,1,4,0,Yağışlı,0,43
Ziya Bünyadov,2,0,0,Dumanlı,0,40
Ziya Bünyadov,22,6,1,Qarlı,0,71
Atatürk,10,6,1,Dumanlı,0,45
Babək,21,0,0,Yağışlı,0,46
Zərdabi,17,0,0,Qarlı,0,100
Neftçilər,14,0,0,Qarlı,0,66
Qara Qarayev,12,1,0,Yağışlı,0,60
Rəşid Behbudov,15,0,0,Açıq,0,56
Atatürk,23,5,1,Açıq,0,26
Ziya Bünyadov,16,5,1,Açıq,0,53
Neftçilər,6,5,1,Dumanlı,0,32
Atatürk,4,5,1,Yağışlı,0,51
Rəşid Behbudov,17,3,0,Yağışlı,0,100
İstiqlaliyyət,17,2,0,Qarlı,0,100
Ziya Bünyadov,5,0,0,Yağışlı,0,50
Rəşid Behbudov,12,0,0,Dumanlı,0,61
Neftçilər,2,5,1,Dumanlı,0,30
Atatürk,10,1,0,Dumanlı,0,50
Ziya Bünyadov,18,3,0,Açıq,0,83
Atatürk,21,6,1,Dumanlı,0,44
Neftçilər,4,0,0,Qarlı,0,43
Ziya Bünyadov,9,2,0,Yağışlı,0,97
Heydər Əliyev,21,3,0,Açıq,0,26
Rəşid Behbudov,13,0,0,Qarlı,2,96
Heydər Əliyev,16,4,0,Yağışlı,0,65
Qara Qarayev,5,5,1,Qarlı,0,41
Qara Qarayev,5,5,1,Yağışlı,0,32
Babək,13,3,0,Dumanlı,0,31
Neftçilər,17,1,0,Dumanlı,0,86
Rəşid Behbudov,0,2,0,Yağışlı,0,48
İstiqlaliyyət,5,0,0,Qarlı,0,53
Heydər Əliyev,21,4,0,Qarlı,0,63
Babək,6,6,1,Açıq,0,16
Neftçilər,20,2,0,Açıq,0,86
Atatürk,12,2,0,Qarlı,0,79
Zərdabi,19,0,0,Dumanlı,0,81
Rəşid Behbudov,10,0,0,Yağışlı,0,61
Atatürk,1,4,0,Dumanlı,0,35
Neftçilər,18,1,0,Qarlı,0,100
Tbilisi,7,1,0,Dumanlı,0,90
Tbilisi,9,6,1,Qarlı,0,74
Babək,11,1,0,Dumanlı,0,51
Babək,12,5,1,Dumanlı,2,84
Neftçilər,2,2,0,Dumanlı,1,65
Heydər Əliyev,18,6,1,Dumanlı,0,43
Babək,2,4,0,Qarlı,2,100
Babək,11,1,0,Yağışlı,0,60
İstiqlaliyyət,22,3,0,Qarlı,0,40
Atatürk,14,5,1,Qarlı,0,81
Tbilisi,16,3,0,Açıq,1,66
Atatürk,23,6,1,Dumanlı,0,34
Ziya Bünyadov,16,3,0,Yağışlı,0,79
Babək,18,4,0,Yağışlı,1,100
Heydər Əliyev,9,3,0,Qarlı,0,91
Tbilisi,21,4,0,Dumanlı,0,25
Neftçilər,1,4,0,Açıq,0,30
Tbilisi,17,1,0,Açıq,0,71
Atatürk,12,6,1,Qarlı,0,70
Tbilisi,2,2,0,Qarlı,0,60
Atatürk,16,4,0,Qarlı,0,80
Atatürk,3,5,1,Dumanlı,0,35
Zərdabi,6,6,1,Dumanlı,0,32
Qara Qarayev,12,2,0,Açıq,0,39
Atatürk,1,2,0,Yağışlı,1,47
Atatürk,4,4,0,Dumanlı,0,32
Heydər Əliyev,22,0,0,Dumanlı,0,26
Ziya Bünyadov,23,1,0,Açıq,0,20
Atatürk,17,3,0,Açıq,1,97
Qara Qarayev,9,3,0,Dumanlı,2,100
Atatürk,10,0,0,Qarlı,0,86
Tbilisi,18,6,1,Yağışlı,0,41
Rəşid Behbudov,1,5,1,Qarlı,1,79
Babək,15,4,0,Qarlı,0,79
Babək,11,3,0,Açıq,1,61
Tbilisi,18,3,0,Yağışlı,0,86
Qara Qarayev,22,2,0,Dumanlı,0,39
Tbilisi,23,5,1,Açıq,0,26
Zərdabi,3,1,0,Açıq,0,17
Atatürk,12,1,0,Yağışlı,0,66
Tbilisi,11,0,0,Dumanlı,0,55
Qara Qarayev,3,0,0,Qarlı,0,52
Ziya Bünyadov,16,4,0,Qarlı,0,100
Neftçilər,14,2,0,Qarlı,0,63
Babək,10,1,0,Yağışlı,0,65
Rəşid Behbudov,8,6,1,Qarlı,0,51
İstiqlaliyyət,5,0,0,Qarlı,0,58
Rəşid Behbudov,22,2,0,Qarlı,1,66
Neftçilər,1,3,0,Açıq,2,68
Atatürk,17,0,0,Yağışlı,0,97
Qara Qarayev,18,6,1,Qarlı,2,100
Zərdabi,14,1,0,Açıq,0,36
Tbilisi,20,3,0,Yağışlı,0,84
Heydər Əliyev,13,6,1,Dumanlı,0,53
Ziya Bünyadov,16,1,0,Açıq,3,100
Atatürk,14,5,1,Açıq,0,48
Ziya Bünyadov,8,6,1,Yağışlı,0,71
Rəşid Behbudov,10,5,1,Qarlı,0,67
Heydər Əliyev,20,6,1,Dumanlı,0,44
Zərdabi,9,4,0,Qarlı,0,100
Zərdabi,19,1,0,Açıq,0,71
İstiqlaliyyət,11,4,0,Qarlı,0,67
Neftçilər,1,1,0,Yağışlı,1,48
Qara Qarayev,14,2,0,Açıq,0,44
Ziya Bünyadov,22,6,1,Yağışlı,0,43
Heydər Əliyev,15,1,0,Açıq,0,36
Atatürk,17,2,0,Qarlı,1,100
Rəşid Behbudov,5,0,0,Dumanlı,0,31
Ziya Bünyadov,2,0,0,Qarlı,2,100
Tbilisi,22,3,0,Qarlı,1,77
Neftçilər,6,0,0,Qarlı,0,58
Rəşid Behbudov,10,5,1,Açıq,1,77
Ziya Bünyadov,13,1,0,Dumanlı,0,74
Neftçilər,18,3,0,Yağışlı,0,93
Atatürk,19,0,0,Qarlı,0,100
Ziya Bünyadov,17,0,0,Yağışlı,1,100
Qara Qarayev,11,1,0,Yağışlı,0,67
Qara Qarayev,15,3,0,Yağışlı,0,45
Tbilisi,3,3,0,Yağışlı,0,48
Qara Qarayev,10,5,1,Yağışlı,0,66
Zərdabi,17,1,0,Yağışlı,0,92
Zərdabi,17,1,0,Qarlı,0,92
Zərdabi,9,1,0,Dumanlı,0,100
Atatürk,23,2,0,Dumanlı,0,38
Tbilisi,13,4,0,Açıq,0,34
Neftçilər,2,3,0,Açıq,0,26
Zərdabi,2,2,0,Qarlı,0,54
Tbilisi,21,3,0,Yağışlı,0,27
Tbilisi,17,5,1,Açıq,1,39
Neftçilər,0,2,0,Dumanlı,0,42
Rəşid Behbudov,7,2,0,Yağışlı,0,89
Heydər Əliyev,4,1,0,Dumanlı,0,31
İstiqlaliyyət,3,4,0,Dumanlı,1,57
Tbilisi,14,1,0,Qarlı,0,68
Qara Qarayev,13,2,0,Qarlı,2,100
Neftçilər,18,6,1,Qarlı,0,60
İstiqlaliyyət,12,3,0,Qarlı,0,63
İstiqlaliyyət,2,5,1,Açıq,0,12
Qara Qarayev,4,0,0,Dumanlı,0,33
Qara Qarayev,2,6,1,Dumanlı,0,36
Qara Qarayev,17,6,1,Açıq,0,34
Atatürk,20,0,0,Yağışlı,0,97
Zərdabi,6,0,0,Dumanlı,0,36
Rəşid Behbudov,1,2,0,Qarlı,0,64
Neftçilər,4,1,0,Qarlı,0,55
Zərdabi,6,4,0,Dumanlı,0,35
Atatürk,21,1,0,Açıq,0,29
Ziya Bünyadov,21,6,1,Qarlı,0,69
Heydər Əliyev,7,1,0,Qarlı,1,100
Ziya Bünyadov,19,3,0,Açıq,3,100
Atatürk,13,4,0,Yağışlı,0,63
Babək,4,1,0,Dumanlı,0,39
Atatürk,0,3,0,Yağışlı,0,35
Heydər Əliyev,23,0,0,Yağışlı,0,40
Babək,15,6,1,Qarlı,0,64
Ziya Bünyadov,16,4,0,Yağışlı,0,79
İstiqlaliyyət,8,0,0,Açıq,0,71
Tbilisi,22,0,0,Dumanlı,0,30
Ziya Bünyadov,20,0,0,Yağışlı,0,90
Tbilisi,8,3,0,Yağışlı,0,82
Neftçilər,2,1,0,Dumanlı,0,39
Atatürk,14,4,0,Yağışlı,0,52
Babək,11,6,1,Qarlı,0,56
Zərdabi,3,2,0,Dumanlı,0,27
Rəşid Behbudov,2,5,1,Açıq,3,69
Neftçilər,6,4,0,Yağışlı,0,48
Heydər Əliyev,9,6,1,Dumanlı,0,36
Rəşid Behbudov,20,0,0,Qarlı,0,95
Neftçilər,3,4,0,Yağışlı,0,31
Neftçilər,19,5,1,Qarlı,0,78
Atatürk,2,4,0,Dumanlı,0,31
Babək,18,1,0,Açıq,0,73
Heydər Əliyev,4,5,1,Qarlı,1,65
Heydər Əliyev,8,1,0,Qarlı,0,86
Qara Qarayev,5,6,1,Açıq,1,41
Zərdabi,1,4,0,Dumanlı,0,32
Babək,20,5,1,Yağışlı,0,60
Babək,22,2,0,Qarlı,0,47
Qara Qarayev,21,0,0,Dumanlı,0,26
Zərdabi,16,0,0,Qarlı,0,83
Tbilisi,9,3,0,Dumanlı,0,85
Tbilisi,0,1,0,Qarlı,1,73
Heydər Əliyev,17,4,0,Yağışlı,1,100
Neftçilər,4,4,0,Dumanlı,0,38
Babək,21,6,1,Yağışlı,0,32
Heydər Əliyev,5,5,1,Dumanlı,0,34
Qara Qarayev,4,2,0,Dumanlı,0,37
Qara Qarayev,15,6,1,Dumanlı,1,69
İstiqlaliyyət,20,4,0,Qarlı,3,100
Tbilisi,16,0,0,Dumanlı,0,34
Tbilisi,16,6,1,Dumanlı,0,38
Heydər Əliyev,16,1,0,Yağışlı,0,61
İstiqlaliyyət,2,3,0,Açıq,0,29
Rəşid Behbudov,0,5,1,Qarlı,0,56
Ziya Bünyadov,6,3,0,Açıq,0,35
Atatürk,3,2,0,Açıq,0,14
Heydər Əliyev,1,3,0,Açıq,0,15
İstiqlaliyyət,17,1,0,Dumanlı,0,82
Tbilisi,17,4,0,Dumanlı,0,89
Babək,7,5,1,Açıq,2,74
Qara Qarayev,11,0,0,Açıq,0,44
Zərdabi,6,4,0,Yağışlı,0,28
İstiqlaliyyət,13,0,0,Açıq,1,61
Atatürk,4,3,0,Açıq,0,29
Rəşid Behbudov,7,1,0,Açıq,0,58
Babək,17,6,1,Dumanlı,0,42
Tbilisi,11,2,0,Açıq,0,50
Heydər Əliyev,21,2,0,Yağışlı,0,30
Babək,14,0,0,Yağışlı,0,66
Atatürk,9,4,0,Yağışlı,0,73
Neftçilər,17,0,0,Qarlı,0,100
Babək,8,2,0,Qarlı,1,100
İstiqlaliyyət,19,2,0,Dumanlı,0,74
Qara Qarayev,6,1,0,Açıq,3,75
Ziya Bünyadov,22,3,0,Yağışlı,0,43
İstiqlaliyyət,4,0,0,Yağışlı,1,69
Heydər Əliyev,20,2,0,Qarlı,0,100
Ziya Bünyadov,6,5,1,Qarlı,0,51
Qara Qarayev,8,3,0,Dumanlı,0,82
Rəşid Behbudov,19,6,1,Açıq,0,47
Zərdabi,0,0,0,Dumanlı,0,32
Zərdabi,3,3,0,Qarlı,0,56
Tbilisi,14,6,1,Yağışlı,1,76
İstiqlaliyyət,17,1,0,Açıq,0,76
Neftçilər,6,1,0,Açıq,0,26
Atatürk,21,4,0,Açıq,0,28
Ziya Bünyadov,4,3,0,Yağışlı,1,62
Neftçilər,1,5,1,Qarlı,1,77
Babək,19,1,0,Dumanlı,1,100
Ziya Bünyadov,22,5,1,Yağışlı,0,51
Zərdabi,12,1,0,Dumanlı,0,40
Rəşid Behbudov,7,3,0,Qarlı,0,89
Tbilisi,15,1,0,Yağışlı,0,52
Zərdabi,6,1,0,Qarlı,0,41
Atatürk,19,1,0,Açıq,0,73
Neftçilər,18,0,0,Qarlı,0,100
Rəşid Behbudov,22,2,0,Yağışlı,0,41
Heydər Əliyev,7,6,1,Dumanlı,0,64
Rəşid Behbudov,3,4,0,Açıq,0,26
Heydər Əliyev,2,1,0,Qarlı,0,69
Ziya Bünyadov,4,2,0,Açıq,0,26
Zərdabi,22,4,0,Dumanlı,0,44
Rəşid Behbudov,14,2,0,Yağışlı,0,69
Rəşid Behbudov,4,1,0,Açıq,0,17
Rəşid Behbudov,17,2,0,Yağışlı,0,86
Atatürk,1,0,0,Açıq,2,51
Babək,5,6,1,Qarlı,0,42
Neftçilər,18,6,1,Dumanlı,0,40
Heydər Əliyev,12,2,0,Dumanlı,3,100
Qara Qarayev,2,1,0,Açıq,0,10
Rəşid Behbudov,6,0,0,Yağışlı,0,41
Zərdabi,10,5,1,Qarlı,0,68
Neftçilər,20,2,0,Dumanlı,0,86
Ziya Bünyadov,11,5,1,Yağışlı,0,77
Neftçilər,4,5,1,Açıq,1,45
Ziya Bünyadov,0,1,0,Qarlı,0,48
Rəşid Behbudov,5,4,0,Dumanlı,0,29
Rəşid Behbudov,9,0,0,Yağışlı,0,80
Ziya Bünyadov,13,4,0,Açıq,0,68
Heydər Əliyev,12,6,1,Yağışlı,0,66
Heydər Əliyev,19,0,0,Açıq,0,74
Qara Qarayev,15,3,0,Dumanlı,0,56
Ziya Bünyadov,20,3,0,Yağışlı,0,100
Heydər Əliyev,1,6,1,Açıq,0,25
Babək,10,2,0,Qarlı,0,85
Ziya Bünyadov,17,6,1,Dumanlı,1,74
Ziya Bünyadov,10,6,1,Qarlı,0,78
Zərdabi,9,5,1,Açıq,0,31
Zərdabi,10,2,0,Açıq,0,51
Qara Qarayev,6,3,0,Dumanlı,0,30
Heydər Əliyev,10,5,1,Qarlı,0,63
İstiqlaliyyət,20,5,1,Açıq,0,27
Babək,1,0,0,Yağışlı,0,34
Heydər Əliyev,13,5,1,Yağışlı,0,64
Babək,2,5,1,Qarlı,0,54
Ziya Bünyadov,16,5,1,Yağışlı,0,79
İstiqlaliyyət,11,3,0,Açıq,0,40
Heydər Əliyev,9,3,0,Yağışlı,0,96
Neftçilər,9,2,0,Yağışlı,0,92
Heydər Əliyev,9,0,0,Yağışlı,0,84
Rəşid Behbudov,18,0,0,Qarlı,1,100
Tbilisi,7,3,0,Açıq,0,71
Babək,13,0,0,Qarlı,0,75
Rəşid Behbudov,9,3,0,Yağışlı,0,97
Babək,19,4,0,Yağışlı,0,100
Qara Qarayev,18,1,0,Açıq,0,71
Babək,14,3,0,Yağışlı,0,54
Heydər Əliyev,21,0,0,Açıq,0,20
Qara Qarayev,19,2,0,Açıq,0,72
Tbilisi,19,4,0,Qarlı,0,100
İstiqlaliyyət,12,0,0,Açıq,0,40
Ziya Bünyadov,18,5,1,Yağışlı,1,93
Heydər Əliyev,3,5,1,Dumanlı,0,23
Neftçilər,13,5,1,Qarlı,0,74
Ziya Bünyadov,20,6,1,Dumanlı,0,53
Rəşid Behbudov,1,3,0,Açıq,0,23
Qara Qarayev,11,4,0,Dumanlı,0,44
İstiqlaliyyət,7,3,0,Dumanlı,1,100
Tbilisi,4,2,0,Açıq,0,26
Rəşid Behbudov,11,1,0,Yağışlı,0,67
Atatürk,18,2,0,Açıq,0,72
Heydər Əliyev,16,1,0,Dumanlı,0,48
Ziya Bünyadov,18,6,1,Qarlı,0,73
Atatürk,7,2,0,Yağışlı,0,82
Babək,9,1,0,Açıq,0,66
İstiqlaliyyət,2,0,0,Qarlı,1,64
Zərdabi,15,0,0,Açıq,0,41
Rəşid Behbudov,20,1,0,Qarlı,0,100
Rəşid Behbudov,17,2,0,Yağışlı,0,86
İstiqlaliyyət,19,4,0,Yağışlı,0,100
Atatürk,18,0,0,Qarlı,0,100
Atatürk,9,2,0,Dumanlı,0,71
Babək,11,0,0,Yağışlı,0,50
Atatürk,15,0,0,Açıq,0,41
Neftçilər,8,0,0,Qarlı,0,100
Babək,0,2,0,Yağışlı,1,47
Tbilisi,9,2,0,Qarlı,0,100
Neftçilər,2,0,0,Yağışlı,0,41
Rəşid Behbudov,7,3,0,Qarlı,0,100
Rəşid Behbudov,21,3,0,Qarlı,0,48
Qara Qarayev,0,6,1,Dumanlı,0,41
Qara Qarayev,16,5,1,Qarlı,0,78
Rəşid Behbudov,4,5,1,Açıq,0,21
Tbilisi,9,3,0,Açıq,0,58
Qara Qarayev,8,3,0,Yağışlı,0,95
Heydər Əliyev,8,6,1,Qarlı,0,83
Atatürk,12,1,0,Açıq,0,27
Neftçilər,15,3,0,Qarlı,0,65
Tbilisi,3,0,0,Yağışlı,0,42
Heydər Əliyev,23,0,0,Açıq,1,50
Zərdabi,10,0,0,Açıq,2,79
Ziya Bünyadov,4,3,0,Qarlı,0,55
Rəşid Behbudov,6,5,1,Qarlı,0,66
Neftçilər,8,5,1,Açıq,0,45
Qara Qarayev,2,5,1,Yağışlı,0,33
Heydər Əliyev,13,3,0,Açıq,0,47
Heydər Əliyev,10,2,0,Dumanlı,0,37
Zərdabi,4,6,1,Qarlı,0,48
Heydər Əliyev,18,1,0,Qarlı,0,100
Tbilisi,15,6,1,Açıq,0,22
Neftçilər,6,6,1,Yağışlı,0,44
Neftçilər,10,2,0,Açıq,0,37
İstiqlaliyyət,7,0,0,Yağışlı,0,84
Babək,16,1,0,Dumanlı,0,33
Ziya Bünyadov,21,1,0,Qarlı,0,67
Heydər Əliyev,9,0,0,Qarlı,0,100
Babək,17,1,0,Qarlı,0,100
Neftçilər,15,2,0,Qarlı,0,72
Tbilisi,23,2,0,Dumanlı,0,21
Qara Qarayev,15,6,1,Qarlı,0,79
Zərdabi,11,2,0,Yağışlı,0,62
Rəşid Behbudov,15,2,0,Dumanlı,0,52
İstiqlaliyyət,1,2,0,Dumanlı,0,42
Ziya Bünyadov,8,6,1,Qarlı,0,80
Neftçilər,21,3,0,Açıq,0,14
Neftçilər,2,1,0,Qarlı,0,51
Neftçilər,7,4,0,Qarlı,0,100
Atatürk,10,3,0,Açıq,1,50
Heydər Əliyev,7,2,0,Yağışlı,0,100
Ziya Bünyadov,2,1,0,Açıq,0,37
Atatürk,18,6,1,Yağışlı,0,66
Tbilisi,14,6,1,Açıq,0,31
Babək,14,6,1,Yağışlı,0,59
Tbilisi,23,5,1,Yağışlı,0,38
Tbilisi,14,1,0,Qarlı,0,63
Atatürk,23,5,1,Açıq,0,19
Rəşid Behbudov,12,4,0,Yağışlı,1,75
Rəşid Behbudov,5,1,0,Qarlı,0,62
Atatürk,13,0,0,Dumanlı,2,100
Rəşid Behbudov,17,3,0,Açıq,1,83
Heydər Əliyev,6,1,0,Yağışlı,0,40
Rəşid Behbudov,15,1,0,Dumanlı,0,48
Zərdabi,12,0,0,Açıq,0,33
Tbilisi,4,4,0,Açıq,1,44
Ziya Bünyadov,2,6,1,Açıq,0,31
Heydər Əliyev,8,2,0,Yağışlı,0,89
Heydər Əliyev,1,1,0,Dumanlı,2,76
Rəşid Behbudov,7,1,0,Qarlı,0,93
Babək,22,0,0,Yağışlı,0,39
Neftçilər,11,2,0,Açıq,1,71
Ziya Bünyadov,12,4,0,Qarlı,2,100
İstiqlaliyyət,13,4,0,Qarlı,0,61
Zərdabi,14,4,0,Yağışlı,0,77
Babək,2,0,0,Dumanlı,1,63
Ziya Bünyadov,0,0,0,Qarlı,0,64
Atatürk,3,2,0,Yağışlı,0,53
Rəşid Behbudov,21,4,0,Qarlı,0,61
Zərdabi,23,5,1,Qarlı,0,53
Atatürk,12,2,0,Yağışlı,2,99
Babək,21,3,0,Dumanlı,0,44
Rəşid Behbudov,7,1,0,Açıq,0,75
Rəşid Behbudov,21,6,1,Qarlı,0,60
İstiqlaliyyət,17,5,1,Qarlı,0,71
Rəşid Behbudov,11,1,0,Qarlı,0,72
Babək,8,2,0,Dumanlı,0,73
Ziya Bünyadov,4,3,0,Qarlı,2,100
Ziya Bünyadov,23,1,0,Açıq,0,29
Neftçilər,8,6,1,Yağışlı,0,61
Babək,6,0,0,Yağışlı,0,49
Neftçilər,9,0,0,Dumanlı,0,90
Babək,21,0,0,Yağışlı,0,37
Neftçilər,17,3,0,Açıq,1,89
Babək,21,0,0,Yağışlı,1,58
Babək,16,3,0,Qarlı,0,77
Zərdabi,6,3,0,Açıq,0,25
Atatürk,17,3,0,Açıq,1,100
Atatürk,9,1,0,Açıq,0,68
Ziya Bünyadov,6,4,0,Dumanlı,0,39
Tbilisi,16,6,1,Qarlı,0,73
Atatürk,10,6,1,Yağışlı,0,59
İstiqlaliyyət,13,5,1,Açıq,0,50
Babək,21,1,0,Qarlı,0,63
Ziya Bünyadov,0,5,1,Dumanlı,2,66
Zərdabi,13,4,0,Dumanlı,0,71
İstiqlaliyyət,12,0,0,Yağışlı,0,61
Ziya Bünyadov,4,5,1,Açıq,1,48
Ziya Bünyadov,5,2,0,Açıq,0,30
Zərdabi,8,3,0,Açıq,0,83
İstiqlaliyyət,4,5,1,Qarlı,0,66
Neftçilər,22,1,0,Açıq,0,10
Heydər Əliyev,11,1,0,Açıq,0,27
Qara Qarayev,17,3,0,Açıq,1,99
Atatürk,13,4,0,Dumanlı,0,43
Qara Qarayev,12,6,1,Qarlı,0,77
Ziya Bünyadov,13,4,0,Dumanlı,0,60
Zərdabi,6,0,0,Dumanlı,1,56
Tbilisi,12,1,0,Yağışlı,1,61
Qara Qarayev,15,2,0,Yağışlı,0,50
Atatürk,6,1,0,Yağışlı,0,50
Ziya Bünyadov,3,0,0,Açıq,0,27
Atatürk,3,6,1,Dumanlı,0,39
Tbilisi,14,2,0,Açıq,0,46
Atatürk,4,3,0,Dumanlı,0,29
Ziya Bünyadov,9,2,0,Qarlı,1,100
Babək,19,3,0,Qarlı,1,100
Ziya Bünyadov,22,2,0,Qarlı,0,67
Qara Qarayev,8,0,0,Dumanlı,0,83
Heydər Əliyev,18,6,1,Yağışlı,0,59
Heydər Əliyev,21,3,0,Açıq,0,26
Heydər Əliyev,20,1,0,Açıq,0,86
Qara Qarayev,6,2,0,Dumanlı,0,34
Neftçilər,0,6,1,Dumanlı,0,27
Neftçilər,5,1,0,Açıq,0,20
Rəşid Behbudov,14,6,1,Dumanlı,0,45
Qara Qarayev,15,2,0,Yağışlı,0,62
Tbilisi,3,0,0,Yağışlı,0,39
Rəşid Behbudov,15,6,1,Açıq,0,34
Babək,15,3,0,Açıq,0,39
Rəşid Behbudov,11,5,1,Yağışlı,0,55
Rəşid Behbudov,20,0,0,Açıq,0,58
Zərdabi,17,1,0,Açıq,0,57
İstiqlaliyyət,5,1,0,Qarlı,0,56
Rəşid Behbudov,20,1,0,Yağışlı,0,78
Heydər Əliyev,7,4,0,Dumanlı,0,84
Rəşid Behbudov,21,5,1,Qarlı,0,52
Rəşid Behbudov,3,3,0,Yağışlı,0,34
Tbilisi,1,3,0,Açıq,2,62
Tbilisi,13,2,0,Qarlı,0,88
Qara Qarayev,7,4,0,Dumanlı,1,98
Heydər Əliyev,5,3,0,Dumanlı,0,21
Atatürk,11,4,0,Açıq,1,60
Babək,2,0,0,Yağışlı,0,39
Atatürk,1,0,0,Yağışlı,0,45
Ziya Bünyadov,22,1,0,Açıq,0,29
Qara Qarayev,11,4,0,Açıq,0,32
Neftçilər,9,5,1,Dumanlı,0,54
Neftçilər,7,2,0,Yağışlı,0,79
Heydər Əliyev,18,4,0,Dumanlı,0,73
Atatürk,4,1,0,Dumanlı,0,36
Tbilisi,20,0,0,Yağışlı,0,93
İstiqlaliyyət,8,2,0,Açıq,1,99
İstiqlaliyyət,12,0,0,Dumanlı,0,43
İstiqlaliyyət,9,0,0,Dumanlı,0,80
Tbilisi,21,4,0,Yağışlı,1,51
Neftçilər,14,3,0,Açıq,0,33
Tbilisi,4,0,0,Dumanlı,0,37
Tbilisi,7,1,0,Açıq,0,67
Ziya Bünyadov,13,6,1,Yağışlı,0,73
Zərdabi,11,6,1,Açıq,1,66
Zərdabi,12,1,0,Dumanlı,0,74
Atatürk,10,3,0,Qarlı,0,92
Zərdabi,8,0,0,Yağışlı,0,74
Heydər Əliyev,21,1,0,Qarlı,0,51
Zərdabi,19,5,1,Qarlı,0,77
Ziya Bünyadov,18,1,0,Açıq,1,100
Qara Qarayev,6,1,0,Yağışlı,0,33
Neftçilər,16,0,0,Qarlı,0,67
Babək,1,1,0,Dumanlı,2,67
Babək,20,2,0,Qarlı,0,100
Babək,2,5,1,Yağışlı,0,45
Heydər Əliyev,13,0,0,Yağışlı,0,57
Neftçilər,7,3,0,Yağışlı,0,90
İstiqlaliyyət,6,0,0,Dumanlı,2,67
Atatürk,8,2,0,Qarlı,0,100
Qara Qarayev,0,0,0,Qarlı,0,52
Qara Qarayev,4,0,0,Yağışlı,0,39
Qara Qarayev,1,4,0,Qarlı,0,63
Tbilisi,19,1,0,Açıq,0,53
Babək,22,1,0,Dumanlı,0,27
Qara Qarayev,5,6,1,Dumanlı,0,40
Zərdabi,21,1,0,Açıq,0,15
Zərdabi,20,4,0,Dumanlı,0,80
İstiqlaliyyət,5,0,0,Qarlı,0,46
Neftçilər,0,2,0,Yağışlı,0,47
Tbilisi,16,1,0,Açıq,0,41
Tbilisi,4,4,0,Qarlı,1,77
Zərdabi,2,5,1,Qarlı,0,57
Babək,4,0,0,Dumanlı,1,49
Babək,8,1,0,Dumanlı,0,85
Atatürk,14,2,0,Qarlı,0,85
Ziya Bünyadov,10,3,0,Dumanlı,0,60
Qara Qarayev,7,5,1,Açıq,0,21
Zərdabi,13,3,0,Dumanlı,0,67
Heydər Əliyev,19,1,0,Yağışlı,0,81
Neftçilər,3,3,0,Dumanlı,0,23
Babək,2,0,0,Qarlı,0,57
Tbilisi,1,3,0,Yağışlı,1,53
Rəşid Behbudov,22,0,0,Yağışlı,0,42
Zərdabi,12,5,1,Açıq,0,32
Rəşid Behbudov,4,4,0,Dumanlı,0,31
Rəşid Behbudov,18,0,0,Dumanlı,0,86
Atatürk,0,0,0,Dumanlı,0,21
Heydər Əliyev,6,5,1,Açıq,0,12
Qara Qarayev,11,3,0,Açıq,0,52
Rəşid Behbudov,19,0,0,Yağışlı,2,100
İstiqlaliyyət,1,0,0,Açıq,0,22
İstiqlaliyyət,3,4,0,Qarlı,0,53
Neftçilər,3,6,1,Yağışlı,0,45
Rəşid Behbudov,4,3,0,Yağışlı,2,93
Rəşid Behbudov,16,0,0,Qarlı,0,64
Heydər Əliyev,7,3,0,Açıq,0,70
İstiqlaliyyət,8,6,1,Dumanlı,0,34
Babək,5,2,0,Dumanlı,0,32
Atatürk,4,5,1,Qarlı,0,55
Heydər Əliyev,7,3,0,Yağışlı,0,95
Rəşid Behbudov,19,1,0,Açıq,0,73
Neftçilər,0,5,1,Qarlı,0,65
İstiqlaliyyət,4,0,0,Açıq,1,41
Heydər Əliyev,0,6,1,Yağışlı,0,37
Qara Qarayev,9,0,0,Yağışlı,0,87
Rəşid Behbudov,23,2,0,Yağışlı,0,29
Atatürk,22,4,0,Açıq,0,28
Tbilisi,20,2,0,Dumanlı,0,72
Tbilisi,2,0,0,Qarlı,1,75
Babək,0,2,0,Yağışlı,1,50
Zərdabi,6,1,0,Açıq,0,19
Babək,12,5,1,Yağışlı,1,75
Babək,15,6,1,Qarlı,0,75
Heydər Əliyev,5,2,0,Açıq,1,41
Rəşid Behbudov,19,6,1,Qarlı,0,69
Qara Qarayev,14,5,1,Qarlı,2,100
Zərdabi,4,3,0,Yağışlı,0,34
Babək,7,1,0,Yağışlı,0,94
Rəşid Behbudov,21,2,0,Açıq,0,12
Ziya Bünyadov,20,6,1,Yağışlı,0,65
Zərdabi,1,0,0,Yağışlı,0,43
Qara Qarayev,10,5,1,Yağışlı,1,71
Zərdabi,12,3,0,Dumanlı,0,54
Babək,19,4,0,Dumanlı,0,97
Babək,13,5,1,Yağışlı,0,47
Qara Qarayev,4,0,0,Açıq,2,59
Heydər Əliyev,19,0,0,Dumanlı,0,69
Zərdabi,0,6,1,Yağışlı,1,44
Qara Qarayev,5,5,1,Açıq,0,30
Rəşid Behbudov,7,1,0,Qarlı,0,100
Heydər Əliyev,20,3,0,Açıq,0,67
Ziya Bünyadov,4,6,1,Açıq,0,32
İstiqlaliyyət,22,2,0,Dumanlı,0,36
Babək,3,2,0,Dumanlı,0,27
Tbilisi,23,3,0,Yağışlı,0,51
Ziya Bünyadov,3,6,1,Qarlı,0,57
Zərdabi,13,6,1,Dumanlı,0,53
Heydər Əliyev,21,2,0,Açıq,1,45
Neftçilər,9,4,0,Açıq,0,62
Qara Qarayev,1,2,0,Yağışlı,0,48
İstiqlaliyyət,2,6,1,Yağışlı,0,37
Heydər Əliyev,9,3,0,Qarlı,0,95
İstiqlaliyyət,18,6,1,Qarlı,0,69
Rəşid Behbudov,11,5,1,Yağışlı,0,67
Qara Qarayev,19,0,0,Yağışlı,1,100
Qara Qarayev,13,5,1,Dumanlı,0,56
Neftçilər,7,0,0,Qarlı,0,100
İstiqlaliyyət,1,2,0,Açıq,0,28
Rəşid Behbudov,1,0,0,Açıq,0,11
İstiqlaliyyət,6,0,0,Qarlı,0,48
İstiqlaliyyət,17,2,0,Açıq,0,56
İstiqlaliyyət,13,5,1,Yağışlı,0,43
Rəşid Behbudov,15,3,0,Dumanlı,0,67
Neftçilər,8,0,0,Açıq,0,67
Heydər Əliyev,21,3,0,Dumanlı,0,25
Babək,4,6,1,Yağışlı,0,44
Ziya Bünyadov,1,2,0,Qarlı,0,58
Ziya Bünyadov,19,4,0,Yağışlı,0,86
Tbilisi,16,0,0,Açıq,0,36
Heydər Əliyev,6,6,1,Dumanlı,0,30
Qara Qarayev,2,6,1,Qarlı,2,98
Qara Qarayev,14,6,1,Qarlı,0,84
İstiqlaliyyət,4,2,0,Yağışlı,0,30
Atatürk,14,5,1,Açıq,0,42
Rəşid Behbudov,6,5,1,Açıq,0,20
Zərdabi,17,3,0,Yağışlı,1,97
Ziya Bünyadov,2,5,1,Yağışlı,1,70
Babək,16,1,0,Qarlı,0,72
Rəşid Behbudov,7,6,1,Yağışlı,0,58
Tbilisi,16,5,1,Yağışlı,0,78
Heydər Əliyev,2,1,0,Yağışlı,0,36
Rəşid Behbudov,11,6,1,Dumanlı,1,70
Zərdabi,11,2,0,Açıq,0,48
Rəşid Behbudov,9,6,1,Qarlı,0,71
Qara Qarayev,12,1,0,Yağışlı,0,54
Zərdabi,18,6,1,Dumanlı,0,55
Babək,3,6,1,Dumanlı,0,27
Heydər Əliyev,13,4,0,Açıq,0,35
Qara Qarayev,7,0,0,Yağışlı,0,77
Zərdabi,16,4,0,Açıq,0,39
Qara Qarayev,21,4,0,Yağışlı,0,52
İstiqlaliyyət,13,1,0,Yağışlı,0,78
Atatürk,23,2,0,Qarlı,1,65
Neftçilər,1,6,1,Dumanlı,0,27
Rəşid Behbudov,3,2,0,Qarlı,0,61
Rəşid Behbudov,21,5,1,Yağışlı,1,48
Heydər Əliyev,8,2,0,Açıq,1,94
Neftçilər,6,2,0,Dumanlı,0,32
Neftçilər,9,1,0,Dumanlı,0,85
Rəşid Behbudov,0,6,1,Yağışlı,2,73
Atatürk,7,6,1,Dumanlı,2,90
Neftçilər,6,3,0,Açıq,0,12
Rəşid Behbudov,22,2,0,Açıq,0,21
Tbilisi,5,4,0,Dumanlı,0,28
Atatürk,9,2,0,Qarlı,0,100
Ziya Bünyadov,20,3,0,Açıq,1,95
Babək,13,1,0,Qarlı,0,56
Atatürk,19,0,0,Yağışlı,0,98
Qara Qarayev,4,5,1,Yağışlı,1,69
Tbilisi,5,3,0,Yağışlı,0,46
Rəşid Behbudov,6,5,1,Açıq,0,18
Heydər Əliyev,11,1,0,Açıq,0,27
Atatürk,8,0,0,Yağışlı,0,94
Qara Qarayev,9,5,1,Açıq,0,40
Neftçilər,10,5,1,Yağışlı,1,86
Qara Qarayev,8,2,0,Qarlı,0,97
Rəşid Behbudov,3,4,0,Dumanlı,1,56
Babək,5,5,1,Dumanlı,0,24
Heydər Əliyev,2,1,0,Açıq,0,11
Heydər Əliyev,2,6,1,Açıq,0,12
Neftçilər,17,0,0,Qarlı,2,100
Rəşid Behbudov,23,2,0,Qarlı,0,65
Atatürk,18,6,1,Dumanlı,0,48
Qara Qarayev,18,1,0,Qarlı,0,100
Atatürk,4,6,1,Dumanlı,0,28
Tbilisi,5,6,1,Açıq,0,13
Zərdabi,11,5,1,Yağışlı,0,62
Neftçilər,2,2,0,Açıq,1,39
Rəşid Behbudov,10,4,0,Qarlı,0,74
Heydər Əliyev,10,0,0,Açıq,0,39
Rəşid Behbudov,13,2,0,Açıq,0,40
Zərdabi,20,4,0,Açıq,0,78
Neftçilər,17,0,0,Yağışlı,1,100
İstiqlaliyyət,11,4,0,Dumanlı,0,61
Neftçilər,7,5,1,Dumanlı,0,53
Zərdabi,6,3,0,Yağışlı,0,35
Neftçilər,20,3,0,Yağışlı,1,100
Atatürk,11,2,0,Qarlı,0,65
Neftçilər,3,6,1,Yağışlı,0,45
Qara Qarayev,15,4,0,Qarlı,0,57
İstiqlaliyyət,1,5,1,Yağışlı,1,62
Tbilisi,11,1,0,Açıq,2,85
Ziya Bünyadov,11,2,0,Açıq,0,62
Zərdabi,18,5,1,Yağışlı,0,57
Tbilisi,23,5,1,Yağışlı,0,43
İstiqlaliyyət,2,2,0,Yağışlı,0,34
Zərdabi,23,4,0,Yağışlı,0,46
Heydər Əliyev,23,6,1,Açıq,0,30
Rəşid Behbudov,2,4,0,Yağışlı,0,41
Neftçilər,11,5,1,Dumanlı,0,66
Neftçilər,3,3,0,Qarlı,0,44
Qara Qarayev,14,0,0,Açıq,0,39
Babək,21,6,1,Dumanlı,0,24
İstiqlaliyyət,7,1,0,Açıq,0,79
Tbilisi,1,4,0,Qarlı,1,71
Heydər Əliyev,18,2,0,Dumanlı,0,94
Zərdabi,20,1,0,Açıq,0,58
Rəşid Behbudov,19,6,1,Dumanlı,0,52
Ziya Bünyadov,9,0,0,Açıq,1,100
Ziya Bünyadov,3,3,0,Qarlı,0,66
İstiqlaliyyət,23,6,1,Dumanlı,0,39
İstiqlaliyyət,9,0,0,Dumanlı,0,82
Qara Qarayev,3,1,0,Açıq,0,19
Tbilisi,8,5,1,Dumanlı,0,42
Babək,11,2,0,Qarlı,0,78
Ziya Bünyadov,19,0,0,Qarlı,0,100
Neftçilər,4,6,1,Açıq,0,13
Qara Qarayev,1,0,0,Qarlı,1,73
Heydər Əliyev,8,0,0,Dumanlı,0,78
Atatürk,16,6,1,Yağışlı,0,59
Neftçilər,11,4,0,Yağışlı,0,40
Zərdabi,4,0,0,Dumanlı,1,48
Qara Qarayev,16,3,0,Dumanlı,2,88
Rəşid Behbudov,5,6,1,Yağışlı,0,28
Babək,23,5,1,Qarlı,0,58
Ziya Bünyadov,4,0,0,Yağışlı,0,45
Ziya Bünyadov,10,0,0,Dumanlı,0,79
Qara Qarayev,9,6,1,Yağışlı,0,52
Neftçilər,8,6,1,Qarlı,0,62
Zərdabi,1,5,1,Qarlı,0,41
İstiqlaliyyət,18,6,1,Qarlı,0,58
İstiqlaliyyət,20,3,0,Qarlı,0,100
Neftçilər,6,0,0,Yağışlı,0,42
Neftçilər,5,2,0,Yağışlı,0,31
Zərdabi,23,3,0,Yağışlı,0,42
Zərdabi,20,6,1,Açıq,0,37
Heydər Əliyev,5,3,0,Qarlı,0,61
Tbilisi,2,6,1,Qarlı,0,65
Neftçilər,6,1,0,Qarlı,0,51
Qara Qarayev,5,5,1,Qarlı,0,53
Tbilisi,10,0,0,Dumanlı,0,68
Ziya Bünyadov,20,6,1,Yağışlı,0,79
Zərdabi,0,2,0,Açıq,0,29
Ziya Bünyadov,23,6,1,Yağışlı,1,67
Ziya Bünyadov,9,1,0,Dumanlı,0,81
Heydər Əliyev,19,0,0,Açıq,0,75
Rəşid Behbudov,23,4,0,Yağışlı,0,37
Ziya Bünyadov,7,0,0,Yağışlı,0,93
Neftçilər,6,6,1,Açıq,0,24
Atatürk,6,1,0,Dumanlı,0,28
Qara Qarayev,23,3,0,Dumanlı,0,36
Heydər Əliyev,8,0,0,Yağışlı,0,100
Qara Qarayev,15,0,0,Dumanlı,0,55
Tbilisi,1,4,0,Dumanlı,0,33
İstiqlaliyyət,12,3,0,Yağışlı,0,63
İstiqlaliyyət,18,6,1,Yağışlı,0,51
Qara Qarayev,3,2,0,Dumanlı,0,34
İstiqlaliyyət,5,2,0,Qarlı,1,63
Neftçilər,21,0,0,Yağışlı,1,58
Ziya Bünyadov,16,5,1,Dumanlı,1,88
Neftçilər,5,3,0,Qarlı,0,40
Heydər Əliyev,16,6,1,Dumanlı,0,36
Qara Qarayev,10,2,0,Yağışlı,0,65
İstiqlaliyyət,10,4,0,Dumanlı,0,49
Heydər Əliyev,3,0,0,Yağışlı,1,74
Ziya Bünyadov,6,4,0,Yağışlı,1,80
Babək,10,4,0,Dumanlı,0,73
İstiqlaliyyət,8,1,0,Qarlı,0,98
Zərdabi,21,4,0,Dumanlı,0,22
Ziya Bünyadov,22,6,1,Açıq,0,22
Qara Qarayev,17,3,0,Qarlı,0,96
Neftçilər,5,4,0,Qarlı,0,53
Heydər Əliyev,7,6,1,Açıq,0,46
Atatürk,18,5,1,Qarlı,0,67
Neftçilər,4,6,1,Açıq,0,23
Neftçilər,0,0,0,Qarlı,0,52
Tbilisi,6,2,0,Açıq,0,21
Atatürk,19,6,1,Dumanlı,0,54
Rəşid Behbudov,2,3,0,Yağışlı,0,41
İstiqlaliyyət,8,2,0,Dumanlı,0,97
İstiqlaliyyət,4,6,1,Yağışlı,0,40
Qara Qarayev,15,0,0,Açıq,0,39
Heydər Əliyev,7,3,0,Dumanlı,0,71
Heydər Əliyev,6,3,0,Yağışlı,0,26
Neftçilər,10,6,1,Dumanlı,0,53
Tbilisi,11,4,0,Qarlı,1,91
Zərdabi,22,3,0,Dumanlı,0,25
Tbilisi,11,3,0,Yağışlı,1,72
Tbilisi,13,3,0,Qarlı,0,70
Heydər Əliyev,17,2,0,Qarlı,0,97
Qara Qarayev,1,6,1,Qarlı,1,75
Tbilisi,16,5,1,Yağışlı,0,72
Tbilisi,0,2,0,Dumanlı,0,34
Qara Qarayev,23,2,0,Açıq,0,17
Tbilisi,6,5,1,Qarlı,0,49
Rəşid Behbudov,20,2,0,Yağışlı,0,100
Rəşid Behbudov,21,0,0,Açıq,0,23
Ziya Bünyadov,8,5,1,Açıq,0,44
Heydər Əliyev,18,6,1,Dumanlı,0,49
Zərdabi,5,2,0,Qarlı,0,54
Zərdabi,3,1,0,Açıq,1,34
Rəşid Behbudov,7,5,1,Dumanlı,0,57
Rəşid Behbudov,4,0,0,Dumanlı,0,33
Zərdabi,16,0,0,Yağışlı,0,60
Ziya Bünyadov,20,6,1,Yağışlı,0,73
Qara Qarayev,13,0,0,Dumanlı,0,42
Qara Qarayev,0,0,0,Qarlı,0,54
Ziya Bünyadov,19,6,1,Qarlı,0,71
Qara Qarayev,1,2,0,Qarlı,0,50
Qara Qarayev,8,2,0,Yağışlı,0,87
İstiqlaliyyət,11,6,1,Açıq,0,42
Babək,17,2,0,Yağışlı,0,88
Atatürk,16,4,0,Açıq,0,48
İstiqlaliyyət,6,3,0,Yağışlı,0,39
Atatürk,8,6,1,Dumanlı,0,52
Heydər Əliyev,12,6,1,Yağışlı,2,97
Zərdabi,5,6,1,Açıq,0,18
Neftçilər,9,0,0,Qarlı,0,89
Qara Qarayev,10,2,0,Yağışlı,0,53
Zərdabi,20,1,0,Açıq,0,54
Zərdabi,11,2,0,Yağışlı,0,75
Heydər Əliyev,10,1,0,Açıq,1,63
Ziya Bünyadov,13,3,0,Dumanlı,0,60
Neftçilər,2,0,0,Dumanlı,0,29
Qara Qarayev,17,1,0,Dumanlı,0,71
Heydər Əliyev,13,6,1,Açıq,0,44
Tbilisi,21,6,1,Yağışlı,0,39
Neftçilər,21,4,0,Yağışlı,0,42
Ziya Bünyadov,5,5,1,Dumanlı,0,49
Neftçilər,17,5,1,Qarlı,0,66
Tbilisi,16,6,1,Açıq,0,58
Tbilisi,5,4,0,Dumanlı,0,28
Babək,15,0,0,Yağışlı,1,82
Babək,11,6,1,Yağışlı,0,60
Babək,1,1,0,Yağışlı,2,78
Atatürk,4,3,0,Açıq,0,21
Ziya Bünyadov,15,4,0,Yağışlı,0,73
Babək,16,2,0,Yağışlı,0,58
İstiqlaliyyət,6,6,1,Yağışlı,1,76
Zərdabi,16,3,0,Dumanlı,0,31
Ziya Bünyadov,22,2,0,Açıq,0,34
Neftçilər,1,2,0,Açıq,0,16
İstiqlaliyyət,21,3,0,Yağışlı,1,62
Rəşid Behbudov,5,5,1,Dumanlı,0,31
Ziya Bünyadov,14,6,1,Açıq,0,51
İstiqlaliyyət,2,2,0,Yağışlı,1,60
Babək,17,0,0,Dumanlı,0,68
İstiqlaliyyət,20,3,0,Yağışlı,0,90
Zərdabi,14,6,1,Yağışlı,1,70
Neftçilər,7,6,1,Açıq,2,61
Qara Qarayev,3,1,0,Dumanlı,0,33
İstiqlaliyyət,11,6,1,Dumanlı,0,45
Atatürk,13,1,0,Qarlı,0,68
Rəşid Behbudov,18,5,1,Qarlı,0,69
Zərdabi,3,5,1,Qarlı,0,40
Atatürk,3,5,1,Qarlı,0,42
İstiqlaliyyət,22,4,0,Açıq,0,10
Zərdabi,1,4,0,Dumanlı,0,23
Atatürk,23,1,0,Açıq,0,17
Zərdabi,19,1,0,Dumanlı,0,85
Atatürk,13,2,0,Yağışlı,0,61
Neftçilər,17,0,0,Yağışlı,0,100
Babək,23,1,0,Açıq,0,25
Heydər Əliyev,14,6,1,Açıq,0,58
Atatürk,21,0,0,Yağışlı,0,45
İstiqlaliyyət,9,6,1,Dumanlı,0,59
Tbilisi,2,1,0,Açıq,0,24
Zərdabi,1,2,0,Açıq,1,39
Ziya Bünyadov,8,2,0,Qarlı,0,100
İstiqlaliyyət,18,6,1,Yağışlı,0,55
Qara Qarayev,14,4,0,Dumanlı,0,57
İstiqlaliyyət,16,1,0,Açıq,0,30
Atatürk,22,6,1,Dumanlı,0,39
Neftçilər,5,6,1,Açıq,0,18
İstiqlaliyyət,1,2,0,Qarlı,0,40
Neftçilər,16,6,1,Qarlı,0,68
Qara Qarayev,4,4,0,Yağışlı,1,59
Babək,3,2,0,Açıq,0,23
İstiqlaliyyət,14,2,0,Qarlı,0,71
Zərdabi,13,5,1,Açıq,0,43
Tbilisi,8,6,1,Qarlı,1,85
Ziya Bünyadov,18,4,0,Dumanlı,0,79
Babək,22,1,0,Qarlı,0,49
Ziya Bünyadov,19,3,0,Dumanlı,0,100
Heydər Əliyev,13,1,0,Açıq,0,38
Babək,18,4,0,Açıq,0,78
Rəşid Behbudov,14,4,0,Qarlı,0,78
Qara Qarayev,16,0,0,Açıq,0,52
Heydər Əliyev,10,2,0,Yağışlı,0,53
Qara Qarayev,10,3,0,Yağışlı,1,68
Tbilisi,8,5,1,Yağışlı,0,49
Tbilisi,7,5,1,Yağışlı,0,58
Babək,18,6,1,Dumanlı,1,69
Heydər Əliyev,21,0,0,Açıq,0,30
Qara Qarayev,10,3,0,Yağışlı,0,58
Tbilisi,22,1,0,Dumanlı,0,33
Babək,0,2,0,Dumanlı,0,30
Tbilisi,23,1,0,Dumanlı,1,53
Qara Qarayev,0,6,1,Açıq,0,10
Tbilisi,8,1,0,Dumanlı,0,68
Neftçilər,2,0,0,Qarlı,0,59
Tbilisi,23,5,1,Açıq,0,21
Rəşid Behbudov,0,3,0,Qarlı,0,43
Ziya Bünyadov,19,3,0,Dumanlı,0,97
Heydər Əliyev,18,1,0,Yağışlı,2,100
Heydər Əliyev,13,3,0,Qarlı,2,100
Tbilisi,7,6,1,Yağışlı,0,46
Neftçilər,12,4,0,Açıq,0,23
Babək,8,5,1,Yağışlı,0,45
Babək,9,3,0,Dumanlı,0,83
Zərdabi,13,1,0,Açıq,0,34
Babək,3,3,0,Açıq,0,14
Tbilisi,11,6,1,Yağışlı,0,73
Zərdabi,15,4,0,Açıq,0,44
Heydər Əliyev,17,1,0,Qarlı,0,100
Zərdabi,15,4,0,Yağışlı,0,74
Tbilisi,6,0,0,Açıq,0,26
İstiqlaliyyət,17,1,0,Dumanlı,0,81
Heydər Əliyev,4,5,1,Yağışlı,1,57
Rəşid Behbudov,16,3,0,Yağışlı,0,58
İstiqlaliyyət,1,5,1,Dumanlı,0,28
Ziya Bünyadov,6,2,0,Qarlı,0,49
Tbilisi,7,0,0,Açıq,0,80
Qara Qarayev,23,2,0,Dumanlı,2,70
Tbilisi,15,3,0,Dumanlı,0,41
İstiqlaliyyət,23,0,0,Yağışlı,0,44
Babək,22,4,0,Açıq,0,24
Zərdabi,21,2,0,Yağışlı,0,40
Atatürk,2,2,0,Dumanlı,0,27
Tbilisi,0,0,0,Yağışlı,0,43
Rəşid Behbudov,2,3,0,Yağışlı,0,40
Zərdabi,21,3,0,Yağışlı,2,87
Zərdabi,7,4,0,Dumanlı,0,73
Tbilisi,18,6,1,Yağışlı,0,65
Zərdabi,10,4,0,Qarlı,0,64
Neftçilər,6,5,1,Açıq,0,11
Atatürk,3,2,0,Qarlı,0,60
Zərdabi,17,3,0,Dumanlı,0,82
Neftçilər,22,2,0,Açıq,0,21
Zərdabi,16,0,0,Qarlı,0,80
Zərdabi,21,2,0,Dumanlı,2,69
Zərdabi,6,6,1,Yağışlı,0,44
Rəşid Behbudov,23,5,1,Qarlı,0,47
Atatürk,22,1,0,Dumanlı,0,35
İstiqlaliyyət,15,1,0,Yağışlı,0,54
Rəşid Behbudov,1,6,1,Dumanlı,0,38
İstiqlaliyyət,11,2,0,Açıq,0,50
Tbilisi,21,1,0,Qarlı,2,84
Babək,9,1,0,Yağışlı,0,100
Heydər Əliyev,9,3,0,Qarlı,0,85
Neftçilər,8,5,1,Qarlı,0,61
Neftçilər,2,5,1,Dumanlı,0,25
Qara Qarayev,18,0,0,Qarlı,0,88
Zərdabi,11,6,1,Qarlı,0,78
Atatürk,18,4,0,Açıq,0,70
Zərdabi,7,6,1,Qarlı,0,56
Tbilisi,1,0,0,Dumanlı,1,42
Zərdabi,22,6,1,Açıq,0,22
Zərdabi,5,1,0,Qarlı,0,41
Babək,12,4,0,Qarlı,0,72
Ziya Bünyadov,17,6,1,Qarlı,0,70
Heydər Əliyev,3,5,1,Dumanlı,0,23
Qara Qarayev,14,4,0,Açıq,1,56
Babək,16,2,0,Açıq,2,74
İstiqlaliyyət,10,0,0,Yağışlı,0,80
Ziya Bünyadov,20,0,0,Yağışlı,0,100
Zərdabi,3,5,1,Yağışlı,0,33
Babək,17,6,1,Dumanlı,0,51
Ziya Bünyadov,16,4,0,Qarlı,0,87
Heydər Əliyev,12,1,0,Qarlı,1,95
Ziya Bünyadov,23,4,0,Açıq,0,21
Zərdabi,15,0,0,Dumanlı,0,43
Zərdabi,17,6,1,Açıq,0,27
Zərdabi,5,2,0,Açıq,0,29
Qara Qarayev,4,4,0,Açıq,0,19
Neftçilər,20,0,0,Dumanlı,0,85
Zərdabi,4,5,1,Yağışlı,1,47
Babək,21,2,0,Açıq,0,29
Neftçilər,10,0,0,Dumanlı,0,54
İstiqlaliyyət,1,4,0,Açıq,0,20
Rəşid Behbudov,21,5,1,Açıq,0,21
Babək,5,2,0,Qarlı,0,65
Atatürk,19,3,0,Açıq,0,69
İstiqlaliyyət,2,3,0,Dumanlı,1,55
Zərdabi,2,2,0,Qarlı,0,63
Babək,21,1,0,Açıq,0,19
Zərdabi,6,2,0,Qarlı,0,61
Ziya Bünyadov,17,5,1,Açıq,0,36
Rəşid Behbudov,7,3,0,Yağışlı,0,95
Heydər Əliyev,23,0,0,Yağışlı,0,42
Rəşid Behbudov,8,1,0,Dumanlı,2,100
İstiqlaliyyət,14,3,0,Dumanlı,0,46
Qara Qarayev,1,2,0,Açıq,0,29
Heydər Əliyev,14,0,0,Dumanlı,0,58
Zərdabi,12,1,0,Dumanlı,0,45
Babək,13,4,0,Açıq,0,45
Qara Qarayev,16,4,0,Qarlı,0,75
Neftçilər,8,2,0,Açıq,0,82
Tbilisi,16,1,0,Dumanlı,0,56
Babək,6,4,0,Yağışlı,1,53
Zərdabi,17,4,0,Qarlı,0,100
Heydər Əliyev,13,2,0,Qarlı,1,92
Qara Qarayev,4,2,0,Yağışlı,2,67
Tbilisi,22,1,0,Yağışlı,0,39
Atatürk,0,4,0,Açıq,1,36
Babək,7,4,0,Açıq,1,90
Qara Qarayev,5,0,0,Açıq,0,14
Rəşid Behbudov,0,1,0,Qarlı,0,65
Ziya Bünyadov,13,5,1,Açıq,0,41
Zərdabi,11,4,0,Açıq,0,55
Babək,12,2,0,Qarlı,0,88
Zərdabi,9,1,0,Yağışlı,0,72
Qara Qarayev,2,1,0,Dumanlı,0,24
Tbilisi,16,4,0,Yağışlı,0,68
Ziya Bünyadov,6,1,0,Açıq,0,36
Tbilisi,15,0,0,Yağışlı,0,65
Zərdabi,12,0,0,Dumanlı,0,57
Qara Qarayev,8,3,0,Qarlı,1,100
Qara Qarayev,11,2,0,Dumanlı,0,39
Babək,22,1,0,Dumanlı,1,64
Tbilisi,6,1,0,Dumanlı,1,58
Qara Qarayev,5,1,0,Dumanlı,0,37
Rəşid Behbudov,5,2,0,Dumanlı,0,39
Zərdabi,5,0,0,Yağışlı,0,40
Tbilisi,2,4,0,Yağışlı,0,47
Babək,17,5,1,Qarlı,0,67
Babək,13,0,0,Yağışlı,0,59
İstiqlaliyyət,21,1,0,Dumanlı,0,38
Ziya Bünyadov,1,4,0,Yağışlı,0,48
Zərdabi,4,1,0,Qarlı,0,64
Ziya Bünyadov,0,1,0,Dumanlı,0,44
Neftçilər,14,0,0,Açıq,0,23
İstiqlaliyyət,22,6,1,Açıq,0,17
Heydər Əliyev,4,6,1,Dumanlı,0,41
Qara Qarayev,17,1,0,Açıq,0,61
Rəşid Behbudov,3,3,0,Qarlı,0,40
Zərdabi,4,2,0,Yağışlı,0,41
Zərdabi,0,1,0,Açıq,1,46
Ziya Bünyadov,12,5,1,Yağışlı,0,81
Atatürk,21,3,0,Açıq,0,12
Atatürk,11,5,1,Qarlı,0,79
Neftçilər,3,5,1,Qarlı,0,62
Heydər Əliyev,21,4,0,Açıq,1,35
Tbilisi,12,5,1,Açıq,0,41
Babək,2,6,1,Yağışlı,2,71
Heydər Əliyev,19,0,0,Yağışlı,0,100
Neftçilər,11,6,1,Dumanlı,0,65
Zərdabi,2,2,0,Açıq,1,38
Rəşid Behbudov,21,5,1,Açıq,0,19
Ziya Bünyadov,18,2,0,Dumanlı,0,93
Qara Qarayev,18,1,0,Dumanlı,0,87
İstiqlaliyyət,7,1,0,Açıq,0,61
Ziya Bünyadov,9,3,0,Yağışlı,0,100
Ziya Bünyadov,15,0,0,Yağışlı,0,69
Rəşid Behbudov,3,3,0,Qarlı,0,66
Heydər Əliyev,9,1,0,Yağışlı,1,100
Atatürk,3,4,0,Qarlı,2,96
İstiqlaliyyət,0,3,0,Qarlı,0,52
Rəşid Behbudov,5,4,0,Qarlı,1,81
Rəşid Behbudov,21,5,1,Açıq,1,46
Neftçilər,21,4,0,Dumanlı,0,28
Tbilisi,22,6,1,Yağışlı,0,46
Heydər Əliyev,8,3,0,Dumanlı,0,80
Atatürk,21,0,0,Yağışlı,0,40
Rəşid Behbudov,22,3,0,Açıq,0,17
Ziya Bünyadov,2,3,0,Yağışlı,0,53
İstiqlaliyyət,13,2,0,Açıq,0,36
Rəşid Behbudov,18,1,0,Dumanlı,0,79
Heydər Əliyev,3,2,0,Dumanlı,0,42
Rəşid Behbudov,10,3,0,Yağışlı,0,46
Atatürk,19,3,0,Dumanlı,0,64
Babək,9,6,1,Dumanlı,1,69
Atatürk,14,3,0,Açıq,0,34
Zərdabi,10,2,0,Yağışlı,0,62
Tbilisi,1,6,1,Qarlı,0,61
İstiqlaliyyət,2,4,0,Yağışlı,1,46
Heydər Əliyev,6,5,1,Açıq,1,44
Babək,2,1,0,Qarlı,0,53
Ziya Bünyadov,10,0,0,Yağışlı,0,60
Qara Qarayev,5,3,0,Dumanlı,0,27
Neftçilər,23,2,0,Açıq,3,86
Ziya Bünyadov,3,6,1,Yağışlı,0,62
Tbilisi,9,1,0,Açıq,1,94
Atatürk,2,0,0,Yağışlı,0,41
İstiqlaliyyət,2,1,0,Dumanlı,0,39
İstiqlaliyyət,7,2,0,Qarlı,1,100
Zərdabi,0,4,0,Qarlı,1,59
Zərdabi,20,3,0,Açıq,0,71
Atatürk,3,4,0,Dumanlı,0,33
Zərdabi,19,2,0,Yağışlı,0,92
Rəşid Behbudov,13,6,1,Dumanlı,0,49
Tbilisi,19,2,0,Qarlı,1,100
İstiqlaliyyət,10,4,0,Açıq,0,21
Babək,10,3,0,Açıq,0,37
Rəşid Behbudov,20,1,0,Dumanlı,0,69
Ziya Bünyadov,2,4,0,Qarlı,0,72
Tbilisi,21,6,1,Dumanlı,1,47
Neftçilər,19,6,1,Dumanlı,0,43
Heydər Əliyev,14,3,0,Yağışlı,0,61
Heydər Əliyev,18,6,1,Qarlı,0,67
Heydər Əliyev,20,2,0,Açıq,1,100
Rəşid Behbudov,1,1,0,Qarlı,1,75
Tbilisi,21,6,1,Yağışlı,0,49
Zərdabi,19,4,0,Dumanlı,2,100
Neftçilər,1,4,0,Dumanlı,1,61
Zərdabi,7,4,0,Açıq,0,72
Zərdabi,21,4,0,Qarlı,0,66
Neftçilər,21,2,0,Dumanlı,0,25
Neftçilər,11,3,0,Qarlı,0,69
Heydər Əliyev,16,0,0,Qarlı,0,52
Ziya Bünyadov,9,2,0,Açıq,0,85
Qara Qarayev,7,3,0,Yağışlı,1,91
Atatürk,3,4,0,Qarlı,0,51
Babək,16,3,0,Açıq,0,42
Atatürk,18,3,0,Yağışlı,1,100
Heydər Əliyev,11,4,0,Dumanlı,0,43
Rəşid Behbudov,17,0,0,Yağışlı,0,86
İstiqlaliyyət,12,3,0,Açıq,1,55
Rəşid Behbudov,23,0,0,Dumanlı,2,91
Tbilisi,9,1,0,Yağışlı,1,100
Neftçilər,12,3,0,Yağışlı,0,47
Heydər Əliyev,21,2,0,Yağışlı,0,46
Babək,7,6,1,Dumanlı,0,52
Heydər Əliyev,21,1,0,Qarlı,0,44
Heydər Əliyev,19,6,1,Açıq,0,45
Qara Qarayev,16,3,0,Açıq,0,52
Zərdabi,8,4,0,Açıq,1,81
İstiqlaliyyət,7,5,1,Qarlı,0,71
Rəşid Behbudov,22,6,1,Qarlı,1,75
Rəşid Behbudov,5,4,0,Qarlı,0,59
Zərdabi,1,4,0,Qarlı,0,47
Rəşid Behbudov,10,4,0,Açıq,0,35
Neftçilər,6,1,0,Dumanlı,0,26
Zərdabi,3,3,0,Qarlı,0,64
Rəşid Behbudov,13,4,0,Qarlı,0,60
Heydər Əliyev,7,4,0,Açıq,1,95
Qara Qarayev,0,5,1,Açıq,0,20
Neftçilər,11,1,0,Yağışlı,0,69
Zərdabi,8,4,0,Yağışlı,0,77
Neftçilər,17,5,1,Yağışlı,0,61
Qara Qarayev,7,0,0,Dumanlı,0,79
Qara Qarayev,6,4,0,Qarlı,1,54
Heydər Əliyev,10,4,0,Yağışlı,0,61
Ziya Bünyadov,23,2,0,Dumanlı,0,37
Babək,0,1,0,Yağışlı,0,36
Atatürk,15,3,0,Qarlı,1,96
Tbilisi,14,3,0,Yağışlı,0,42
Babək,12,1,0,Yağışlı,0,50
Neftçilər,2,4,0,Yağışlı,0,50
Heydər Əliyev,14,5,1,Yağışlı,0,61
Atatürk,2,4,0,Dumanlı,0,25
Heydər Əliyev,0,2,0,Yağışlı,0,50
Tbilisi,9,5,1,Dumanlı,0,51
Heydər Əliyev,23,1,0,Yağışlı,0,39
Qara Qarayev,4,3,0,Dumanlı,0,32
Ziya Bünyadov,23,2,0,Açıq,1,61
Ziya Bünyadov,23,3,0,Dumanlı,0,50
Tbilisi,21,1,0,Dumanlı,0,30
İstiqlaliyyət,13,5,1,Dumanlı,0,59
Tbilisi,1,2,0,Dumanlı,0,28
Neftçilər,16,2,0,Dumanlı,1,58
Babək,6,2,0,Qarlı,0,68
Ziya Bünyadov,16,1,0,Yağışlı,0,79
Heydər Əliyev,7,5,1,Dumanlı,1,79
Rəşid Behbudov,16,2,0,Qarlı,0,70
Babək,7,5,1,Yağışlı,0,51
Tbilisi,11,2,0,Yağışlı,0,49
İstiqlaliyyət,12,2,0,Dumanlı,0,55
Neftçilər,9,3,0,Qarlı,1,100
Rəşid Behbudov,4,4,0,Qarlı,0,54
Tbilisi,10,6,1,Açıq,0,43
Ziya Bünyadov,20,6,1,Yağışlı,0,66
İstiqlaliyyət,7,0,0,Yağışlı,0,100
Neftçilər,20,0,0,Dumanlı,0,80
Rəşid Behbudov,20,2,0,Qarlı,1,100
Neftçilər,21,2,0,Dumanlı,0,40
Atatürk,14,4,0,Dumanlı,0,57
Heydər Əliyev,16,6,1,Qarlı,0,69
Atatürk,15,3,0,Dumanlı,0,63
Tbilisi,7,6,1,Dumanlı,0,42
Atatürk,19,6,1,Qarlı,0,65
Ziya Bünyadov,1,3,0,Açıq,0,35
Ziya Bünyadov,2,6,1,Dumanlı,0,50
Heydər Əliyev,15,0,0,Qarlı,0,61
Babək,2,5,1,Qarlı,0,42
Babək,12,2,0,Yağışlı,0,61
Ziya Bünyadov,2,1,0,Dumanlı,0,48
Zərdabi,16,1,0,Yağışlı,0,69
Zərdabi,12,2,0,Açıq,0,37
Heydər Əliyev,4,0,0,Qarlı,0,48
Ziya Bünyadov,9,5,1,Qarlı,3,100
Atatürk,15,6,1,Yağışlı,0,72
Neftçilər,2,0,0,Açıq,0,16
Rəşid Behbudov,0,5,1,Dumanlı,0,41
Qara Qarayev,22,2,0,Dumanlı,0,31
Babək,17,5,1,Dumanlı,0,61
Zərdabi,14,6,1,Dumanlı,0,37
İstiqlaliyyət,15,3,0,Açıq,0,35
Heydər Əliyev,13,5,1,Yağışlı,1,64
Tbilisi,5,2,0,Açıq,0,19
Heydər Əliyev,10,2,0,Açıq,0,21
Atatürk,6,6,1,Qarlı,0,46
Heydər Əliyev,9,4,0,Dumanlı,0,91
Zərdabi,20,3,0,Açıq,0,58
Atatürk,3,1,0,Qarlı,0,41
Tbilisi,0,3,0,Dumanlı,0,43
Babək,1,6,1,Yağışlı,0,28
Qara Qarayev,20,6,1,Açıq,0,28
Zərdabi,19,6,1,Qarlı,1,86
Ziya Bünyadov,21,3,0,Qarlı,0,57
Tbilisi,4,6,1,Açıq,0,28
Rəşid Behbudov,5,6,1,Dumanlı,0,41
Atatürk,19,5,1,Yağışlı,0,57
Atatürk,18,2,0,Qarlı,0,97
Babək,19,1,0,Açıq,1,96
Heydər Əliyev,15,3,0,Dumanlı,0,41
Atatürk,22,5,1,Qarlı,0,58
Tbilisi,19,4,0,Qarlı,0,100
Babək,1,0,0,Dumanlı,0,38
Zərdabi,8,1,0,Qarlı,0,100
İstiqlaliyyət,13,1,0,Yağışlı,1,87
Rəşid Behbudov,5,4,0,Açıq,0,15
Qara Qarayev,15,1,0,Yağışlı,1,82
Neftçilər,4,4,0,Yağışlı,0,33
Zərdabi,10,2,0,Qarlı,1,87
Qara Qarayev,5,5,1,Açıq,0,13
İstiqlaliyyət,12,3,0,Dumanlı,0,44
Atatürk,15,0,0,Yağışlı,0,63
Ziya Bünyadov,13,6,1,Dumanlı,0,51
Babək,14,6,1,Dumanlı,0,34
Heydər Əliyev,17,1,0,Dumanlı,0,72
Neftçilər,15,3,0,Yağışlı,1,85
Rəşid Behbudov,19,3,0,Açıq,0,70
Babək,16,5,1,Qarlı,0,75
Zərdabi,0,4,0,Dumanlı,0,31
Rəşid Behbudov,16,6,1,Yağışlı,0,55
Heydər Əliyev,21,5,1,Yağışlı,0,40
Heydər Əliyev,15,5,1,Yağışlı,0,57
Babək,16,4,0,Açıq,0,43
Heydər Əliyev,10,0,0,Açıq,0,36
Zərdabi,13,6,1,Dumanlı,0,52
Tbilisi,5,3,0,Qarlı,0,54
Qara Qarayev,17,5,1,Yağışlı,0,53
Zərdabi,19,0,0,Yağışlı,2,100
İstiqlaliyyət,15,6,1,Qarlı,1,100
Babək,4,0,0,Dumanlı,0,35
Neftçilər,14,0,0,Yağışlı,0,65
Neftçilər,2,4,0,Yağışlı,0,45
Atatürk,1,4,0,Açıq,0,13
Babək,1,0,0,Açıq,0,27
Rəşid Behbudov,3,5,1,Açıq,0,26
Zərdabi,16,5,1,Açıq,3,89
Qara Qarayev,16,3,0,Dumanlı,0,60
İstiqlaliyyət,5,0,0,Açıq,0,29
Ziya Bünyadov,19,4,0,Yağışlı,1,100
Zərdabi,21,0,0,Dumanlı,0,41
Heydər Əliyev,3,3,0,Qarlı,0,56
Ziya Bünyadov,18,1,0,Açıq,0,65
Ziya Bünyadov,22,3,0,Dumanlı,0,44
Rəşid Behbudov,10,2,0,Açıq,2,93
Tbilisi,3,2,0,Qarlı,0,51
Neftçilər,14,0,0,Qarlı,1,94
Zərdabi,0,6,1,Qarlı,0,58
Qara Qarayev,23,1,0,Açıq,1,28
Heydər Əliyev,16,1,0,Yağışlı,0,65
Qara Qarayev,19,0,0,Dumanlı,0,90
Ziya Bünyadov,9,2,0,Dumanlı,2,100
Ziya Bünyadov,23,2,0,Yağışlı,0,39
Babək,21,5,1,Açıq,0,27
Neftçilər,21,4,0,Açıq,0,16
İstiqlaliyyət,18,6,1,Qarlı,0,73
Neftçilər,10,2,0,Açıq,0,36
Atatürk,0,3,0,Dumanlı,0,23
Qara Qarayev,12,0,0,Yağışlı,0,52
Qara Qarayev,16,4,0,Qarlı,2,100
Tbilisi,22,5,1,Qarlı,0,53
Zərdabi,20,6,1,Açıq,1,67
Heydər Əliyev,16,6,1,Yağışlı,0,72
Tbilisi,18,1,0,Açıq,0,79
Zərdabi,13,2,0,Dumanlı,0,67
Babək,4,5,1,Qarlı,2,97
Ziya Bünyadov,13,6,1,Dumanlı,2,100
Zərdabi,6,1,0,Açıq,1,47
Qara Qarayev,21,0,0,Yağışlı,0,47
Neftçilər,21,6,1,Yağışlı,0,49
Qara Qarayev,3,1,0,Qarlı,0,55
İstiqlaliyyət,16,6,1,Dumanlı,0,44
Rəşid Behbudov,20,0,0,Dumanlı,0,90
Atatürk,15,2,0,Yağışlı,0,60
İstiqlaliyyət,10,5,1,Dumanlı,0,71
Zərdabi,2,5,1,Yağışlı,0,40
Babək,4,6,1,Yağışlı,0,46
Heydər Əliyev,13,2,0,Yağışlı,0,75
Qara Qarayev,9,2,0,Açıq,0,72
Qara Qarayev,18,4,0,Açıq,0,71
Rəşid Behbudov,12,2,0,Qarlı,0,62
İstiqlaliyyət,20,6,1,Yağışlı,0,51
Rəşid Behbudov,8,5,1,Qarlı,0,49
Heydər Əliyev,3,1,0,Yağışlı,3,100
Atatürk,15,0,0,Açıq,0,41
İstiqlaliyyət,15,2,0,Açıq,0,50
Atatürk,0,0,0,Dumanlı,0,24
Zərdabi,20,6,1,Yağışlı,0,64
Ziya Bünyadov,9,1,0,Yağışlı,0,100
Ziya Bünyadov,21,1,0,Yağışlı,0,43
Rəşid Behbudov,22,1,0,Açıq,1,37
Neftçilər,20,4,0,Qarlı,0,100
İstiqlaliyyət,16,2,0,Dumanlı,1,73
Babək,10,0,0,Yağışlı,0,61
Tbilisi,1,4,0,Dumanlı,0,35
Heydər Əliyev,13,1,0,Yağışlı,0,62
Neftçilər,4,3,0,Açıq,1,44
Tbilisi,19,4,0,Yağışlı,1,100
Babək,22,4,0,Qarlı,1,70
Neftçilər,12,5,1,Dumanlı,0,43
Rəşid Behbudov,22,0,0,Açıq,0,21
Rəşid Behbudov,1,3,0,Açıq,0,15
Neftçilər,7,4,0,Qarlı,0,87
İstiqlaliyyət,17,2,0,Qarlı,1,100
Qara Qarayev,20,5,1,Açıq,1,66
Babək,14,4,0,Yağışlı,0,70
Ziya Bünyadov,5,3,0,Açıq,0,27
Zərdabi,18,2,0,Yağışlı,0,97
Heydər Əliyev,6,6,1,Açıq,0,13
Neftçilər,8,2,0,Yağışlı,0,100
Neftçilər,6,2,0,Qarlı,0,48
Qara Qarayev,16,1,0,Açıq,0,39
Qara Qarayev,19,5,1,Açıq,0,24
Tbilisi,15,5,1,Qarlı,0,62
Rəşid Behbudov,9,0,0,Açıq,0,76
Babək,9,3,0,Qarlı,0,99
Neftçilər,11,6,1,Qarlı,0,67
Heydər Əliyev,6,0,0,Yağışlı,0,43
Heydər Əliyev,16,0,0,Qarlı,0,88
Qara Qarayev,17,0,0,Dumanlı,0,75
Rəşid Behbudov,19,4,0,Qarlı,0,100
Qara Qarayev,3,0,0,Açıq,1,38
Heydər Əliyev,7,2,0,Qarlı,0,100
İstiqlaliyyət,4,0,0,Dumanlı,1,60
Babək,2,2,0,Açıq,1,44
Qara Qarayev,23,2,0,Açıq,0,13
Tbilisi,17,3,0,Açıq,0,50
Neftçilər,20,4,0,Açıq,3,100
Zərdabi,6,5,1,Qarlı,0,46
Tbilisi,7,3,0,Açıq,0,74
Ziya Bünyadov,13,3,0,Yağışlı,0,76
Neftçilər,7,4,0,Yağışlı,1,100
Tbilisi,18,0,0,Yağışlı,0,91
İstiqlaliyyət,13,1,0,Dumanlı,1,74
Tbilisi,4,0,0,Dumanlı,1,47
Atatürk,22,5,1,Açıq,0,30
Ziya Bünyadov,11,1,0,Açıq,1,79
Babək,2,6,1,Dumanlı,0,35
Atatürk,21,5,1,Qarlı,1,79
Rəşid Behbudov,4,2,0,Açıq,0,25
Heydər Əliyev,15,5,1,Dumanlı,0,53
Babək,4,1,0,Açıq,1,32
Tbilisi,1,4,0,Qarlı,0,50
Qara Qarayev,6,1,0,Açıq,0,10
Ziya Bünyadov,13,4,0,Dumanlı,0,71
Heydər Əliyev,23,1,0,Qarlı,0,52
Rəşid Behbudov,2,4,0,Açıq,0,29
Neftçilər,14,2,0,Açıq,0,23
Tbilisi,14,6,1,Qarlı,0,61
Tbilisi,0,5,1,Dumanlı,0,32
Tbilisi,0,5,1,Açıq,2,64
İstiqlaliyyət,7,0,0,Açıq,0,74
Qara Qarayev,3,0,0,Dumanlı,0,39
Atatürk,7,4,0,Açıq,0,74
Heydər Əliyev,9,5,1,Qarlı,0,77
Tbilisi,23,3,0,Dumanlı,0,37
Babək,23,1,0,Dumanlı,0,24
Ziya Bünyadov,3,0,0,Dumanlı,0,46
Qara Qarayev,23,3,0,Dumanlı,0,28
Atatürk,13,6,1,Dumanlı,0,46
Ziya Bünyadov,21,2,0,Yağışlı,0,58
Qara Qarayev,18,0,0,Yağışlı,0,86
Heydər Əliyev,14,1,0,Dumanlı,1,74
Ziya Bünyadov,14,0,0,Yağışlı,0,72
Zərdabi,17,2,0,Yağışlı,0,95
Neftçilər,5,3,0,Açıq,0,30
Heydər Əliyev,14,1,0,Qarlı,2,95
Atatürk,9,1,0,Qarlı,0,80
Neftçilər,23,6,1,Dumanlı,0,24
Heydər Əliyev,10,5,1,Yağışlı,0,75
Zərdabi,22,5,1,Dumanlı,1,51
Ziya Bünyadov,2,1,0,Yağışlı,0,54
Zərdabi,9,3,0,Qarlı,0,97
Rəşid Behbudov,9,5,1,Dumanlı,0,44
Babək,20,4,0,Açıq,0,83
Zərdabi,5,6,1,Qarlı,0,43
Ziya Bünyadov,2,0,0,Yağışlı,0,47
Ziya Bünyadov,15,4,0,Qarlı,1,100
Neftçilər,11,5,1,Yağışlı,0,67
Qara Qarayev,12,1,0,Yağışlı,0,56
Babək,15,6,1,Qarlı,0,77
Heydər Əliyev,4,1,0,Qarlı,0,55
İstiqlaliyyət,22,4,0,Dumanlı,0,33
Heydər Əliyev,17,2,0,Qarlı,0,100
Zərdabi,11,3,0,Açıq,0,48
Qara Qarayev,17,5,1,Açıq,0,34
İstiqlaliyyət,15,5,1,Qarlı,0,64
Heydər Əliyev,22,3,0,Açıq,0,11
Atatürk,6,6,1,Qarlı,0,62
Neftçilər,2,6,1,Yağışlı,1,57
Rəşid Behbudov,23,2,0,Açıq,1,33
İstiqlaliyyət,22,6,1,Yağışlı,0,44
Ziya Bünyadov,18,3,0,Açıq,0,91
Heydər Əliyev,21,3,0,Açıq,1,49
Ziya Bünyadov,14,4,0,Yağışlı,0,80
Babək,9,4,0,Qarlı,0,94
Zərdabi,22,2,0,Qarlı,0,49
Tbilisi,9,2,0,Qarlı,0,100
Zərdabi,19,2,0,Açıq,0,62
Tbilisi,10,1,0,Qarlı,0,78
Zərdabi,1,5,1,Açıq,0,28
Zərdabi,4,4,0,Yağışlı,2,80
Atatürk,14,6,1,Yağışlı,0,51
Ziya Bünyadov,9,4,0,Açıq,1,100
Tbilisi,10,2,0,Dumanlı,0,41
Neftçilər,13,4,0,Qarlı,0,82
Qara Qarayev,11,6,1,Açıq,0,45
Tbilisi,8,6,1,Yağışlı,0,45
Heydər Əliyev,9,5,1,Qarlı,1,94
Neftçilər,15,1,0,Açıq,0,49
Qara Qarayev,9,6,1,Açıq,1,67
Atatürk,21,6,1,Qarlı,0,52
Heydər Əliyev,12,6,1,Açıq,0,49
Atatürk,22,4,0,Açıq,0,21
Rəşid Behbudov,15,2,0,Dumanlı,0,59
Zərdabi,3,6,1,Qarlı,0,58
Zərdabi,6,5,1,Açıq,0,23
Babək,20,2,0,Yağışlı,0,97
Qara Qarayev,22,1,0,Açıq,0,24
Atatürk,8,3,0,Açıq,0,67
Atatürk,7,1,0,Yağışlı,0,83
Heydər Əliyev,13,0,0,Yağışlı,1,87
Atatürk,11,2,0,Yağışlı,0,53
Rəşid Behbudov,15,5,1,Yağışlı,0,62
Atatürk,8,1,0,Qarlı,2,100
Qara Qarayev,12,1,0,Qarlı,0,65
İstiqlaliyyət,5,5,1,Açıq,0,10
Neftçilər,2,3,0,Qarlı,1,88
İstiqlaliyyət,2,6,1,Açıq,0,19
Heydər Əliyev,14,4,0,Qarlı,0,76
Zərdabi,11,1,0,Dumanlı,0,41
Heydər Əliyev,18,1,0,Açıq,0,72
Rəşid Behbudov,16,4,0,Qarlı,0,68
Heydər Əliyev,22,1,0,Dumanlı,0,30
Heydər Əliyev,11,3,0,Açıq,0,46
Atatürk,8,1,0,Açıq,0,66
Babək,17,5,1,Açıq,0,39
Rəşid Behbudov,8,0,0,Dumanlı,0,87
Ziya Bünyadov,20,3,0,Qarlı,0,100
İstiqlaliyyət,23,6,1,Yağışlı,0,37
Rəşid Behbudov,20,2,0,Açıq,0,71
Babək,9,4,0,Yağışlı,0,94
Rəşid Behbudov,16,2,0,Qarlı,0,94
Neftçilər,19,5,1,Dumanlı,0,50
Babək,19,1,0,Yağışlı,0,87
Atatürk,20,6,1,Açıq,0,30
Heydər Əliyev,18,5,1,Yağışlı,0,56
Atatürk,20,4,0,Açıq,0,73
Heydər Əliyev,0,0,0,Açıq,0,24
Babək,13,2,0,Dumanlı,0,52
Neftçilər,0,1,0,Qarlı,0,58
Rəşid Behbudov,18,4,0,Yağışlı,0,74
Zərdabi,10,0,0,Dumanlı,0,72
Tbilisi,18,4,0,Açıq,0,74
Atatürk,12,6,1,Dumanlı,1,84
Tbilisi,23,3,0,Dumanlı,0,41
Atatürk,15,1,0,Yağışlı,0,55
Qara Qarayev,17,4,0,Qarlı,0,100
Zərdabi,12,4,0,Qarlı,0,73
Heydər Əliyev,8,0,0,Dumanlı,2,100
Atatürk,18,2,0,Yağışlı,1,100
Heydər Əliyev,6,4,0,Açıq,0,28
Tbilisi,15,1,0,Açıq,0,48
Atatürk,17,1,0,Dumanlı,0,92
Babək,14,3,0,Dumanlı,0,47
Babək,6,1,0,Qarlı,0,62
Zərdabi,3,3,0,Qarlı,0,61
Heydər Əliyev,5,2,0,Dumanlı,0,40
Tbilisi,7,0,0,Qarlı,1,100
Zərdabi,11,5,1,Qarlı,0,81
Qara Qarayev,9,6,1,Yağışlı,0,61
Qara Qarayev,12,4,0,Açıq,0,33
Tbilisi,11,3,0,Dumanlı,0,57
Neftçilər,9,0,0,Açıq,0,74
Zərdabi,15,5,1,Açıq,0,23
Rəşid Behbudov,16,4,0,Qarlı,0,73
Rəşid Behbudov,12,0,0,Dumanlı,0,53
Zərdabi,10,4,0,Açıq,0,46
Rəşid Behbudov,4,4,0,Yağışlı,0,45
Heydər Əliyev,8,2,0,Açıq,3,100
Qara Qarayev,20,0,0,Yağışlı,0,100
Babək,9,5,1,Qarlı,0,62
Ziya Bünyadov,10,1,0,Açıq,0,44
Heydər Əliyev,20,4,0,Yağışlı,0,92
Neftçilər,0,5,1,Qarlı,0,56
Neftçilər,16,3,0,Yağışlı,0,50
Heydər Əliyev,5,0,0,Qarlı,2,99
Rəşid Behbudov,0,0,0,Dumanlı,0,27
İstiqlaliyyət,10,6,1,Dumanlı,0,66
Neftçilər,5,1,0,Açıq,0,10
Babək,14,0,0,Açıq,0,41
Atatürk,23,1,0,Dumanlı,0,25
Atatürk,7,2,0,Dumanlı,0,74
Babək,11,2,0,Dumanlı,0,49
Neftçilər,3,0,0,Yağışlı,0,36
Heydər Əliyev,5,4,0,Açıq,0,18
Rəşid Behbudov,3,3,0,Açıq,0,30
Tbilisi,22,3,0,Qarlı,0,59
Babək,15,6,1,Qarlı,0,63
Neftçilər,20,3,0,Yağışlı,0,99
Atatürk,5,3,0,Qarlı,0,56
Atatürk,11,2,0,Dumanlı,0,43
Heydər Əliyev,6,0,0,Qarlı,0,47
Rəşid Behbudov,23,5,1,Dumanlı,0,33
İstiqlaliyyət,23,4,0,Qarlı,0,56
Qara Qarayev,23,2,0,Qarlı,0,51
Rəşid Behbudov,7,6,1,Qarlı,0,63
Rəşid Behbudov,4,5,1,Qarlı,0,47
İstiqlaliyyət,3,4,0,Qarlı,0,58
İstiqlaliyyət,9,6,1,Qarlı,0,54
Ziya Bünyadov,21,1,0,Qarlı,0,62
Neftçilər,11,6,1,Açıq,0,45
Atatürk,23,2,0,Dumanlı,0,40
Ziya Bünyadov,19,4,0,Açıq,0,85
Babək,23,6,1,Dumanlı,0,43
Zərdabi,7,6,1,Yağışlı,0,61
Heydər Əliyev,14,6,1,Dumanlı,0,40
Zərdabi,11,1,0,Açıq,0,50
Rəşid Behbudov,12,1,0,Dumanlı,0,60
Qara Qarayev,2,5,1,Açıq,1,47
Zərdabi,15,2,0,Dumanlı,2,100
Zərdabi,16,5,1,Yağışlı,0,65
Neftçilər,15,0,0,Açıq,0,21
Zərdabi,1,4,0,Yağışlı,0,47
Qara Qarayev,1,3,0,Qarlı,0,57
Qara Qarayev,10,0,0,Dumanlı,1,62
Tbilisi,4,5,1,Qarlı,0,53
Babək,22,4,0,Qarlı,0,55
Tbilisi,5,1,0,Dumanlı,1,43
Tbilisi,10,1,0,Yağışlı,0,57
Ziya Bünyadov,20,3,0,Qarlı,0,100
Zərdabi,15,0,0,Yağışlı,0,58
Qara Qarayev,12,1,0,Qarlı,1,92
İstiqlaliyyət,11,6,1,Qarlı,0,90
İstiqlaliyyət,8,1,0,Qarlı,0,89
Tbilisi,12,0,0,Qarlı,0,52
Qara Qarayev,1,6,1,Açıq,0,12
Rəşid Behbudov,23,2,0,Açıq,0,11
Rəşid Behbudov,10,0,0,Açıq,1,66
Atatürk,10,4,0,Dumanlı,0,48
Tbilisi,5,0,0,Yağışlı,2,76
Heydər Əliyev,9,6,1,Açıq,0,35
Heydər Əliyev,8,3,0,Qarlı,0,95
Qara Qarayev,17,0,0,Dumanlı,1,100
Zərdabi,14,6,1,Açıq,0,42
Zərdabi,12,3,0,Dumanlı,0,58
Neftçilər,6,1,0,Dumanlı,0,26
Heydər Əliyev,2,4,0,Açıq,0,12
Atatürk,7,4,0,Açıq,0,75
İstiqlaliyyət,11,4,0,Qarlı,0,74
Neftçilər,15,3,0,Yağışlı,0,57
Zərdabi,0,1,0,Açıq,0,16
Rəşid Behbudov,11,5,1,Açıq,0,31
Babək,12,4,0,Qarlı,1,84
Ziya Bünyadov,20,6,1,Yağışlı,0,64
Ziya Bünyadov,13,2,0,Yağışlı,1,100
Heydər Əliyev,4,2,0,Qarlı,0,55
Zərdabi,15,2,0,Yağışlı,0,61
Ziya Bünyadov,22,4,0,Yağışlı,0,51
Rəşid Behbudov,0,4,0,Qarlı,0,48
Tbilisi,6,4,0,Dumanlı,0,36
Qara Qarayev,11,6,1,Açıq,0,44
Neftçilər,19,5,1,Dumanlı,0,45
Atatürk,14,0,0,Açıq,1,69
İstiqlaliyyət,20,5,1,Yağışlı,0,50
Qara Qarayev,13,3,0,Qarlı,0,69
Ziya Bünyadov,10,1,0,Açıq,0,58
Ziya Bünyadov,3,6,1,Yağışlı,0,39
Ziya Bünyadov,19,3,0,Qarlı,2,100
Ziya Bünyadov,5,2,0,Açıq,1,64
Zərdabi,23,5,1,Yağışlı,0,43
Heydər Əliyev,12,3,0,Dumanlı,0,42
Ziya Bünyadov,7,1,0,Yağışlı,0,100
Babək,15,0,0,Qarlı,0,60
Tbilisi,14,2,0,Açıq,0,28
İstiqlaliyyət,13,6,1,Dumanlı,1,83
Tbilisi,11,5,1,Açıq,0,32
Neftçilər,7,1,0,Qarlı,0,98
Zərdabi,5,6,1,Yağışlı,0,36
Atatürk,3,6,1,Açıq,0,21
Zərdabi,22,4,0,Qarlı,1,69
Babək,20,2,0,Yağışlı,0,87
Qara Qarayev,1,1,0,Yağışlı,0,41
Neftçilər,12,5,1,Dumanlı,0,48
Babək,17,0,0,Qarlı,0,100
Ziya Bünyadov,22,6,1,Yağışlı,0,37
İstiqlaliyyət,22,1,0,Dumanlı,1,42
Tbilisi,7,6,1,Yağışlı,0,47
Rəşid Behbudov,4,3,0,Yağışlı,0,44
Atatürk,21,1,0,Açıq,1,34
Atatürk,19,3,0,Dumanlı,2,100
İstiqlaliyyət,12,5,1,Yağışlı,1,64
Tbilisi,21,4,0,Yağışlı,1,50
Qara Qarayev,11,0,0,Dumanlı,0,37
Zərdabi,0,5,1,Açıq,0,14
Neftçilər,15,2,0,Qarlı,0,87
Ziya Bünyadov,21,6,1,Açıq,0,28
Babək,0,6,1,Yağışlı,0,38
Rəşid Behbudov,19,6,1,Açıq,0,41
Neftçilər,2,2,0,Açıq,0,22
Heydər Əliyev,23,3,0,Dumanlı,0,38
Babək,7,6,1,Qarlı,0,60
Babək,13,6,1,Dumanlı,0,56
Tbilisi,5,5,1,Yağışlı,0,46
Atatürk,11,4,0,Yağışlı,0,73
Qara Qarayev,5,4,0,Açıq,1,38
Zərdabi,16,1,0,Yağışlı,1,65
Heydər Əliyev,12,2,0,Açıq,1,57
Neftçilər,3,1,0,Yağışlı,0,46
Zərdabi,13,2,0,Dumanlı,0,46
Atatürk,2,3,0,Dumanlı,0,34
Tbilisi,7,5,1,Yağışlı,0,56
Zərdabi,19,5,1,Açıq,0,25
İstiqlaliyyət,0,1,0,Qarlı,0,52
Atatürk,18,0,0,Yağışlı,0,92
Heydər Əliyev,18,4,0,Yağışlı,0,93
Heydər Əliyev,13,5,1,Dumanlı,0,41
Zərdabi,3,4,0,Açıq,0,19
Neftçilər,11,4,0,Qarlı,0,69
Zərdabi,20,3,0,Dumanlı,0,86
İstiqlaliyyət,11,0,0,Yağışlı,0,68
İstiqlaliyyət,9,4,0,Qarlı,0,91
Ziya Bünyadov,6,0,0,Yağışlı,0,60
Babək,13,5,1,Açıq,0,49
Babək,19,0,0,Qarlı,0,100
Babək,7,6,1,Qarlı,0,76
Atatürk,12,3,0,Yağışlı,0,53
Zərdabi,21,2,0,Qarlı,0,58
Tbilisi,14,4,0,Yağışlı,0,69
Ziya Bünyadov,6,5,1,Açıq,0,23
İstiqlaliyyət,14,5,1,Açıq,1,61
Tbilisi,21,1,0,Dumanlı,0,40
Heydər Əliyev,1,1,0,Açıq,0,17
Heydər Əliyev,23,2,0,Açıq,3,80
Ziya Bünyadov,6,3,0,Yağışlı,0,48
Tbilisi,13,0,0,Dumanlı,0,56
Atatürk,16,2,0,Açıq,0,41
Rəşid Behbudov,8,2,0,Qarlı,0,100
Zərdabi,1,5,1,Dumanlı,0,33
Neftçilər,15,6,1,Açıq,0,47
Neftçilər,13,6,1,Dumanlı,1,57
Zərdabi,18,0,0,Qarlı,1,100
Zərdabi,0,0,0,Açıq,0,27
İstiqlaliyyət,11,6,1,Yağışlı,0,42
Tbilisi,2,1,0,Qarlı,0,47
Ziya Bünyadov,4,5,1,Qarlı,1,100
Ziya Bünyadov,16,0,0,Dumanlı,2,100
Qara Qarayev,23,3,0,Açıq,0,18
Babək,7,5,1,Yağışlı,0,42
Rəşid Behbudov,7,2,0,Dumanlı,1,92
Neftçilər,2,2,0,Qarlı,0,49
Babək,6,0,0,Yağışlı,0,46
Neftçilər,6,3,0,Qarlı,0,44
Atatürk,0,3,0,Dumanlı,0,41
Tbilisi,9,3,0,Qarlı,0,99
Atatürk,4,6,1,Dumanlı,0,35
Zərdabi,6,1,0,Dumanlı,0,31
Neftçilər,1,0,0,Açıq,0,18
Ziya Bünyadov,21,1,0,Yağışlı,0,55
Atatürk,10,6,1,Qarlı,0,72
Rəşid Behbudov,6,2,0,Qarlı,0,51
Qara Qarayev,16,6,1,Açıq,1,59
Neftçilər,8,3,0,Yağışlı,0,100
Neftçilər,2,3,0,Yağışlı,0,41
Zərdabi,14,1,0,Açıq,2,75
İstiqlaliyyət,21,5,1,Açıq,0,12
Ziya Bünyadov,5,1,0,Qarlı,0,57
İstiqlaliyyət,2,6,1,Dumanlı,0,41
Heydər Əliyev,21,5,1,Dumanlı,0,26
Rəşid Behbudov,2,4,0,Dumanlı,0,44
Zərdabi,17,1,0,Qarlı,1,100
İstiqlaliyyət,6,5,1,Yağışlı,0,43
Rəşid Behbudov,21,3,0,Qarlı,1,69
Qara Qarayev,21,6,1,Qarlı,0,57
Heydər Əliyev,16,3,0,Yağışlı,0,63
Babək,22,2,0,Qarlı,0,53
Neftçilər,0,1,0,Qarlı,0,55
Tbilisi,17,3,0,Yağışlı,0,89
Qara Qarayev,5,4,0,Dumanlı,0,26
Rəşid Behbudov,10,1,0,Qarlı,0,71
Neftçilər,8,4,0,Yağışlı,0,87
Babək,8,5,1,Dumanlı,0,41
Rəşid Behbudov,17,0,0,Yağışlı,0,91
Zərdabi,21,0,0,Yağışlı,0,42
Neftçilər,22,0,0,Qarlı,0,42
Babək,7,4,0,Açıq,0,83
Rəşid Behbudov,7,2,0,Yağışlı,0,88
Rəşid Behbudov,6,4,0,Dumanlı,0,34
Rəşid Behbudov,18,5,1,Qarlı,0,66
Ziya Bünyadov,0,5,1,Dumanlı,0,43
Zərdabi,5,5,1,Açıq,0,18
Babək,14,6,1,Qarlı,1,81
Qara Qarayev,11,1,0,Dumanlı,1,68
Rəşid Behbudov,12,2,0,Dumanlı,2,82
Heydər Əliyev,22,3,0,Qarlı,0,54
Rəşid Behbudov,4,1,0,Qarlı,0,57
Ziya Bünyadov,20,1,0,Qarlı,1,100
Ziya Bünyadov,20,2,0,Yağışlı,0,98
Ziya Bünyadov,4,1,0,Açıq,0,22
Heydər Əliyev,5,6,1,Açıq,0,12
Qara Qarayev,4,0,0,Yağışlı,0,33
Zərdabi,1,3,0,Açıq,1,37
İstiqlaliyyət,0,1,0,Yağışlı,0,38
Zərdabi,6,1,0,Dumanlı,0,37
Babək,7,1,0,Dumanlı,0,89
Rəşid Behbudov,22,2,0,Qarlı,1,67
Babək,8,0,0,Dumanlı,0,79
Babək,21,0,0,Açıq,2,50
Ziya Bünyadov,3,3,0,Açıq,0,32
Qara Qarayev,1,0,0,Qarlı,0,49
Neftçilər,20,6,1,Açıq,1,53
Qara Qarayev,4,2,0,Yağışlı,0,31
Babək,2,3,0,Qarlı,0,46
Babək,22,0,0,Dumanlı,0,22
Babək,23,6,1,Dumanlı,1,63
Atatürk,17,6,1,Dumanlı,0,48
Heydər Əliyev,6,6,1,Yağışlı,0,45
Qara Qarayev,20,1,0,Açıq,1,92
Rəşid Behbudov,17,4,0,Açıq,0,68
Atatürk,8,0,0,Açıq,0,64
Rəşid Behbudov,18,3,0,Qarlı,0,100
Tbilisi,23,6,1,Qarlı,1,61
İstiqlaliyyət,7,0,0,Qarlı,0,100
Babək,2,2,0,Dumanlı,1,64
Neftçilər,11,4,0,Açıq,0,33
Atatürk,0,0,0,Qarlı,0,63
Atatürk,20,1,0,Qarlı,1,100
Rəşid Behbudov,15,1,0,Qarlı,0,82
Babək,0,6,1,Açıq,0,21
Zərdabi,21,3,0,Açıq,0,15
Ziya Bünyadov,3,2,0,Dumanlı,0,47
Zərdabi,4,6,1,Açıq,0,13
Zərdabi,2,5,1,Yağışlı,1,60
Tbilisi,18,2,0,Qarlı,0,100
Heydər Əliyev,14,0,0,Açıq,0,52
Ziya Bünyadov,19,0,0,Yağışlı,0,86
Atatürk,18,5,1,Yağışlı,0,58
Atatürk,4,6,1,Açıq,0,10
Ziya Bünyadov,18,2,0,Yağışlı,0,91
Ziya Bünyadov,20,2,0,Yağışlı,1,100
Neftçilər,22,0,0,Qarlı,0,39
Ziya Bünyadov,9,5,1,Açıq,0,33
Ziya Bünyadov,5,3,0,Qarlı,0,54
Zərdabi,5,6,1,Açıq,0,17
Neftçilər,8,0,0,Açıq,1,100
Heydər Əliyev,9,4,0,Dumanlı,1,100
Rəşid Behbudov,22,3,0,Dumanlı,0,30
Tbilisi,0,4,0,Açıq,0,28
Atatürk,5,5,1,Qarlı,0,57
Atatürk,6,4,0,Dumanlı,2,75
Tbilisi,10,4,0,Dumanlı,0,44
Ziya Bünyadov,16,0,0,Yağışlı,2,92
Rəşid Behbudov,1,6,1,Açıq,0,25
Zərdabi,17,0,0,Yağışlı,0,90
Rəşid Behbudov,15,4,0,Yağışlı,0,68
Atatürk,21,2,0,Dumanlı,0,38
Ziya Bünyadov,2,1,0,Dumanlı,0,49
Qara Qarayev,5,3,0,Açıq,1,44
Atatürk,0,6,1,Dumanlı,0,33
Neftçilər,10,3,0,Dumanlı,0,41
Atatürk,6,4,0,Açıq,1,46
Atatürk,3,5,1,Yağışlı,0,27
Heydər Əliyev,16,1,0,Açıq,0,27
Ziya Bünyadov,2,0,0,Açıq,0,29
İstiqlaliyyət,21,2,0,Dumanlı,1,41
İstiqlaliyyət,10,0,0,Qarlı,2,100
Rəşid Behbudov,19,3,0,Qarlı,0,95
Ziya Bünyadov,5,1,0,Qarlı,0,55
Neftçilər,22,2,0,Qarlı,1,87
Atatürk,8,2,0,Dumanlı,0,76
Atatürk,10,1,0,Dumanlı,2,89
İstiqlaliyyət,23,0,0,Yağışlı,0,32
Atatürk,3,3,0,Qarlı,1,65
Atatürk,8,5,1,Yağışlı,0,55
Atatürk,7,4,0,Yağışlı,0,96
Tbilisi,13,2,0,Dumanlı,0,53
Zərdabi,8,1,0,Qarlı,1,100
Heydər Əliyev,22,6,1,Açıq,0,12
Atatürk,3,3,0,Yağışlı,0,38
Qara Qarayev,9,2,0,Dumanlı,0,68
Qara Qarayev,3,0,0,Qarlı,0,42
İstiqlaliyyət,15,0,0,Açıq,0,49
Atatürk,4,5,1,Dumanlı,0,41
Babək,18,3,0,Qarlı,0,100
Rəşid Behbudov,12,2,0,Qarlı,0,60
Rəşid Behbudov,18,5,1,Qarlı,0,72
Tbilisi,8,6,1,Yağışlı,1,77
Ziya Bünyadov,5,5,1,Dumanlı,0,32
Rəşid Behbudov,16,6,1,Açıq,0,28
Neftçilər,21,3,0,Qarlı,0,55
Neftçilər,20,1,0,Yağışlı,0,100
Ziya Bünyadov,13,1,0,Qarlı,0,87
Zərdabi,7,0,0,Dumanlı,0,72
Neftçilər,23,0,0,Yağışlı,2,75
İstiqlaliyyət,23,5,1,Açıq,0,19
Atatürk,14,1,0,Dumanlı,0,55
Tbilisi,11,3,0,Dumanlı,0,47
Ziya Bünyadov,18,1,0,Açıq,1,93
Neftçilər,4,0,0,Açıq,0,20
Babək,6,2,0,Açıq,0,23
Zərdabi,17,3,0,Dumanlı,0,91
İstiqlaliyyət,1,0,0,Açıq,0,20
Zərdabi,16,1,0,Açıq,2,84
Atatürk,20,5,1,Qarlı,2,100
Atatürk,4,6,1,Açıq,0,26
Heydər Əliyev,15,4,0,Yağışlı,0,59
Heydər Əliyev,10,5,1,Açıq,0,47
Atatürk,10,4,0,Yağışlı,0,52
Ziya Bünyadov,3,0,0,Yağışlı,0,39
Rəşid Behbudov,23,2,0,Yağışlı,0,42
Heydər Əliyev,17,5,1,Açıq,0,28
Qara Qarayev,10,6,1,Açıq,0,40
Zərdabi,19,0,0,Qarlı,0,93
Atatürk,14,2,0,Dumanlı,0,69
Atatürk,14,2,0,Qarlı,0,77
Heydər Əliyev,4,1,0,Yağışlı,0,39
Babək,10,3,0,Yağışlı,1,100
Qara Qarayev,5,2,0,Yağışlı,2,87
Heydər Əliyev,0,1,0,Yağışlı,2,92
Ziya Bünyadov,6,0,0,Dumanlı,0,38
Atatürk,11,5,1,Açıq,0,30
Zərdabi,5,2,0,Yağışlı,0,41
Neftçilər,2,6,1,Açıq,0,15
Rəşid Behbudov,18,4,0,Yağışlı,0,93
Atatürk,15,6,1,Açıq,0,53
Heydər Əliyev,1,4,0,Yağışlı,0,55
Ziya Bünyadov,8,0,0,Dumanlı,0,84
Qara Qarayev,12,2,0,Yağışlı,0,68
Heydər Əliyev,14,6,1,Qarlı,0,66
Ziya Bünyadov,17,2,0,Qarlı,0,100
Zərdabi,6,4,0,Yağışlı,0,43
Ziya Bünyadov,17,6,1,Açıq,0,45
Rəşid Behbudov,5,5,1,Qarlı,0,49
Qara Qarayev,4,3,0,Açıq,2,48
Babək,7,4,0,Dumanlı,0,77
Tbilisi,5,6,1,Dumanlı,2,82
Rəşid Behbudov,10,4,0,Qarlı,0,74
Heydər Əliyev,21,2,0,Qarlı,0,56
Rəşid Behbudov,21,6,1,Yağışlı,0,49
Tbilisi,9,5,1,Dumanlı,0,51
Heydər Əliyev,3,5,1,Qarlı,0,51
Ziya Bünyadov,7,4,0,Qarlı,0,100
Heydər Əliyev,0,1,0,Yağışlı,0,33
Ziya Bünyadov,4,2,0,Açıq,0,23
İstiqlaliyyət,17,0,0,Dumanlı,1,94
Heydər Əliyev,10,1,0,Dumanlı,0,35
Tbilisi,7,6,1,Qarlı,0,66
Ziya Bünyadov,6,0,0,Qarlı,2,82
Qara Qarayev,15,4,0,Qarlı,0,69
Neftçilər,4,2,0,Qarlı,0,61
Ziya Bünyadov,4,6,1,Açıq,0,38
Atatürk,19,5,1,Yağışlı,0,62
Atatürk,11,5,1,Açıq,0,31
Babək,20,6,1,Açıq,0,23
Zərdabi,2,2,0,Yağışlı,0,45
Neftçilər,16,2,0,Dumanlı,0,51
Zərdabi,5,1,0,Dumanlı,0,29
İstiqlaliyyət,12,4,0,Açıq,1,66
Rəşid Behbudov,8,4,0,Açıq,0,56
Rəşid Behbudov,17,4,0,Yağışlı,0,89
Zərdabi,23,4,0,Dumanlı,0,21
Neftçilər,7,4,0,Dumanlı,0,79
Tbilisi,6,6,1,Qarlı,0,45
Rəşid Behbudov,17,3,0,Açıq,0,73
Ziya Bünyadov,15,6,1,Yağışlı,0,67
Zərdabi,4,1,0,Dumanlı,0,28
Neftçilər,2,2,0,Açıq,1,47
İstiqlaliyyət,17,2,0,Açıq,0,71
Neftçilər,5,0,0,Yağışlı,0,49
Qara Qarayev,9,6,1,Yağışlı,0,38
Atatürk,12,0,0,Yağışlı,0,62
İstiqlaliyyət,15,4,0,Qarlı,0,55
Zərdabi,13,5,1,Dumanlı,0,57
İstiqlaliyyət,5,6,1,Dumanlı,0,31
Tbilisi,5,5,1,Dumanlı,0,24
Ziya Bünyadov,6,0,0,Yağışlı,0,53
Neftçilər,13,4,0,Yağışlı,0,56
Heydər Əliyev,17,0,0,Dumanlı,0,73
Zərdabi,13,0,0,Yağışlı,0,64
İstiqlaliyyət,13,5,1,Yağışlı,0,50
Rəşid Behbudov,23,1,0,Yağışlı,0,29
Zərdabi,13,4,0,Dumanlı,0,57
Atatürk,7,5,1,Dumanlı,0,49
Zərdabi,18,6,1,Dumanlı,0,50
Babək,1,1,0,Dumanlı,0,31
Zərdabi,8,4,0,Yağışlı,0,96
Tbilisi,17,2,0,Yağışlı,0,80
Tbilisi,18,0,0,Dumanlı,0,84
Heydər Əliyev,15,5,1,Yağışlı,0,75
Zərdabi,18,1,0,Dumanlı,2,100
İstiqlaliyyət,11,6,1,Yağışlı,0,79
Heydər Əliyev,13,0,0,Yağışlı,0,66
Rəşid Behbudov,0,3,0,Qarlı,0,48
Neftçilər,11,4,0,Açıq,0,52
Atatürk,18,4,0,Dumanlı,0,74
Ziya Bünyadov,4,3,0,Qarlı,0,60
Ziya Bünyadov,23,0,0,Qarlı,0,67
Tbilisi,20,0,0,Açıq,0,83
Qara Qarayev,3,5,1,Dumanlı,1,57
Zərdabi,3,0,0,Açıq,1,42
Tbilisi,15,3,0,Dumanlı,0,56
İstiqlaliyyət,11,1,0,Dumanlı,0,39
İstiqlaliyyət,6,6,1,Dumanlı,0,23
Neftçilər,10,4,0,Yağışlı,0,50
Neftçilər,4,4,0,Açıq,0,29
İstiqlaliyyət,19,4,0,Açıq,0,54
Qara Qarayev,18,6,1,Dumanlı,0,44
Babək,16,1,0,Yağışlı,0,63
Ziya Bünyadov,6,4,0,Açıq,1,56
Neftçilər,0,5,1,Dumanlı,0,40
Tbilisi,8,0,0,Yağışlı,0,100
Rəşid Behbudov,11,2,0,Yağışlı,0,79
Ziya Bünyadov,10,1,0,Qarlı,0,81
Atatürk,10,5,1,Açıq,1,55
Babək,0,4,0,Yağışlı,0,38
Babək,19,2,0,Dumanlı,0,77
Ziya Bünyadov,18,2,0,Yağışlı,1,100
Rəşid Behbudov,23,0,0,Yağışlı,0,47
Heydər Əliyev,11,6,1,Dumanlı,2,93
Heydər Əliyev,16,0,0,Açıq,0,40
Zərdabi,9,0,0,Dumanlı,0,88
Zərdabi,13,5,1,Dumanlı,0,69
Babək,15,3,0,Dumanlı,0,53
Neftçilər,15,5,1,Yağışlı,0,55
Ziya Bünyadov,20,4,0,Qarlı,0,100
Qara Qarayev,16,0,0,Qarlı,0,95
Zərdabi,12,0,0,Dumanlı,0,47
Qara Qarayev,8,5,1,Yağışlı,0,43
Qara Qarayev,6,2,0,Yağışlı,1,64
Qara Qarayev,16,5,1,Yağışlı,0,44
Tbilisi,9,3,0,Yağışlı,0,86
Atatürk,18,2,0,Açıq,0,68
Babək,2,3,0,Qarlı,0,57
İstiqlaliyyət,4,6,1,Açıq,0,13
Heydər Əliyev,6,6,1,Açıq,2,67
Babək,6,1,0,Açıq,0,24
Qara Qarayev,13,1,0,Qarlı,0,64
Heydər Əliyev,18,6,1,Qarlı,2,100
Heydər Əliyev,14,5,1,Açıq,0,24
İstiqlaliyyət,20,6,1,Yağışlı,0,62
Babək,21,3,0,Qarlı,0,55
Heydər Əliyev,5,4,0,Dumanlı,0,37
Tbilisi,17,6,1,Dumanlı,0,56
Babək,5,1,0,Dumanlı,0,23
Neftçilər,19,3,0,Qarlı,0,95
Tbilisi,21,0,0,Dumanlı,1,38
Heydər Əliyev,4,1,0,Yağışlı,0,30
Ziya Bünyadov,18,3,0,Dumanlı,0,82
Rəşid Behbudov,7,0,0,Yağışlı,1,100
Neftçilər,2,4,0,Yağışlı,0,29
İstiqlaliyyət,20,2,0,Qarlı,0,95
Babək,7,1,0,Yağışlı,0,82
Qara Qarayev,2,3,0,Dumanlı,0,33
Qara Qarayev,7,0,0,Qarlı,0,100
İstiqlaliyyət,3,6,1,Qarlı,0,65
Neftçilər,23,2,0,Yağışlı,0,49
Zərdabi,4,0,0,Açıq,0,21
Zərdabi,3,2,0,Qarlı,0,48
Atatürk,9,0,0,Qarlı,0,92
Babək,22,4,0,Qarlı,0,59
Heydər Əliyev,21,2,0,Yağışlı,0,30
Babək,18,4,0,Dumanlı,0,94
Babək,9,0,0,Yağışlı,0,95
Heydər Əliyev,0,4,0,Açıq,0,14
Ziya Bünyadov,19,4,0,Yağışlı,0,90
Neftçilər,23,5,1,Dumanlı,0,35
Heydər Əliyev,9,1,0,Qarlı,0,100
Heydər Əliyev,18,6,1,Qarlı,0,73
Heydər Əliyev,9,4,0,Dumanlı,0,79
İstiqlaliyyət,13,3,0,Dumanlı,0,45
Rəşid Behbudov,22,6,1,Açıq,1,51
İstiqlaliyyət,7,2,0,Yağışlı,0,100
İstiqlaliyyət,3,1,0,Açıq,0,30
Tbilisi,3,6,1,Açıq,0,16
Tbilisi,5,4,0,Yağışlı,0,35
İstiqlaliyyət,1,6,1,Yağışlı,0,49
Zərdabi,14,1,0,Qarlı,0,56
Neftçilər,18,4,0,Dumanlı,0,88
Heydər Əliyev,18,2,0,Dumanlı,1,91
Neftçilər,22,1,0,Qarlı,0,55
İstiqlaliyyət,8,4,0,Açıq,0,66
Neftçilər,22,3,0,Açıq,0,29
Ziya Bünyadov,22,5,1,Dumanlı,0,51
Ziya Bünyadov,16,6,1,Açıq,0,53
İstiqlaliyyət,6,6,1,Yağışlı,0,38
Tbilisi,15,3,0,Qarlı,1,89
Zərdabi,10,3,0,Qarlı,0,80
Ziya Bünyadov,21,1,0,Açıq,0,29
Rəşid Behbudov,21,5,1,Yağışlı,0,42
Zərdabi,20,6,1,Dumanlı,0,46
Tbilisi,12,1,0,Qarlı,1,100
Ziya Bünyadov,5,6,1,Yağışlı,0,47
İstiqlaliyyət,15,0,0,Açıq,0,53
Neftçilər,16,5,1,Açıq,0,45
Qara Qarayev,16,0,0,Dumanlı,0,36
Tbilisi,4,5,1,Yağışlı,0,34
Heydər Əliyev,1,3,0,Açıq,0,16
Neftçilər,13,2,0,Açıq,0,32
Heydər Əliyev,22,4,0,Açıq,0,25
Neftçilər,18,5,1,Dumanlı,0,52
Qara Qarayev,7,2,0,Açıq,1,100
Qara Qarayev,5,6,1,Dumanlı,1,61
Ziya Bünyadov,3,3,0,Qarlı,0,69
Babək,21,0,0,Açıq,0,16
Zərdabi,8,3,0,Dumanlı,1,100
Heydər Əliyev,19,1,0,Yağışlı,0,75
İstiqlaliyyət,12,2,0,Qarlı,1,75
Ziya Bünyadov,7,6,1,Yağışlı,0,70
Neftçilər,19,1,0,Yağışlı,0,97
Atatürk,11,5,1,Açıq,0,51
Ziya Bünyadov,16,5,1,Dumanlı,1,66
Heydər Əliyev,20,2,0,Qarlı,0,100
Neftçilər,4,1,0,Açıq,0,25
Neftçilər,16,2,0,Açıq,0,29
Zərdabi,17,3,0,Açıq,0,74
Heydər Əliyev,15,5,1,Yağışlı,1,79
Ziya Bünyadov,0,3,0,Açıq,1,62
İstiqlaliyyət,12,3,0,Yağışlı,0,54
Tbilisi,14,1,0,Qarlı,0,69
Tbilisi,12,2,0,Dumanlı,2,73
Neftçilər,13,0,0,Qarlı,0,81
Atatürk,12,1,0,Yağışlı,1,81
Qara Qarayev,2,6,1,Dumanlı,0,24
Qara Qarayev,16,4,0,Qarlı,0,80
Ziya Bünyadov,12,4,0,Yağışlı,0,73
Rəşid Behbudov,9,5,1,Açıq,0,39
Qara Qarayev,10,3,0,Qarlı,0,70
Ziya Bünyadov,21,5,1,Qarlı,0,64
Neftçilər,22,4,0,Qarlı,3,100
Ziya Bünyadov,6,6,1,Açıq,0,20
Zərdabi,6,1,0,Qarlı,0,60
Rəşid Behbudov,5,3,0,Dumanlı,0,30
Heydər Əliyev,23,1,0,Açıq,0,21
Zərdabi,7,1,0,Açıq,0,64
Tbilisi,11,3,0,Yağışlı,0,56
Babək,0,4,0,Dumanlı,0,31
İstiqlaliyyət,23,1,0,Dumanlı,0,26
Rəşid Behbudov,1,5,1,Açıq,0,16
İstiqlaliyyət,0,1,0,Açıq,0,26
Ziya Bünyadov,23,0,0,Qarlı,0,56
Zərdabi,8,1,0,Açıq,0,71
Babək,21,2,0,Yağışlı,2,70
İstiqlaliyyət,20,3,0,Qarlı,0,100
Heydər Əliyev,6,1,0,Dumanlı,0,24
Rəşid Behbudov,9,5,1,Yağışlı,0,60
Atatürk,8,6,1,Yağışlı,3,100
Qara Qarayev,2,1,0,Dumanlı,0,35
Zərdabi,1,2,0,Açıq,0,20
Atatürk,8,0,0,Qarlı,1,100
Qara Qarayev,9,4,0,Dumanlı,1,92
Qara Qarayev,12,1,0,Yağışlı,1,81
İstiqlaliyyət,12,3,0,Açıq,0,40
Heydər Əliyev,3,0,0,Qarlı,0,64
Zərdabi,2,0,0,Dumanlı,1,57
Rəşid Behbudov,3,2,0,Yağışlı,0,39
Atatürk,9,3,0,Dumanlı,0,86
Qara Qarayev,8,6,1,Yağışlı,0,47
Atatürk,0,5,1,Dumanlı,0,36
Babək,10,5,1,Açıq,0,42
Rəşid Behbudov,7,1,0,Açıq,1,100
Tbilisi,23,5,1,Açıq,1,37
Ziya Bünyadov,21,4,0,Yağışlı,0,46
Zərdabi,23,6,1,Qarlı,0,51
Zərdabi,13,6,1,Qarlı,0,64
Atatürk,23,0,0,Açıq,1,37
Tbilisi,10,6,1,Dumanlı,0,54
Babək,7,6,1,Qarlı,0,73
Ziya Bünyadov,1,3,0,Yağışlı,0,54
Atatürk,14,3,0,Dumanlı,0,63
Zərdabi,18,0,0,Yağışlı,0,78
Heydər Əliyev,4,2,0,Dumanlı,0,24
Neftçilər,21,3,0,Açıq,0,26
Rəşid Behbudov,12,4,0,Dumanlı,0,66
Atatürk,11,0,0,Qarlı,0,67
Heydər Əliyev,0,1,0,Yağışlı,1,43
Zərdabi,18,0,0,Açıq,0,71
Tbilisi,0,6,1,Açıq,1,43
Tbilisi,4,2,0,Yağışlı,0,47
İstiqlaliyyət,22,2,0,Yağışlı,1,73
Neftçilər,12,4,0,Qarlı,0,81
Qara Qarayev,19,1,0,Qarlı,0,99
Atatürk,1,1,0,Açıq,0,18
Qara Qarayev,5,2,0,Qarlı,0,51
İstiqlaliyyət,20,3,0,Yağışlı,0,85
Neftçilər,14,3,0,Yağışlı,0,65
Neftçilər,4,2,0,Qarlı,0,62
Babək,6,2,0,Qarlı,0,48
Neftçilər,6,6,1,Açıq,2,66
Heydər Əliyev,23,6,1,Yağışlı,0,45
Zərdabi,18,2,0,Dumanlı,0,100
İstiqlaliyyət,21,4,0,Açıq,0,17
Tbilisi,15,5,1,Yağışlı,1,73
Heydər Əliyev,4,3,0,Yağışlı,0,48
Tbilisi,5,4,0,Dumanlı,0,32
Tbilisi,17,5,1,Dumanlı,0,47
Heydər Əliyev,7,2,0,Açıq,0,69
Neftçilər,5,5,1,Açıq,0,18
Neftçilər,13,3,0,Açıq,0,47
Heydər Əliyev,20,3,0,Açıq,1,76
Ziya Bünyadov,4,1,0,Dumanlı,1,60
Rəşid Behbudov,19,2,0,Açıq,2,100
Babək,22,5,1,Açıq,0,21
Zərdabi,7,6,1,Açıq,2,69
Neftçilər,22,4,0,Qarlı,1,74
Qara Qarayev,15,6,1,Qarlı,0,73
Rəşid Behbudov,21,3,0,Qarlı,0,64
Atatürk,0,0,0,Yağışlı,1,69
Babək,16,2,0,Açıq,0,43
Ziya Bünyadov,11,6,1,Açıq,0,61
Zərdabi,3,6,1,Açıq,0,28
Tbilisi,14,1,0,Yağışlı,0,49
Neftçilər,10,0,0,Qarlı,0,82
Tbilisi,5,1,0,Yağışlı,0,41
Qara Qarayev,18,2,0,Qarlı,0,90
İstiqlaliyyət,17,1,0,Açıq,0,85
Babək,15,0,0,Qarlı,1,100
İstiqlaliyyət,1,6,1,Açıq,0,28
İstiqlaliyyət,18,3,0,Qarlı,0,100
Heydər Əliyev,19,2,0,Dumanlı,1,96
Tbilisi,5,3,0,Yağışlı,0,31
Rəşid Behbudov,14,5,1,Dumanlı,0,50
Rəşid Behbudov,6,4,0,Dumanlı,0,42
Rəşid Behbudov,7,6,1,Qarlı,0,67
Neftçilər,6,5,1,Qarlı,0,62
Neftçilər,13,0,0,Açıq,0,38
Tbilisi,22,0,0,Yağışlı,0,51
Qara Qarayev,9,3,0,Yağışlı,0,94
Zərdabi,8,5,1,Qarlı,1,88
Babək,11,2,0,Açıq,1,82
Qara Qarayev,13,4,0,Dumanlı,0,51
Neftçilər,4,1,0,Qarlı,0,44
İstiqlaliyyət,19,1,0,Qarlı,0,100
Babək,8,4,0,Yağışlı,0,93
İstiqlaliyyət,14,3,0,Dumanlı,0,63
Zərdabi,1,4,0,Yağışlı,0,46
Heydər Əliyev,21,0,0,Qarlı,0,58
İstiqlaliyyət,9,1,0,Dumanlı,0,74
Babək,13,1,0,Yağışlı,1,95
Heydər Əliyev,0,0,0,Açıq,0,16
Qara Qarayev,19,0,0,Açıq,1,90
Neftçilər,1,0,0,Qarlı,0,61
İstiqlaliyyət,10,6,1,Yağışlı,0,51
Babək,15,1,0,Yağışlı,0,71
Babək,5,1,0,Yağışlı,0,33
Neftçilər,16,4,0,Açıq,0,41
İstiqlaliyyət,22,1,0,Yağışlı,0,40
Atatürk,12,3,0,Qarlı,0,80
Ziya Bünyadov,17,1,0,Açıq,0,67
Babək,3,0,0,Yağışlı,0,31
Tbilisi,11,6,1,Açıq,0,41
Neftçilər,17,3,0,Qarlı,1,100
İstiqlaliyyət,22,2,0,Yağışlı,0,38
Zərdabi,12,2,0,Yağışlı,0,54
Rəşid Behbudov,6,0,0,Qarlı,0,64
Neftçilər,4,2,0,Yağışlı,0,29
Tbilisi,6,4,0,Qarlı,0,64
Zərdabi,15,2,0,Açıq,0,40
Babək,0,6,1,Qarlı,0,38
Neftçilər,12,4,0,Yağışlı,0,58
Babək,9,4,0,Qarlı,2,100
Tbilisi,22,1,0,Dumanlı,3,99
Qara Qarayev,12,5,1,Açıq,0,42
Neftçilər,0,0,0,Yağışlı,0,35
Qara Qarayev,14,1,0,Açıq,0,37
Tbilisi,12,0,0,Yağışlı,1,92
Qara Qarayev,3,2,0,Yağışlı,0,30
İstiqlaliyyət,22,3,0,Yağışlı,0,47
Neftçilər,10,5,1,Açıq,0,38
Rəşid Behbudov,19,4,0,Dumanlı,0,80
Qara Qarayev,3,6,1,Açıq,0,28
Ziya Bünyadov,11,2,0,Yağışlı,0,82
Neftçilər,10,3,0,Açıq,0,40
Qara Qarayev,3,5,1,Yağışlı,0,42
Qara Qarayev,23,4,0,Qarlı,0,44
Zərdabi,23,6,1,Yağışlı,1,53
Tbilisi,19,0,0,Açıq,0,66
Qara Qarayev,4,0,0,Dumanlı,0,29
Heydər Əliyev,4,4,0,Yağışlı,0,35
Heydər Əliyev,15,4,0,Açıq,0,49
Atatürk,12,1,0,Açıq,0,51
Babək,9,3,0,Açıq,1,97
Babək,1,0,0,Qarlı,0,47
Heydər Əliyev,18,0,0,Yağışlı,2,100
Neftçilər,8,3,0,Açıq,0,76
Ziya Bünyadov,6,5,1,Dumanlı,0,49
Heydər Əliyev,3,0,0,Yağışlı,0,42
Atatürk,21,5,1,Açıq,2,67
Rəşid Behbudov,3,1,0,Yağışlı,0,36
Atatürk,23,3,0,Yağışlı,1,63
Neftçilər,15,3,0,Qarlı,0,71
Atatürk,8,3,0,Dumanlı,0,75
Atatürk,18,6,1,Qarlı,1,80
Rəşid Behbudov,5,6,1,Dumanlı,0,25
Heydər Əliyev,20,6,1,Qarlı,0,73
Zərdabi,20,2,0,Açıq,0,63
Zərdabi,2,1,0,Qarlı,0,44
Neftçilər,22,3,0,Yağışlı,0,54
Heydər Əliyev,7,4,0,Dumanlı,0,76
Tbilisi,4,3,0,Yağışlı,0,34
Atatürk,4,4,0,Açıq,0,13
Babək,18,2,0,Yağışlı,0,98
Qara Qarayev,13,0,0,Dumanlı,0,64
İstiqlaliyyət,4,2,0,Dumanlı,0,30
Babək,5,0,0,Açıq,0,24
İstiqlaliyyət,6,3,0,Yağışlı,2,88
Ziya Bünyadov,11,6,1,Yağışlı,0,66
Heydər Əliyev,17,2,0,Qarlı,2,100
İstiqlaliyyət,9,6,1,Açıq,1,61
Ziya Bünyadov,18,3,0,Qarlı,0,100
İstiqlaliyyət,2,6,1,Açıq,0,18
Heydər Əliyev,4,6,1,Dumanlı,1,54
İstiqlaliyyət,8,3,0,Dumanlı,0,76
Tbilisi,0,0,0,Qarlı,0,39
Qara Qarayev,5,2,0,Qarlı,0,56
Qara Qarayev,12,4,0,Açıq,1,50
İstiqlaliyyət,20,2,0,Yağışlı,0,88
Atatürk,2,0,0,Açıq,0,23
Neftçilər,18,5,1,Qarlı,0,80
Qara Qarayev,17,5,1,Açıq,0,26
Rəşid Behbudov,10,1,0,Açıq,0,37
Babək,16,3,0,Açıq,3,100
Ziya Bünyadov,22,4,0,Qarlı,0,49
Babək,7,1,0,Yağışlı,1,100
Atatürk,11,5,1,Açıq,1,60
Neftçilər,16,4,0,Açıq,0,43
Neftçilər,11,1,0,Dumanlı,0,59
İstiqlaliyyət,17,2,0,Açıq,0,60
Qara Qarayev,4,4,0,Yağışlı,0,34
Zərdabi,12,5,1,Yağışlı,0,52
Rəşid Behbudov,20,0,0,Yağışlı,0,87
Heydər Əliyev,15,4,0,Yağışlı,1,97
Babək,22,4,0,Dumanlı,0,42
Babək,1,1,0,Qarlı,2,97
Babək,20,0,0,Dumanlı,1,100
Tbilisi,19,2,0,Dumanlı,0,78
İstiqlaliyyət,22,2,0,Dumanlı,0,26
Heydər Əliyev,10,4,0,Dumanlı,0,68
Qara Qarayev,7,1,0,Açıq,0,80
Babək,14,2,0,Açıq,0,39
Atatürk,21,5,1,Açıq,0,11
İstiqlaliyyət,0,4,0,Açıq,0,29
Zərdabi,8,0,0,Açıq,0,57
Qara Qarayev,6,4,0,Qarlı,0,55
Rəşid Behbudov,16,4,0,Dumanlı,0,62
Zərdabi,16,3,0,Yağışlı,0,65
Zərdabi,2,2,0,Açıq,1,27
Heydər Əliyev,3,1,0,Yağışlı,0,42
Heydər Əliyev,7,3,0,Açıq,0,61
Ziya Bünyadov,19,2,0,Qarlı,0,100
İstiqlaliyyət,0,4,0,Qarlı,1,69
Ziya Bünyadov,13,6,1,Qarlı,0,85
Ziya Bünyadov,14,5,1,Dumanlı,0,55
Atatürk,9,2,0,Açıq,0,53
Babək,19,0,0,Qarlı,0,97
Qara Qarayev,4,3,0,Yağışlı,0,41
Neftçilər,8,5,1,Qarlı,0,82
Qara Qarayev,22,5,1,Dumanlı,0,39
Atatürk,20,3,0,Dumanlı,0,77
Tbilisi,3,0,0,Açıq,0,10
Rəşid Behbudov,4,5,1,Yağışlı,0,54
Rəşid Behbudov,0,3,0,Qarlı,3,100
Zərdabi,7,5,1,Dumanlı,1,78
Heydər Əliyev,7,0,0,Dumanlı,1,100
Qara Qarayev,13,6,1,Yağışlı,0,67
Zərdabi,2,0,0,Yağışlı,0,37
Neftçilər,1,0,0,Dumanlı,0,20
Ziya Bünyadov,11,3,0,Qarlı,0,83
İstiqlaliyyət,21,3,0,Yağışlı,0,42
Neftçilər,9,5,1,Yağışlı,0,62
Atatürk,20,0,0,Yağışlı,0,98
Ziya Bünyadov,10,1,0,Açıq,0,36
Qara Qarayev,23,4,0,Qarlı,0,46
Babək,3,4,0,Qarlı,2,92
Neftçilər,14,3,0,Açıq,0,59
Qara Qarayev,22,6,1,Açıq,0,15
Neftçilər,21,4,0,Qarlı,0,68
Babək,14,1,0,Yağışlı,0,45
Rəşid Behbudov,17,5,1,Açıq,0,37
Rəşid Behbudov,15,1,0,Yağışlı,1,84
Atatürk,14,0,0,Yağışlı,0,59
Ziya Bünyadov,5,3,0,Açıq,0,32
Neftçilər,23,6,1,Açıq,1,46
Zərdabi,10,6,1,Açıq,2,80
Babək,6,4,0,Dumanlı,0,31
Ziya Bünyadov,7,6,1,Açıq,0,54
Rəşid Behbudov,4,2,0,Yağışlı,0,28
Heydər Əliyev,9,6,1,Yağışlı,0,52
Zərdabi,2,1,0,Açıq,0,10
Tbilisi,19,5,1,Yağışlı,0,56
Qara Qarayev,1,1,0,Açıq,0,11
Zərdabi,21,0,0,Dumanlı,0,26
Babək,17,6,1,Dumanlı,0,47
Qara Qarayev,21,0,0,Dumanlı,0,45
Tbilisi,20,1,0,Qarlı,1,100
Babək,21,5,1,Dumanlı,1,41
Rəşid Behbudov,1,2,0,Yağışlı,0,50
Qara Qarayev,2,0,0,Qarlı,1,72
İstiqlaliyyət,5,6,1,Açıq,0,16
Qara Qarayev,0,4,0,Qarlı,0,63
Tbilisi,0,4,0,Açıq,0,20
Babək,14,1,0,Açıq,0,28
Zərdabi,16,2,0,Dumanlı,1,87
İstiqlaliyyət,2,5,1,Qarlı,0,56
Babək,4,0,0,Açıq,0,22
Qara Qarayev,17,1,0,Açıq,0,60
Rəşid Behbudov,12,5,1,Qarlı,0,73
İstiqlaliyyət,23,0,0,Qarlı,0,58
Rəşid Behbudov,6,5,1,Dumanlı,0,30
Babək,10,0,0,Açıq,0,32
Babək,13,0,0,Açıq,0,37
Rəşid Behbudov,19,4,0,Qarlı,0,100
Zərdabi,6,2,0,Qarlı,2,100
Qara Qarayev,7,0,0,Yağışlı,0,73
Atatürk,17,1,0,Yağışlı,1,100
Rəşid Behbudov,15,5,1,Qarlı,0,78
Zərdabi,2,4,0,Yağışlı,0,34
Babək,15,1,0,Yağışlı,0,65
Tbilisi,14,4,0,Yağışlı,0,59
İstiqlaliyyət,1,5,1,Qarlı,0,60
Ziya Bünyadov,7,3,0,Qarlı,0,100
Rəşid Behbudov,2,0,0,Yağışlı,0,36
Rəşid Behbudov,5,2,0,Qarlı,1,69
Zərdabi,4,1,0,Açıq,0,25
Heydər Əliyev,5,5,1,Açıq,0,14
Qara Qarayev,5,0,0,Yağışlı,0,47
Ziya Bünyadov,12,0,0,Açıq,0,48
Qara Qarayev,0,0,0,Dumanlı,0,34
Heydər Əliyev,16,5,1,Qarlı,0,82
Babək,20,6,1,Açıq,0,35
Tbilisi,7,1,0,Açıq,0,72
Babək,19,2,0,Yağışlı,2,100
Neftçilər,5,0,0,Açıq,0,26
Atatürk,6,4,0,Açıq,0,27
Neftçilər,22,4,0,Dumanlı,0,27
Zərdabi,22,4,0,Dumanlı,0,26
İstiqlaliyyət,18,6,1,Açıq,0,26
İstiqlaliyyət,5,4,0,Dumanlı,0,29
Atatürk,13,2,0,Dumanlı,1,58
Tbilisi,13,5,1,Açıq,0,40
Atatürk,14,3,0,Açıq,0,48
Babək,2,2,0,Yağışlı,0,29
Rəşid Behbudov,3,4,0,Açıq,0,11
Rəşid Behbudov,21,0,0,Yağışlı,0,31
İstiqlaliyyət,23,6,1,Açıq,0,30
Ziya Bünyadov,3,5,1,Yağışlı,0,59
Atatürk,7,5,1,Dumanlı,0,44
Neftçilər,5,3,0,Dumanlı,0,40
Rəşid Behbudov,16,5,1,Dumanlı,0,52
Neftçilər,5,3,0,Dumanlı,0,45
Tbilisi,6,1,0,Qarlı,0,62
Neftçilər,10,3,0,Yağışlı,0,63
Heydər Əliyev,9,6,1,Dumanlı,1,53
Tbilisi,16,4,0,Açıq,0,43
Tbilisi,13,2,0,Dumanlı,1,78
Ziya Bünyadov,22,0,0,Qarlı,0,69
Qara Qarayev,19,4,0,Yağışlı,0,86
İstiqlaliyyət,10,2,0,Açıq,0,26
Ziya Bünyadov,17,2,0,Dumanlı,0,84
Tbilisi,23,5,1,Dumanlı,0,25
Heydər Əliyev,23,5,1,Açıq,0,21
Qara Qarayev,14,1,0,Dumanlı,0,44
Ziya Bünyadov,12,1,0,Yağışlı,0,57
Heydər Əliyev,12,5,1,Dumanlı,0,49
İstiqlaliyyət,20,4,0,Yağışlı,0,79
Qara Qarayev,4,0,0,Yağışlı,0,32
İstiqlaliyyət,17,4,0,Açıq,0,70
Zərdabi,15,3,0,Qarlı,0,75
Heydər Əliyev,22,5,1,Dumanlı,0,31
Rəşid Behbudov,5,1,0,Açıq,0,17
Heydər Əliyev,10,5,1,Yağışlı,0,78
Neftçilər,0,3,0,Açıq,0,24
Atatürk,15,1,0,Qarlı,0,79
Babək,8,3,0,Dumanlı,0,76
Qara Qarayev,22,1,0,Yağışlı,1,65
Heydər Əliyev,21,3,0,Açıq,0,11
Qara Qarayev,17,0,0,Açıq,1,88
Tbilisi,12,4,0,Dumanlı,0,39
Rəşid Behbudov,15,4,0,Yağışlı,1,63
Rəşid Behbudov,19,0,0,Qarlı,0,94
Zərdabi,23,0,0,Dumanlı,2,73
Ziya Bünyadov,1,4,0,Yağışlı,1,56
Heydər Əliyev,13,0,0,Dumanlı,0,58
Heydər Əliyev,9,0,0,Qarlı,0,100
Heydər Əliyev,22,2,0,Qarlı,1,69
Zərdabi,19,3,0,Açıq,0,69
Rəşid Behbudov,8,0,0,Açıq,0,74
İstiqlaliyyət,10,6,1,Açıq,0,46
Qara Qarayev,12,6,1,Açıq,0,33
Heydər Əliyev,8,6,1,Yağışlı,0,63
Rəşid Behbudov,5,4,0,Qarlı,0,51
Tbilisi,5,5,1,Yağışlı,0,28
Rəşid Behbudov,12,5,1,Dumanlı,0,62
Zərdabi,5,6,1,Qarlı,0,41
Neftçilər,18,2,0,Açıq,0,57
Zərdabi,10,2,0,Açıq,0,38
İstiqlaliyyət,20,0,0,Dumanlı,0,81
Babək,4,6,1,Qarlı,0,40
Ziya Bünyadov,11,2,0,Dumanlı,0,62
Heydər Əliyev,21,0,0,Açıq,0,27
Heydər Əliyev,5,6,1,Qarlı,2,92
Ziya Bünyadov,11,6,1,Yağışlı,0,61
Rəşid Behbudov,12,1,0,Qarlı,0,84
Zərdabi,10,0,0,Dumanlı,0,43
Rəşid Behbudov,0,1,0,Dumanlı,0,27
Ziya Bünyadov,18,4,0,Dumanlı,1,100
Atatürk,21,6,1,Yağışlı,0,51
Ziya Bünyadov,1,6,1,Dumanlı,0,39
Atatürk,20,5,1,Yağışlı,0,63
Babək,11,5,1,Dumanlı,0,44
Ziya Bünyadov,0,5,1,Qarlı,1,69
Rəşid Behbudov,18,1,0,Qarlı,0,99
Qara Qarayev,12,2,0,Dumanlı,1,71
Tbilisi,21,0,0,Qarlı,0,60
Rəşid Behbudov,2,2,0,Yağışlı,0,26
Rəşid Behbudov,0,0,0,Yağışlı,0,28
Atatürk,1,4,0,Qarlı,0,52
Zərdabi,13,0,0,Qarlı,0,64
Neftçilər,12,1,0,Qarlı,0,82
Neftçilər,22,5,1,Yağışlı,0,51
Qara Qarayev,5,3,0,Açıq,0,25
Rəşid Behbudov,1,2,0,Dumanlı,0,23
Ziya Bünyadov,16,6,1,Açıq,0,58
Heydər Əliyev,1,5,1,Dumanlı,0,27
Zərdabi,0,3,0,Açıq,0,13
Qara Qarayev,8,5,1,Qarlı,1,69
Neftçilər,10,5,1,Dumanlı,0,56
Zərdabi,2,3,0,Dumanlı,0,21
Babək,18,2,0,Açıq,0,53
Tbilisi,23,6,1,Açıq,0,12
Ziya Bünyadov,9,1,0,Açıq,0,68
Qara Qarayev,21,0,0,Dumanlı,0,40
Ziya Bünyadov,13,4,0,Yağışlı,0,75
Tbilisi,20,1,0,Qarlı,0,100
İstiqlaliyyət,17,0,0,Dumanlı,1,100
İstiqlaliyyət,12,1,0,Açıq,0,41
Rəşid Behbudov,0,6,1,Qarlı,0,53
Heydər Əliyev,10,4,0,Açıq,0,52
Babək,18,1,0,Yağışlı,0,86
Tbilisi,17,4,0,Dumanlı,0,75
Tbilisi,6,4,0,Qarlı,0,51
Babək,18,6,1,Dumanlı,0,38
Atatürk,7,2,0,Yağışlı,0,100
Babək,18,5,1,Qarlı,0,66
İstiqlaliyyət,1,2,0,Açıq,2,50
Qara Qarayev,0,6,1,Dumanlı,0,27
Babək,9,4,0,Açıq,0,63
Babək,1,2,0,Yağışlı,0,39
Atatürk,2,4,0,Qarlı,0,59
İstiqlaliyyət,13,0,0,Yağışlı,0,53
Babək,7,5,1,Qarlı,0,61
İstiqlaliyyət,2,1,0,Açıq,0,21
Babək,9,1,0,Yağışlı,1,100
Ziya Bünyadov,19,1,0,Açıq,0,78
Neftçilər,8,1,0,Yağışlı,2,100
Zərdabi,6,2,0,Dumanlı,0,28
Heydər Əliyev,20,1,0,Yağışlı,0,73
İstiqlaliyyət,22,4,0,Yağışlı,0,34
Heydər Əliyev,23,2,0,Yağışlı,0,40
Neftçilər,17,3,0,Yağışlı,0,95
Heydər Əliyev,3,4,0,Dumanlı,0,20
Rəşid Behbudov,23,3,0,Yağışlı,0,49
Babək,22,3,0,Dumanlı,0,34
Tbilisi,10,1,0,Açıq,0,32
Neftçilər,23,0,0,Açıq,0,14
Tbilisi,5,6,1,Yağışlı,2,90
Tbilisi,2,1,0,Açıq,0,11
Qara Qarayev,10,2,0,Qarlı,0,61
Zərdabi,7,4,0,Qarlı,0,100
Atatürk,0,3,0,Dumanlı,0,36
Rəşid Behbudov,14,5,1,Qarlı,0,85
Atatürk,23,1,0,Yağışlı,0,44
Neftçilər,7,1,0,Dumanlı,0,67
Neftçilər,8,2,0,Açıq,0,58
Zərdabi,19,0,0,Qarlı,0,98
Babək,1,3,0,Yağışlı,0,49
Tbilisi,19,2,0,Yağışlı,0,92
Qara Qarayev,16,0,0,Qarlı,0,72
Atatürk,12,5,1,Qarlı,0,77
Tbilisi,17,2,0,Qarlı,0,100
Atatürk,18,5,1,Dumanlı,0,58
Neftçilər,21,2,0,Qarlı,0,42
İstiqlaliyyət,9,0,0,Dumanlı,0,84
Zərdabi,5,1,0,Yağışlı,0,33
Neftçilər,15,1,0,Yağışlı,0,68
Babək,1,6,1,Yağışlı,0,32
Babək,13,2,0,Qarlı,1,86
Qara Qarayev,17,0,0,Dumanlı,0,84
Heydər Əliyev,19,1,0,Qarlı,0,100
Tbilisi,15,6,1,Açıq,1,43
Ziya Bünyadov,10,4,0,Açıq,0,45
Ziya Bünyadov,12,4,0,Açıq,0,36
İstiqlaliyyət,13,2,0,Yağışlı,0,36
Neftçilər,2,4,0,Açıq,0,17
Babək,5,3,0,Dumanlı,0,35
Zərdabi,10,5,1,Yağışlı,0,63
Zərdabi,5,5,1,Dumanlı,0,31
Heydər Əliyev,10,4,0,Dumanlı,0,55
Zərdabi,22,1,0,Açıq,0,30
Ziya Bünyadov,21,6,1,Dumanlı,0,39
Babək,17,4,0,Açıq,1,86
Zərdabi,5,4,0,Açıq,0,21
Babək,0,0,0,Dumanlı,0,26
Neftçilər,7,6,1,Qarlı,0,79
Atatürk,22,1,0,Yağışlı,0,35
Neftçilər,7,3,0,Dumanlı,0,82
Qara Qarayev,8,3,0,Yağışlı,3,100
Qara Qarayev,23,6,1,Yağışlı,0,49
Neftçilər,14,5,1,Açıq,0,46
Babək,8,3,0,Yağışlı,0,84
Atatürk,6,5,1,Qarlı,0,45
İstiqlaliyyət,0,1,0,Dumanlı,0,23
Zərdabi,12,0,0,Yağışlı,0,54
İstiqlaliyyət,13,3,0,Qarlı,0,84
Neftçilər,3,6,1,Qarlı,0,37
Qara Qarayev,20,4,0,Açıq,0,59
Ziya Bünyadov,9,1,0,Yağışlı,0,100
Zərdabi,17,1,0,Açıq,0,58
Babək,15,3,0,Qarlı,1,91
Neftçilər,12,1,0,Açıq,0,33
İstiqlaliyyət,1,1,0,Açıq,0,23
Tbilisi,5,0,0,Yağışlı,0,41
Heydər Əliyev,11,6,1,Açıq,0,38
Zərdabi,20,1,0,Yağışlı,0,100
İstiqlaliyyət,8,0,0,Açıq,3,100
Ziya Bünyadov,10,5,1,Qarlı,0,81
Rəşid Behbudov,10,2,0,Yağışlı,1,73
Qara Qarayev,23,2,0,Açıq,0,12
Atatürk,15,0,0,Dumanlı,0,55
Ziya Bünyadov,10,0,0,Açıq,0,45
İstiqlaliyyət,2,2,0,Qarlı,1,82
Ziya Bünyadov,22,5,1,Dumanlı,0,53
Neftçilər,15,3,0,Yağışlı,0,60
İstiqlaliyyət,9,1,0,Dumanlı,1,100
Neftçilər,5,6,1,Dumanlı,2,77
Tbilisi,12,6,1,Dumanlı,0,45
Zərdabi,11,5,1,Qarlı,0,82
Zərdabi,12,1,0,Açıq,3,100
Babək,17,1,0,Dumanlı,0,81
Ziya Bünyadov,14,0,0,Dumanlı,0,55
Neftçilər,6,5,1,Yağışlı,0,34
Qara Qarayev,0,5,1,Açıq,0,30
Atatürk,18,3,0,Açıq,2,100
İstiqlaliyyət,10,2,0,Yağışlı,0,56
Zərdabi,9,3,0,Yağışlı,0,97
Ziya Bünyadov,22,0,0,Yağışlı,0,53
Babək,16,0,0,Qarlı,1,88
Neftçilər,1,1,0,Dumanlı,0,39
Babək,21,1,0,Açıq,0,11
Heydər Əliyev,19,2,0,Açıq,0,64
Rəşid Behbudov,23,1,0,Dumanlı,1,52
Atatürk,22,3,0,Dumanlı,0,38
Babək,18,3,0,Açıq,1,93
Qara Qarayev,19,6,1,Qarlı,0,72
Heydər Əliyev,5,1,0,Yağışlı,0,41
Ziya Bünyadov,6,5,1,Yağışlı,0,45
Rəşid Behbudov,7,5,1,Dumanlı,0,52
Ziya Bünyadov,22,4,0,Dumanlı,0,48
Heydər Əliyev,3,5,1,Yağışlı,0,38
Zərdabi,1,0,0,Açıq,0,30
Rəşid Behbudov,7,3,0,Açıq,1,92
Rəşid Behbudov,6,1,0,Qarlı,0,52
Neftçilər,10,5,1,Qarlı,0,89
Atatürk,14,6,1,Açıq,0,46
Babək,11,2,0,Dumanlı,0,47
İstiqlaliyyət,0,0,0,Yağışlı,0,45
Rəşid Behbudov,22,4,0,Qarlı,0,59
Babək,7,2,0,Yağışlı,0,74
Neftçilər,17,2,0,Dumanlı,0,86
Neftçilər,19,1,0,Qarlı,0,98
Qara Qarayev,21,5,1,Açıq,0,20
Ziya Bünyadov,13,5,1,Dumanlı,0,64
Ziya Bünyadov,10,0,0,Yağışlı,0,70
Rəşid Behbudov,20,5,1,Qarlı,0,66
Qara Qarayev,9,6,1,Dumanlı,0,31
Zərdabi,23,0,0,Açıq,0,13
Tbilisi,13,3,0,Yağışlı,0,53
Rəşid Behbudov,23,2,0,Dumanlı,0,28
Zərdabi,7,2,0,Yağışlı,1,99
Heydər Əliyev,23,4,0,Açıq,0,18
Zərdabi,6,4,0,Qarlı,0,53
Neftçilər,11,1,0,Açıq,0,29
Ziya Bünyadov,0,4,0,Dumanlı,0,40
Heydər Əliyev,13,6,1,Açıq,0,31
Neftçilər,5,3,0,Yağışlı,0,34
Tbilisi,2,5,1,Yağışlı,0,46
Ziya Bünyadov,19,5,1,Qarlı,0,91
Neftçilər,21,2,0,Qarlı,0,53
Babək,1,1,0,Qarlı,0,55
Qara Qarayev,18,0,0,Dumanlı,0,83
Ziya Bünyadov,12,0,0,Qarlı,1,100
Atatürk,22,2,0,Dumanlı,1,55
Rəşid Behbudov,17,4,0,Yağışlı,0,99
Neftçilər,3,6,1,Dumanlı,0,28
Atatürk,15,6,1,Açıq,0,41
Rəşid Behbudov,12,4,0,Açıq,0,32
Heydər Əliyev,2,1,0,Dumanlı,1,51
Neftçilər,22,0,0,Dumanlı,0,40
Babək,17,3,0,Qarlı,0,100
İstiqlaliyyət,19,6,1,Yağışlı,0,52
Rəşid Behbudov,23,3,0,Yağışlı,1,58
Qara Qarayev,10,4,0,Qarlı,0,84
Tbilisi,7,0,0,Yağışlı,0,76
Rəşid Behbudov,6,2,0,Açıq,0,15
Ziya Bünyadov,18,0,0,Qarlı,0,100
Qara Qarayev,1,6,1,Qarlı,0,62
İstiqlaliyyət,8,3,0,Qarlı,0,100
Atatürk,2,3,0,Açıq,0,26
Ziya Bünyadov,23,6,1,Qarlı,0,49
İstiqlaliyyət,13,4,0,Dumanlı,0,56
Zərdabi,5,5,1,Açıq,0,26
İstiqlaliyyət,16,5,1,Yağışlı,0,46
Zərdabi,3,1,0,Açıq,1,46
Babək,8,2,0,Dumanlı,0,76
Rəşid Behbudov,9,4,0,Dumanlı,0,98
Ziya Bünyadov,12,5,1,Yağışlı,0,76
Zərdabi,22,0,0,Qarlı,0,67
Qara Qarayev,1,2,0,Dumanlı,0,24
Qara Qarayev,22,5,1,Qarlı,0,51
Qara Qarayev,13,0,0,Dumanlı,0,66
İstiqlaliyyət,23,3,0,Yağışlı,2,88
Heydər Əliyev,21,3,0,Açıq,2,53
Tbilisi,17,2,0,Açıq,1,99
Atatürk,6,1,0,Yağışlı,0,31
Zərdabi,0,4,0,Dumanlı,0,22
Ziya Bünyadov,0,1,0,Yağışlı,0,42
Ziya Bünyadov,15,6,1,Qarlı,0,78
Qara Qarayev,5,2,0,Qarlı,1,72
Qara Qarayev,8,6,1,Yağışlı,0,51
Tbilisi,5,2,0,Açıq,0,18
Neftçilər,11,4,0,Dumanlı,0,53
Rəşid Behbudov,18,3,0,Açıq,1,88
Tbilisi,16,2,0,Açıq,0,52
Rəşid Behbudov,14,3,0,Qarlı,0,73
Babək,14,0,0,Yağışlı,1,76
Zərdabi,11,0,0,Açıq,0,44
Ziya Bünyadov,11,5,1,Qarlı,0,86
Qara Qarayev,2,4,0,Qarlı,0,66
Babək,5,2,0,Qarlı,0,39
Qara Qarayev,19,3,0,Dumanlı,0,64
Zərdabi,11,6,1,Yağışlı,2,100
Ziya Bünyadov,21,2,0,Dumanlı,0,48
Heydər Əliyev,13,4,0,Yağışlı,0,40
İstiqlaliyyət,20,0,0,Yağışlı,0,89
Babək,10,3,0,Qarlı,0,78
Zərdabi,15,3,0,Qarlı,0,73
Rəşid Behbudov,14,4,0,Dumanlı,0,50
Heydər Əliyev,0,0,0,Dumanlı,0,26
Qara Qarayev,11,4,0,Dumanlı,0,58
Ziya Bünyadov,9,5,1,Yağışlı,0,64
Zərdabi,22,5,1,Yağışlı,0,49
Babək,22,0,0,Qarlı,1,60
Qara Qarayev,18,4,0,Yağışlı,0,100
Rəşid Behbudov,3,0,0,Qarlı,0,46
Ziya Bünyadov,22,2,0,Qarlı,0,63
Heydər Əliyev,19,5,1,Dumanlı,0,47
Neftçilər,14,1,0,Dumanlı,0,49
İstiqlaliyyət,12,0,0,Açıq,0,54
Qara Qarayev,11,5,1,Dumanlı,0,47
Qara Qarayev,8,2,0,Açıq,1,93
Rəşid Behbudov,2,2,0,Yağışlı,0,29
Atatürk,0,1,0,Qarlı,1,72
Qara Qarayev,13,5,1,Açıq,0,25
Ziya Bünyadov,3,6,1,Açıq,0,39
Rəşid Behbudov,7,5,1,Qarlı,0,70
Qara Qarayev,9,5,1,Açıq,0,32
Qara Qarayev,2,2,0,Açıq,0,30
Qara Qarayev,20,5,1,Qarlı,0,67
Zərdabi,22,5,1,Dumanlı,0,24
Neftçilər,3,2,0,Qarlı,1,70
Babək,4,5,1,Dumanlı,2,82
Qara Qarayev,4,2,0,Qarlı,1,64
Babək,4,6,1,Qarlı,0,68
Tbilisi,8,3,0,Açıq,1,88
İstiqlaliyyət,14,4,0,Qarlı,0,78
Rəşid Behbudov,20,5,1,Açıq,2,66
Atatürk,3,4,0,Açıq,0,25
Qara Qarayev,23,6,1,Yağışlı,0,44
İstiqlaliyyət,23,4,0,Qarlı,0,59
Qara Qarayev,21,4,0,Açıq,0,26
Atatürk,23,4,0,Dumanlı,0,22
Ziya Bünyadov,17,2,0,Qarlı,1,100
Babək,1,5,1,Yağışlı,0,44
Tbilisi,7,4,0,Dumanlı,0,82
Rəşid Behbudov,2,4,0,Yağışlı,0,32
Rəşid Behbudov,10,4,0,Dumanlı,0,64
Rəşid Behbudov,23,6,1,Açıq,0,18
İstiqlaliyyət,20,0,0,Qarlı,0,100
Rəşid Behbudov,1,1,0,Açıq,0,17
İstiqlaliyyət,12,3,0,Qarlı,0,73
İstiqlaliyyət,16,5,1,Qarlı,0,67
Ziya Bünyadov,2,3,0,Açıq,0,40
Zərdabi,19,4,0,Açıq,0,68
Ziya Bünyadov,16,2,0,Açıq,0,55
Babək,18,3,0,Açıq,0,70
İstiqlaliyyət,15,4,0,Dumanlı,0,41
Neftçilər,12,3,0,Qarlı,0,77
Ziya Bünyadov,4,6,1,Qarlı,0,71
İstiqlaliyyət,17,2,0,Dumanlı,0,78
Heydər Əliyev,0,4,0,Dumanlı,0,39
Zərdabi,11,0,0,Yağışlı,0,58
İstiqlaliyyət,12,1,0,Yağışlı,0,71
Rəşid Behbudov,20,3,0,Yağışlı,0,79
Babək,23,4,0,Qarlı,0,37
Babək,20,3,0,Dumanlı,0,86
Tbilisi,23,0,0,Dumanlı,0,35
Ziya Bünyadov,1,0,0,Yağışlı,0,46
Ziya Bünyadov,10,0,0,Yağışlı,0,82
Qara Qarayev,23,6,1,Dumanlı,0,33
Tbilisi,3,4,0,Yağışlı,0,38
Neftçilər,19,3,0,Dumanlı,1,93
Ziya Bünyadov,8,4,0,Açıq,0,88
Zərdabi,6,0,0,Qarlı,0,50
Zərdabi,7,2,0,Açıq,0,72
Qara Qarayev,21,5,1,Yağışlı,0,49
Babək,1,6,1,Açıq,0,16
Neftçilər,21,2,0,Yağışlı,0,43
Tbilisi,21,3,0,Dumanlı,1,43
Atatürk,7,5,1,Açıq,0,21
Qara Qarayev,10,5,1,Qarlı,3,100
Zərdabi,4,2,0,Dumanlı,1,45
Neftçilər,1,3,0,Açıq,1,30
Atatürk,3,3,0,Dumanlı,1,64
Ziya Bünyadov,5,1,0,Açıq,0,28
İstiqlaliyyət,9,0,0,Açıq,0,70
Tbilisi,2,2,0,Qarlı,0,36
Zərdabi,3,5,1,Açıq,0,14
Rəşid Behbudov,5,1,0,Açıq,0,30
Qara Qarayev,6,3,0,Qarlı,0,45
Neftçilər,13,2,0,Dumanlı,0,42
Tbilisi,13,3,0,Qarlı,0,55
Rəşid Behbudov,16,3,0,Dumanlı,1,74
Atatürk,5,5,1,Qarlı,0,65
Atatürk,3,3,0,Qarlı,0,51
Neftçilər,0,5,1,Dumanlı,1,56
Qara Qarayev,11,2,0,Yağışlı,0,59
İstiqlaliyyət,16,1,0,Dumanlı,0,59
Zərdabi,19,0,0,Açıq,0,86
Tbilisi,14,2,0,Dumanlı,0,40
Babək,1,3,0,Qarlı,0,45
Atatürk,19,0,0,Yağışlı,0,79
Rəşid Behbudov,21,0,0,Açıq,0,15
Tbilisi,5,5,1,Açıq,0,30
Rəşid Behbudov,12,0,0,Yağışlı,0,61
Neftçilər,23,3,0,Dumanlı,0,33
Qara Qarayev,17,4,0,Dumanlı,0,88
İstiqlaliyyət,7,3,0,Dumanlı,1,100
Ziya Bünyadov,12,6,1,Açıq,0,64
Zərdabi,11,6,1,Yağışlı,0,55
Babək,15,0,0,Dumanlı,0,60
İstiqlaliyyət,11,5,1,Yağışlı,0,71
Tbilisi,17,4,0,Yağışlı,0,87
Atatürk,21,2,0,Qarlı,0,48
Ziya Bünyadov,10,1,0,Açıq,0,51
İstiqlaliyyət,16,0,0,Yağışlı,0,57
Atatürk,16,6,1,Yağışlı,0,76
Zərdabi,7,1,0,Yağışlı,0,95
Ziya Bünyadov,2,4,0,Qarlı,0,61
İstiqlaliyyət,1,2,0,Dumanlı,0,26
Heydər Əliyev,1,6,1,Dumanlı,0,40
İstiqlaliyyət,5,6,1,Dumanlı,0,45
Zərdabi,7,0,0,Dumanlı,1,100
Rəşid Behbudov,17,1,0,Açıq,0,76
Rəşid Behbudov,0,4,0,Qarlı,0,69
Rəşid Behbudov,3,4,0,Açıq,0,16
Rəşid Behbudov,19,4,0,Dumanlı,1,100
Qara Qarayev,12,3,0,Qarlı,1,90
Atatürk,23,0,0,Qarlı,0,64
Ziya Bünyadov,23,0,0,Qarlı,0,64
Qara Qarayev,5,3,0,Açıq,0,26
Atatürk,11,2,0,Açıq,0,30
Neftçilər,22,1,0,Açıq,0,19
Neftçilər,19,6,1,Dumanlı,0,58
İstiqlaliyyət,10,4,0,Yağışlı,0,55
Heydər Əliyev,2,4,0,Açıq,0,12
Zərdabi,10,6,1,Qarlı,0,78
Rəşid Behbudov,9,3,0,Yağışlı,1,100
Tbilisi,16,2,0,Dumanlı,0,50
Ziya Bünyadov,16,2,0,Dumanlı,0,55
Tbilisi,14,0,0,Dumanlı,0,56
Rəşid Behbudov,14,5,1,Qarlı,0,73
Ziya Bünyadov,16,3,0,Yağışlı,2,100
Qara Qarayev,17,3,0,Qarlı,0,100
Heydər Əliyev,12,2,0,Açıq,0,38
Babək,4,1,0,Dumanlı,0,30
Qara Qarayev,8,0,0,Açıq,0,73
Tbilisi,14,1,0,Yağışlı,0,63
Qara Qarayev,15,0,0,Açıq,0,37
Qara Qarayev,15,0,0,Açıq,1,62
İstiqlaliyyət,1,2,0,Açıq,2,72
Atatürk,5,3,0,Dumanlı,0,29
Atatürk,13,6,1,Yağışlı,0,56
Atatürk,23,2,0,Yağışlı,1,60
Zərdabi,18,5,1,Qarlı,2,100
İstiqlaliyyət,21,2,0,Qarlı,0,61
Neftçilər,20,2,0,Yağışlı,0,97
Atatürk,6,4,0,Açıq,0,21
Neftçilər,9,4,0,Açıq,1,75
Rəşid Behbudov,1,2,0,Açıq,0,19
Ziya Bünyadov,6,5,1,Dumanlı,1,57
Atatürk,22,5,1,Qarlı,1,58
Zərdabi,17,4,0,Dumanlı,0,77
Rəşid Behbudov,8,2,0,Yağışlı,0,100
Zərdabi,14,3,0,Açıq,0,43
Babək,1,0,0,Qarlı,0,52
İstiqlaliyyət,12,6,1,Yağışlı,0,74
Neftçilər,16,5,1,Yağışlı,0,76
Atatürk,16,0,0,Açıq,0,51
Rəşid Behbudov,22,1,0,Açıq,0,22
Neftçilər,2,1,0,Dumanlı,0,43
Rəşid Behbudov,17,1,0,Açıq,0,66
Babək,0,2,0,Açıq,1,52
Babək,23,1,0,Dumanlı,1,47
Zərdabi,17,5,1,Dumanlı,0,51
İstiqlaliyyət,13,3,0,Açıq,0,38
Qara Qarayev,23,3,0,Qarlı,0,55
Ziya Bünyadov,4,1,0,Qarlı,0,61
Heydər Əliyev,17,6,1,Açıq,0,39
Tbilisi,12,4,0,Dumanlı,0,51
Qara Qarayev,22,5,1,Dumanlı,0,41
Neftçilər,9,1,0,Dumanlı,1,100
Rəşid Behbudov,9,2,0,Dumanlı,0,97
İstiqlaliyyət,2,1,0,Qarlı,0,47
Babək,13,4,0,Yağışlı,0,69
Ziya Bünyadov,13,0,0,Açıq,0,54
Qara Qarayev,6,3,0,Dumanlı,0,33
Zərdabi,22,2,0,Qarlı,0,50
Neftçilər,1,4,0,Yağışlı,0,27
Ziya Bünyadov,7,6,1,Qarlı,0,88
İstiqlaliyyət,20,3,0,Qarlı,1,100
Zərdabi,18,1,0,Dumanlı,0,89
Heydər Əliyev,2,4,0,Yağışlı,0,38
Heydər Əliyev,18,0,0,Qarlı,2,100
Tbilisi,6,5,1,Dumanlı,0,34
Rəşid Behbudov,10,2,0,Dumanlı,0,58
Ziya Bünyadov,7,2,0,Qarlı,0,100
Babək,11,1,0,Qarlı,0,76
Heydər Əliyev,17,2,0,Dumanlı,1,100
Qara Qarayev,19,2,0,Qarlı,2,100
Neftçilər,2,6,1,Qarlı,1,74
Atatürk,18,6,1,Açıq,0,46
Zərdabi,20,1,0,Yağışlı,0,88
Neftçilər,11,1,0,Qarlı,0,76
İstiqlaliyyət,0,2,0,Açıq,0,28
Heydər Əliyev,5,0,0,Yağışlı,0,33
Zərdabi,3,1,0,Dumanlı,0,23
Qara Qarayev,11,4,0,Yağışlı,0,57
Babək,15,5,1,Açıq,0,35
Zərdabi,23,3,0,Yağışlı,0,39
Qara Qarayev,10,3,0,Qarlı,0,75
İstiqlaliyyət,19,0,0,Açıq,0,74
Zərdabi,18,0,0,Açıq,0,61
Neftçilər,20,5,1,Açıq,0,32
Atatürk,11,2,0,Açıq,0,40
Rəşid Behbudov,17,1,0,Açıq,0,68
İstiqlaliyyət,7,6,1,Dumanlı,0,40
Atatürk,8,5,1,Açıq,0,34
İstiqlaliyyət,10,6,1,Qarlı,1,100
Qara Qarayev,18,3,0,Yağışlı,0,75
Zərdabi,11,5,1,Açıq,0,45
İstiqlaliyyət,10,1,0,Qarlı,0,61
İstiqlaliyyət,12,0,0,Yağışlı,0,62
Ziya Bünyadov,9,0,0,Qarlı,0,100
Babək,18,4,0,Qarlı,1,100
Tbilisi,1,2,0,Dumanlı,0,24
Ziya Bünyadov,12,1,0,Dumanlı,2,88
Zərdabi,11,4,0,Açıq,1,59
Atatürk,22,0,0,Açıq,0,25
Rəşid Behbudov,21,3,0,Qarlı,1,70
İstiqlaliyyət,4,4,0,Dumanlı,0,37
Qara Qarayev,1,6,1,Dumanlı,0,28
Tbilisi,0,5,1,Yağışlı,0,48
Neftçilər,15,1,0,Yağışlı,0,60
İstiqlaliyyət,8,6,1,Yağışlı,0,55
Rəşid Behbudov,3,4,0,Qarlı,0,65
Zərdabi,21,5,1,Yağışlı,0,41
Qara Qarayev,7,0,0,Açıq,0,87
Qara Qarayev,15,0,0,Açıq,0,54
Rəşid Behbudov,5,5,1,Yağışlı,1,44
Zərdabi,23,6,1,Dumanlı,0,34
Babək,15,1,0,Dumanlı,0,41
İstiqlaliyyət,9,4,0,Dumanlı,0,81
Zərdabi,1,3,0,Dumanlı,0,41
Ziya Bünyadov,21,2,0,Dumanlı,0,46
Heydər Əliyev,3,3,0,Açıq,2,73
Babək,8,0,0,Açıq,0,68
İstiqlaliyyət,1,4,0,Yağışlı,0,47
Neftçilər,13,6,1,Açıq,0,35
Tbilisi,0,2,0,Yağışlı,0,55
İstiqlaliyyət,18,4,0,Açıq,0,74
Neftçilər,6,4,0,Yağışlı,1,55
İstiqlaliyyət,21,3,0,Açıq,0,19
İstiqlaliyyət,5,3,0,Qarlı,1,81
Babək,20,6,1,Yağışlı,0,56
Babək,22,0,0,Açıq,0,29
Heydər Əliyev,19,0,0,Yağışlı,0,92
İstiqlaliyyət,10,3,0,Yağışlı,1,89
Tbilisi,22,0,0,Dumanlı,0,33
İstiqlaliyyət,15,5,1,Qarlı,0,74
Babək,12,0,0,Qarlı,0,65
Rəşid Behbudov,1,1,0,Açıq,2,71
Tbilisi,4,3,0,Dumanlı,2,70
Qara Qarayev,20,2,0,Yağışlı,0,83
Neftçilər,16,1,0,Açıq,0,44
Heydər Əliyev,2,5,1,Açıq,0,20
Qara Qarayev,9,3,0,Dumanlı,0,92
Neftçilər,23,5,1,Dumanlı,0,41
Neftçilər,6,5,1,Qarlı,1,62
Qara Qarayev,15,3,0,Yağışlı,0,50
İstiqlaliyyət,16,5,1,Açıq,0,45
Neftçilər,2,4,0,Qarlı,0,58
Atatürk,8,4,0,Dumanlı,0,71
Atatürk,11,1,0,Qarlı,0,87
Neftçilər,23,4,0,Yağışlı,0,38
Tbilisi,7,3,0,Dumanlı,0,96
Babək,3,6,1,Açıq,0,21
Heydər Əliyev,17,4,0,Yağışlı,1,100
Rəşid Behbudov,8,4,0,Yağışlı,0,96
Ziya Bünyadov,15,6,1,Dumanlı,0,72
Babək,23,1,0,Yağışlı,0,36
Tbilisi,9,6,1,Dumanlı,0,49
Heydər Əliyev,6,2,0,Yağışlı,1,49
Ziya Bünyadov,22,2,0,Dumanlı,0,41
Ziya Bünyadov,13,6,1,Dumanlı,0,42
Tbilisi,3,4,0,Dumanlı,0,33
Neftçilər,3,6,1,Qarlı,0,48
Zərdabi,8,0,0,Yağışlı,1,100
Tbilisi,7,2,0,Yağışlı,1,100
Heydər Əliyev,0,3,0,Qarlı,0,45
İstiqlaliyyət,14,0,0,Yağışlı,0,68
Neftçilər,19,4,0,Yağışlı,0,94
Tbilisi,17,3,0,Açıq,0,65
Zərdabi,8,0,0,Dumanlı,2,100
Babək,3,1,0,Dumanlı,0,42
Tbilisi,16,4,0,Açıq,0,25
Tbilisi,14,6,1,Qarlı,0,67
Rəşid Behbudov,7,5,1,Yağışlı,2,89
Qara Qarayev,4,0,0,Dumanlı,0,28
Atatürk,3,0,0,Qarlı,0,51
Atatürk,18,4,0,Yağışlı,0,79
Neftçilər,17,1,0,Qarlı,2,100
Qara Qarayev,18,2,0,Açıq,0,82
Zərdabi,10,0,0,Qarlı,0,84
Babək,16,1,0,Yağışlı,0,69
Heydər Əliyev,5,4,0,Qarlı,0,52
Rəşid Behbudov,22,0,0,Dumanlı,0,28
Heydər Əliyev,21,6,1,Qarlı,0,52
İstiqlaliyyət,0,1,0,Açıq,0,30
Qara Qarayev,15,1,0,Dumanlı,1,81
Qara Qarayev,21,2,0,Açıq,0,19
Ziya Bünyadov,19,0,0,Açıq,0,85
Ziya Bünyadov,1,6,1,Yağışlı,0,46
Rəşid Behbudov,3,6,1,Qarlı,0,45
Heydər Əliyev,4,0,0,Yağışlı,0,31
İstiqlaliyyət,5,3,0,Qarlı,0,49
Ziya Bünyadov,7,5,1,Yağışlı,2,100
Heydər Əliyev,2,3,0,Dumanlı,0,23
Qara Qarayev,19,4,0,Qarlı,0,93
Qara Qarayev,23,4,0,Açıq,0,14
Qara Qarayev,17,6,1,Açıq,0,37
İstiqlaliyyət,5,6,1,Dumanlı,0,37
Heydər Əliyev,21,4,0,Dumanlı,0,26
Ziya Bünyadov,16,2,0,Qarlı,0,96
Tbilisi,23,5,1,Açıq,0,24
İstiqlaliyyət,14,4,0,Dumanlı,0,45
İstiqlaliyyət,0,2,0,Yağışlı,0,33
Babək,1,0,0,Qarlı,0,55
Tbilisi,5,4,0,Açıq,0,24
Atatürk,14,2,0,Yağışlı,0,59
Heydər Əliyev,11,2,0,Açıq,0,30
Neftçilər,1,4,0,Yağışlı,0,43
Babək,8,2,0,Yağışlı,0,98
Atatürk,6,3,0,Qarlı,0,61
Atatürk,9,3,0,Açıq,1,73
Rəşid Behbudov,0,0,0,Dumanlı,0,37
Neftçilər,1,2,0,Dumanlı,0,42
Rəşid Behbudov,19,1,0,Yağışlı,0,98
Babək,6,3,0,Açıq,0,30
Qara Qarayev,13,0,0,Qarlı,0,71
Tbilisi,21,2,0,Açıq,2,46
Zərdabi,13,3,0,Yağışlı,0,52
Heydər Əliyev,17,1,0,Yağışlı,0,85
Heydər Əliyev,17,6,1,Yağışlı,1,72
Zərdabi,22,4,0,Yağışlı,0,36
Ziya Bünyadov,20,1,0,Açıq,0,76
Zərdabi,0,4,0,Yağışlı,0,47
Neftçilər,15,0,0,Qarlı,0,77
Babək,23,5,1,Yağışlı,2,73
Ziya Bünyadov,20,1,0,Yağışlı,0,100
Rəşid Behbudov,17,6,1,Qarlı,1,100
Rəşid Behbudov,8,1,0,Açıq,0,85
Tbilisi,2,3,0,Qarlı,0,39
İstiqlaliyyət,5,4,0,Dumanlı,2,79
Neftçilər,16,5,1,Dumanlı,0,49
Rəşid Behbudov,19,1,0,Yağışlı,0,97
Ziya Bünyadov,3,3,0,Qarlı,0,66
Tbilisi,5,0,0,Dumanlı,0,29
İstiqlaliyyət,8,1,0,Yağışlı,0,95
Atatürk,23,1,0,Dumanlı,0,32
Atatürk,1,4,0,Qarlı,1,59
Rəşid Behbudov,1,1,0,Yağışlı,0,51
Zərdabi,10,0,0,Dumanlı,0,48
Heydər Əliyev,8,3,0,Dumanlı,1,95
Rəşid Behbudov,11,3,0,Açıq,2,86
Rəşid Behbudov,23,1,0,Yağışlı,0,50
Qara Qarayev,5,4,0,Qarlı,1,86
Rəşid Behbudov,9,4,0,Yağışlı,0,73
Zərdabi,2,5,1,Açıq,0,28
İstiqlaliyyət,7,1,0,Qarlı,0,100
Atatürk,18,3,0,Yağışlı,0,94
İstiqlaliyyət,16,0,0,Dumanlı,0,55
Tbilisi,13,6,1,Qarlı,0,72
İstiqlaliyyət,6,0,0,Dumanlı,0,29
Qara Qarayev,13,0,0,Dumanlı,0,51
Babək,17,3,0,Açıq,0,67
Qara Qarayev,17,6,1,Yağışlı,0,47
Babək,18,0,0,Dumanlı,0,69
Heydər Əliyev,23,1,0,Yağışlı,0,38
Neftçilər,17,0,0,Açıq,0,67
İstiqlaliyyət,16,3,0,Yağışlı,1,82
Zərdabi,12,3,0,Qarlı,0,79
Atatürk,1,6,1,Yağışlı,0,29
Heydər Əliyev,18,6,1,Açıq,0,37
Heydər Əliyev,22,2,0,Qarlı,0,57
Ziya Bünyadov,15,6,1,Qarlı,2,100
Babək,22,1,0,Yağışlı,0,33
Tbilisi,13,0,0,Açıq,0,31
Neftçilər,15,5,1,Yağışlı,0,69
Ziya Bünyadov,7,0,0,Açıq,0,84
Qara Qarayev,19,5,1,Dumanlı,1,69
Atatürk,21,2,0,Qarlı,0,49
Neftçilər,20,1,0,Dumanlı,2,100
Rəşid Behbudov,3,6,1,Qarlı,0,61
Tbilisi,1,3,0,Qarlı,0,66
Babək,4,2,0,Yağışlı,1,57
Zərdabi,17,3,0,Açıq,0,66
Heydər Əliyev,9,6,1,Dumanlı,0,61
Babək,4,4,0,Açıq,0,12
Ziya Bünyadov,15,5,1,Dumanlı,0,52
İstiqlaliyyət,4,4,0,Dumanlı,0,37
İstiqlaliyyət,0,3,0,Yağışlı,0,41
Zərdabi,14,5,1,Yağışlı,0,59
Tbilisi,11,3,0,Açıq,0,53
Ziya Bünyadov,4,5,1,Qarlı,0,62
Heydər Əliyev,2,1,0,Qarlı,0,48
İstiqlaliyyət,11,1,0,Dumanlı,0,47
Rəşid Behbudov,16,0,0,Açıq,1,66
Neftçilər,10,5,1,Dumanlı,0,53
Heydər Əliyev,22,0,0,Yağışlı,0,52
Qara Qarayev,2,0,0,Açıq,1,53
İstiqlaliyyət,22,5,1,Yağışlı,0,53
Rəşid Behbudov,22,1,0,Dumanlı,2,69
Ziya Bünyadov,22,5,1,Yağışlı,0,38
İstiqlaliyyət,17,2,0,Dumanlı,0,81
Qara Qarayev,7,4,0,Qarlı,0,100
Zərdabi,20,4,0,Dumanlı,0,70
Zərdabi,15,6,1,Açıq,0,27
Rəşid Behbudov,5,5,1,Dumanlı,0,32
Atatürk,9,0,0,Dumanlı,0,92
Atatürk,14,3,0,Qarlı,0,70
Heydər Əliyev,2,0,0,Qarlı,1,90
Zərdabi,13,2,0,Qarlı,0,77
Zərdabi,3,5,1,Qarlı,0,54
Zərdabi,6,0,0,Açıq,0,20
Rəşid Behbudov,21,2,0,Dumanlı,0,33
Qara Qarayev,13,2,0,Açıq,0,42
Heydər Əliyev,0,2,0,Açıq,0,18
Babək,9,1,0,Yağışlı,0,100
Neftçilər,20,6,1,Açıq,0,22
Babək,12,2,0,Açıq,1,69
İstiqlaliyyət,16,0,0,Açıq,0,53
İstiqlaliyyət,3,1,0,Qarlı,0,57
Rəşid Behbudov,6,3,0,Yağışlı,1,60
Heydər Əliyev,12,0,0,Dumanlı,2,87
Rəşid Behbudov,1,6,1,Açıq,1,33
Atatürk,8,5,1,Açıq,0,41
Tbilisi,0,6,1,Qarlı,0,44
Ziya Bünyadov,14,3,0,Açıq,2,76
Ziya Bünyadov,6,0,0,Yağışlı,0,49
Ziya Bünyadov,17,5,1,Yağışlı,0,70
Zərdabi,0,2,0,Yağışlı,2,87
Qara Qarayev,1,0,0,Açıq,0,20
Qara Qarayev,8,6,1,Dumanlı,0,35
İstiqlaliyyət,16,6,1,Qarlı,0,61
Qara Qarayev,16,3,0,Qarlı,1,67
Neftçilər,22,1,0,Yağışlı,0,42
Rəşid Behbudov,0,0,0,Yağışlı,2,68
Tbilisi,21,6,1,Açıq,0,25
Babək,12,6,1,Yağışlı,0,49
Qara Qarayev,10,3,0,Yağışlı,0,50
Ziya Bünyadov,23,6,1,Yağışlı,0,62
İstiqlaliyyət,3,0,0,Yağışlı,0,46
Tbilisi,18,4,0,Dumanlı,0,92
Ziya Bünyadov,1,6,1,Dumanlı,0,38
İstiqlaliyyət,23,6,1,Açıq,0,22
Qara Qarayev,7,4,0,Açıq,0,74
Atatürk,10,6,1,Qarlı,0,78
Ziya Bünyadov,21,4,0,Dumanlı,2,85
Tbilisi,19,4,0,Qarlı,2,100
Tbilisi,10,4,0,Dumanlı,0,46
Qara Qarayev,15,3,0,Dumanlı,0,52
Neftçilər,10,6,1,Açıq,1,74
Babək,9,6,1,Qarlı,0,77
Neftçilər,14,3,0,Yağışlı,1,78
Heydər Əliyev,16,0,0,Dumanlı,0,60
Ziya Bünyadov,21,0,0,Dumanlı,1,50
Ziya Bünyadov,1,1,0,Yağışlı,0,49
Rəşid Behbudov,16,5,1,Açıq,0,27
Tbilisi,2,4,0,Açıq,0,15
Qara Qarayev,2,1,0,Açıq,0,11
Qara Qarayev,7,4,0,Qarlı,0,100
Qara Qarayev,17,3,0,Qarlı,0,97
Atatürk,2,0,0,Yağışlı,0,34
Rəşid Behbudov,14,4,0,Qarlı,1,91
İstiqlaliyyət,7,1,0,Yağışlı,1,100
Neftçilər,13,0,0,Qarlı,0,73
Rəşid Behbudov,11,6,1,Açıq,3,99
Atatürk,4,4,0,Yağışlı,0,42
Qara Qarayev,7,6,1,Qarlı,0,66
Atatürk,0,1,0,Yağışlı,0,47
Zərdabi,19,4,0,Yağışlı,0,100
Zərdabi,3,1,0,Dumanlı,1,44
Zərdabi,19,6,1,Yağışlı,0,59
Zərdabi,13,0,0,Qarlı,0,73
Rəşid Behbudov,13,0,0,Qarlı,0,63
İstiqlaliyyət,14,0,0,Yağışlı,2,97
İstiqlaliyyət,14,5,1,Yağışlı,0,54
Atatürk,20,3,0,Yağışlı,0,92
Atatürk,14,2,0,Açıq,0,21
Ziya Bünyadov,10,2,0,Qarlı,1,100
Heydər Əliyev,1,1,0,Açıq,1,41
Ziya Bünyadov,4,2,0,Qarlı,0,62
Tbilisi,1,0,0,Qarlı,1,60
Babək,3,6,1,Açıq,0,14
Rəşid Behbudov,15,0,0,Açıq,0,28
Tbilisi,15,1,0,Yağışlı,0,53
Ziya Bünyadov,1,1,0,Qarlı,0,58
Zərdabi,9,5,1,Açıq,0,28
Atatürk,6,6,1,Qarlı,1,55
Babək,19,2,0,Dumanlı,1,100
Tbilisi,4,2,0,Dumanlı,0,26
Heydər Əliyev,13,3,0,Dumanlı,0,58
Neftçilər,14,6,1,Dumanlı,0,48
Qara Qarayev,4,4,0,Açıq,0,13
Heydər Əliyev,7,5,1,Açıq,0,35
Heydər Əliyev,12,5,1,Açıq,0,40
Ziya Bünyadov,22,4,0,Qarlı,0,55
İstiqlaliyyət,18,1,0,Dumanlı,0,67
İstiqlaliyyət,0,2,0,Qarlı,0,54
Neftçilər,10,1,0,Açıq,0,47
Heydər Əliyev,23,4,0,Yağışlı,0,47
Qara Qarayev,21,5,1,Açıq,0,20
Neftçilər,9,5,1,Qarlı,0,70
Zərdabi,14,4,0,Dumanlı,0,65
Qara Qarayev,21,2,0,Qarlı,0,57
Atatürk,10,4,0,Dumanlı,0,38
Zərdabi,1,5,1,Dumanlı,0,36
Tbilisi,23,2,0,Qarlı,1,68
Qara Qarayev,8,0,0,Yağışlı,0,78
Babək,7,3,0,Dumanlı,0,91
İstiqlaliyyət,13,2,0,Açıq,3,100
İstiqlaliyyət,8,6,1,Yağışlı,2,100
Heydər Əliyev,0,6,1,Qarlı,0,47
Qara Qarayev,0,0,0,Yağışlı,0,51
Zərdabi,21,6,1,Açıq,0,15
Qara Qarayev,0,5,1,Yağışlı,0,50
Ziya Bünyadov,6,4,0,Yağışlı,0,52
Qara Qarayev,5,5,1,Dumanlı,0,25
Babək,9,6,1,Açıq,0,32
Heydər Əliyev,9,1,0,Yağışlı,0,97
Tbilisi,4,5,1,Qarlı,0,41
Neftçilər,14,4,0,Açıq,0,30
Qara Qarayev,9,4,0,Qarlı,0,96
Zərdabi,1,5,1,Açıq,0,18
Heydər Əliyev,15,6,1,Qarlı,0,60
Heydər Əliyev,20,3,0,Yağışlı,2,100
Heydər Əliyev,22,4,0,Açıq,0,10
Ziya Bünyadov,23,0,0,Açıq,0,28
İstiqlaliyyət,21,6,1,Yağışlı,0,28
Heydər Əliyev,11,0,0,Açıq,0,57
İstiqlaliyyət,10,0,0,Açıq,2,85
Zərdabi,18,5,1,Dumanlı,0,59
Babək,16,5,1,Dumanlı,0,48
Neftçilər,0,1,0,Qarlı,0,49
Neftçilər,16,2,0,Yağışlı,0,71
Rəşid Behbudov,12,1,0,Dumanlı,2,82
Tbilisi,19,1,0,Qarlı,0,100
Zərdabi,17,5,1,Açıq,1,55
Atatürk,19,1,0,Dumanlı,0,83
Babək,0,2,0,Dumanlı,0,33
Neftçilər,18,3,0,Dumanlı,0,89
Qara Qarayev,14,0,0,Yağışlı,0,59
Tbilisi,8,5,1,Dumanlı,0,45
Tbilisi,15,2,0,Qarlı,0,72
Zərdabi,2,0,0,Yağışlı,0,38
Rəşid Behbudov,20,1,0,Qarlı,0,100
Heydər Əliyev,9,6,1,Açıq,0,46
Zərdabi,22,6,1,Açıq,2,57
Heydər Əliyev,9,3,0,Dumanlı,0,73
İstiqlaliyyət,20,3,0,Açıq,1,91
Tbilisi,9,1,0,Dumanlı,0,81
Zərdabi,11,2,0,Dumanlı,0,67
Ziya Bünyadov,0,4,0,Açıq,0,32
İstiqlaliyyət,7,4,0,Yağışlı,0,72
Neftçilər,9,1,0,Dumanlı,0,81
Babək,15,6,1,Yağışlı,1,71
Neftçilər,7,1,0,Qarlı,0,97
Rəşid Behbudov,0,0,0,Dumanlı,0,39
Qara Qarayev,21,5,1,Dumanlı,0,39
İstiqlaliyyət,16,5,1,Yağışlı,0,62
Zərdabi,13,4,0,Qarlı,0,59
Qara Qarayev,12,0,0,Dumanlı,0,62
Zərdabi,1,4,0,Açıq,0,27
Ziya Bünyadov,10,5,1,Yağışlı,1,93
Atatürk,19,6,1,Qarlı,0,74
Rəşid Behbudov,16,2,0,Dumanlı,0,50
Ziya Bünyadov,23,1,0,Yağışlı,0,40
Heydər Əliyev,23,6,1,Açıq,1,44
Heydər Əliyev,1,3,0,Açıq,0,27
Atatürk,15,1,0,Açıq,0,45
Heydər Əliyev,7,3,0,Açıq,2,100
Neftçilər,18,1,0,Açıq,0,76
Rəşid Behbudov,5,5,1,Açıq,0,22
Qara Qarayev,3,1,0,Dumanlı,0,28
Rəşid Behbudov,9,3,0,Yağışlı,0,100
Atatürk,1,4,0,Dumanlı,0,22
Heydər Əliyev,15,1,0,Dumanlı,0,63
Atatürk,16,2,0,Açıq,0,35
Heydər Əliyev,1,0,0,Qarlı,0,37
Ziya Bünyadov,11,6,1,Açıq,0,58
İstiqlaliyyət,10,0,0,Qarlı,0,70
Qara Qarayev,12,6,1,Yağışlı,0,59
Tbilisi,14,6,1,Açıq,0,49
Ziya Bünyadov,6,5,1,Yağışlı,0,41
Neftçilər,10,6,1,Dumanlı,0,36
Tbilisi,13,0,0,Yağışlı,0,68
İstiqlaliyyət,21,2,0,Qarlı,0,46
İstiqlaliyyət,11,2,0,Qarlı,0,69
Babək,2,2,0,Dumanlı,0,40
Zərdabi,20,0,0,Dumanlı,0,96
İstiqlaliyyət,7,4,0,Qarlı,0,100
Atatürk,4,1,0,Dumanlı,0,27
Qara Qarayev,20,2,0,Qarlı,0,100
Babək,14,0,0,Açıq,1,73
Zərdabi,10,5,1,Dumanlı,0,58
Zərdabi,17,2,0,Qarlı,0,100
Rəşid Behbudov,1,2,0,Yağışlı,2,84
Zərdabi,20,3,0,Dumanlı,0,84
Heydər Əliyev,6,5,1,Yağışlı,0,50
Neftçilər,7,5,1,Dumanlı,0,62
Neftçilər,22,3,0,Dumanlı,0,33
Atatürk,23,5,1,Dumanlı,0,35
Babək,7,2,0,Açıq,0,78
Ziya Bünyadov,7,4,0,Dumanlı,0,97
Atatürk,18,1,0,Dumanlı,0,87
İstiqlaliyyət,12,2,0,Açıq,0,36
Babək,23,3,0,Qarlı,0,51
Qara Qarayev,20,2,0,Qarlı,0,100
Ziya Bünyadov,15,3,0,Qarlı,0,90
İstiqlaliyyət,16,2,0,Qarlı,2,100
Neftçilər,5,4,0,Qarlı,0,41
Tbilisi,11,0,0,Yağışlı,0,53
İstiqlaliyyət,2,2,0,Qarlı,0,37
Tbilisi,22,1,0,Yağışlı,0,30
Atatürk,22,2,0,Qarlı,0,58
Neftçilər,4,0,0,Yağışlı,0,45
Neftçilər,18,4,0,Açıq,0,61
Rəşid Behbudov,9,3,0,Dumanlı,0,64
Babək,23,6,1,Qarlı,0,50
Zərdabi,7,0,0,Dumanlı,0,94
Qara Qarayev,4,2,0,Dumanlı,1,48
Babək,2,0,0,Qarlı,0,35
Tbilisi,22,3,0,Qarlı,0,56
Tbilisi,20,5,1,Qarlı,1,81
Atatürk,9,5,1,Dumanlı,0,50
Atatürk,20,3,0,Qarlı,0,100
Rəşid Behbudov,21,2,0,Açıq,0,20
Qara Qarayev,23,2,0,Yağışlı,0,36
Babək,22,0,0,Dumanlı,0,38
Babək,16,0,0,Dumanlı,3,100
İstiqlaliyyət,13,3,0,Yağışlı,0,45
Ziya Bünyadov,16,2,0,Yağışlı,0,65
Heydər Əliyev,22,6,1,Açıq,2,54
İstiqlaliyyət,7,4,0,Dumanlı,0,77
Rəşid Behbudov,4,0,0,Yağışlı,3,100
Ziya Bünyadov,2,5,1,Qarlı,0,61
Heydər Əliyev,17,6,1,Yağışlı,0,54
Qara Qarayev,22,6,1,Yağışlı,0,34
Neftçilər,22,4,0,Yağışlı,0,31
Ziya Bünyadov,4,1,0,Dumanlı,0,50
Qara Qarayev,17,4,0,Yağışlı,0,80
Qara Qarayev,3,5,1,Dumanlı,0,37
Rəşid Behbudov,8,4,0,Dumanlı,0,78
Qara Qarayev,4,0,0,Açıq,1,39
Zərdabi,4,0,0,Açıq,1,47
Rəşid Behbudov,10,2,0,Yağışlı,0,58
Neftçilər,8,4,0,Yağışlı,0,74
Heydər Əliyev,21,4,0,Açıq,0,17
Babək,23,3,0,Açıq,0,20
Rəşid Behbudov,9,0,0,Yağışlı,0,100
Qara Qarayev,11,4,0,Dumanlı,0,58
Ziya Bünyadov,4,4,0,Açıq,0,22
Zərdabi,6,2,0,Yağışlı,0,31
Babək,2,2,0,Yağışlı,1,62
İstiqlaliyyət,13,1,0,Dumanlı,0,49
Heydər Əliyev,23,5,1,Açıq,0,26
Qara Qarayev,18,3,0,Dumanlı,0,63
Ziya Bünyadov,12,1,0,Qarlı,0,74
Ziya Bünyadov,2,2,0,Yağışlı,2,100
Neftçilər,22,0,0,Açıq,0,17
Rəşid Behbudov,9,0,0,Dumanlı,0,81
Heydər Əliyev,3,3,0,Dumanlı,0,39
İstiqlaliyyət,1,3,0,Qarlı,0,47
Neftçilər,19,1,0,Açıq,1,100
Neftçilər,9,3,0,Qarlı,0,97
Zərdabi,1,1,0,Yağışlı,0,38
İstiqlaliyyət,0,0,0,Açıq,1,39
Neftçilər,23,1,0,Yağışlı,0,49
Atatürk,14,6,1,Açıq,0,35
Tbilisi,3,1,0,Yağışlı,0,31
Neftçilər,2,1,0,Qarlı,0,58
Neftçilər,19,2,0,Yağışlı,1,100
Atatürk,15,3,0,Dumanlı,0,61
Heydər Əliyev,14,5,1,Dumanlı,0,57
Rəşid Behbudov,6,4,0,Dumanlı,0,22
Babək,10,4,0,Qarlı,0,59
Ziya Bünyadov,9,4,0,Açıq,2,100
Qara Qarayev,13,5,1,Dumanlı,0,55
Zərdabi,2,2,0,Dumanlı,0,23
Tbilisi,15,6,1,Dumanlı,0,61
Neftçilər,17,3,0,Qarlı,0,100
İstiqlaliyyət,7,6,1,Dumanlı,0,44
Qara Qarayev,12,4,0,Yağışlı,0,56
Qara Qarayev,11,4,0,Açıq,0,47
Zərdabi,4,3,0,Dumanlı,0,39
Qara Qarayev,6,3,0,Açıq,0,17
Rəşid Behbudov,9,3,0,Qarlı,0,100
İstiqlaliyyət,2,4,0,Yağışlı,1,51
Qara Qarayev,14,4,0,Açıq,1,62
İstiqlaliyyət,22,1,0,Qarlı,1,71
Atatürk,21,2,0,Yağışlı,0,37
Zərdabi,12,3,0,Açıq,0,25
Heydər Əliyev,6,3,0,Dumanlı,0,41
Heydər Əliyev,19,2,0,Dumanlı,0,94
Neftçilər,1,3,0,Dumanlı,0,41
Neftçilər,14,6,1,Qarlı,0,82
Tbilisi,19,0,0,Açıq,0,71
Babək,2,2,0,Dumanlı,0,31
Qara Qarayev,16,5,1,Dumanlı,0,54
İstiqlaliyyət,11,0,0,Açıq,0,37
Atatürk,11,5,1,Dumanlı,0,60
Zərdabi,13,0,0,Yağışlı,0,61
Qara Qarayev,23,0,0,Yağışlı,1,76
Qara Qarayev,2,6,1,Yağışlı,0,35
Babək,6,5,1,Yağışlı,0,33
Babək,11,3,0,Qarlı,1,84
Neftçilər,18,3,0,Yağışlı,0,100
Tbilisi,22,1,0,Qarlı,0,65
Qara Qarayev,17,6,1,Açıq,0,30
Zərdabi,19,4,0,Qarlı,0,94
Neftçilər,15,4,0,Dumanlı,0,52
Atatürk,22,6,1,Yağışlı,0,39
İstiqlaliyyət,4,2,0,Dumanlı,0,24
Neftçilər,4,6,1,Açıq,1,49
Zərdabi,11,5,1,Qarlı,1,95
Babək,23,2,0,Yağışlı,0,43
Qara Qarayev,2,1,0,Yağışlı,0,34
Zərdabi,16,3,0,Yağışlı,0,62
Zərdabi,22,2,0,Açıq,0,24
Neftçilər,17,5,1,Dumanlı,0,45
İstiqlaliyyət,2,1,0,Dumanlı,0,44
Rəşid Behbudov,14,3,0,Qarlı,0,81
Tbilisi,23,6,1,Qarlı,0,61
İstiqlaliyyət,9,4,0,Yağışlı,0,99
Atatürk,8,4,0,Yağışlı,0,73
Babək,12,0,0,Açıq,0,24
Ziya Bünyadov,22,6,1,Dumanlı,0,55
Atatürk,19,6,1,Dumanlı,1,71
Heydər Əliyev,11,5,1,Yağışlı,1,68
Tbilisi,13,6,1,Qarlı,1,96
Qara Qarayev,10,3,0,Açıq,1,68
Neftçilər,20,5,1,Qarlı,0,64
Babək,22,1,0,Yağışlı,1,58
İstiqlaliyyət,7,0,0,Dumanlı,0,94
Ziya Bünyadov,5,2,0,Yağışlı,0,52
Tbilisi,18,2,0,Qarlı,0,88
Babək,14,6,1,Dumanlı,0,57
Ziya Bünyadov,0,5,1,Açıq,0,34
Zərdabi,4,1,0,Qarlı,0,49
İstiqlaliyyət,2,1,0,Dumanlı,0,34
Babək,23,6,1,Qarlı,0,45
Atatürk,15,2,0,Qarlı,0,69
Neftçilər,16,2,0,Yağışlı,0,61
Tbilisi,9,0,0,Qarlı,0,81
Tbilisi,15,5,1,Yağışlı,0,61
Rəşid Behbudov,11,4,0,Qarlı,0,76
Neftçilər,20,0,0,Qarlı,1,100
Zərdabi,11,5,1,Dumanlı,0,64
Heydər Əliyev,6,0,0,Açıq,0,27
Heydər Əliyev,2,4,0,Dumanlı,0,31
Neftçilər,4,0,0,Qarlı,0,46
İstiqlaliyyət,15,2,0,Qarlı,1,100
Atatürk,10,6,1,Dumanlı,0,51
Ziya Bünyadov,13,2,0,Açıq,1,62
Zərdabi,3,6,1,Qarlı,1,86
Babək,0,6,1,Dumanlı,0,23
Neftçilər,13,0,0,Qarlı,0,69
Qara Qarayev,7,6,1,Dumanlı,0,58
Ziya Bünyadov,3,2,0,Dumanlı,0,43
Rəşid Behbudov,23,4,0,Yağışlı,0,34
Qara Qarayev,18,5,1,Dumanlı,0,44
Rəşid Behbudov,9,3,0,Yağışlı,0,88
Atatürk,8,2,0,Açıq,1,98
Babək,14,4,0,Açıq,0,49
Rəşid Behbudov,13,1,0,Qarlı,1,95
Heydər Əliyev,17,2,0,Açıq,0,75
Ziya Bünyadov,13,5,1,Qarlı,0,69
Babək,21,6,1,Qarlı,0,38
Ziya Bünyadov,19,6,1,Dumanlı,0,63
Heydər Əliyev,16,1,0,Dumanlı,0,44
Tbilisi,11,3,0,Qarlı,0,79
İstiqlaliyyət,23,2,0,Açıq,0,11
İstiqlaliyyət,5,1,0,Dumanlı,0,23
Atatürk,10,2,0,Qarlı,0,82
Ziya Bünyadov,9,4,0,Dumanlı,1,100
Babək,6,2,0,Yağışlı,0,47
Ziya Bünyadov,6,0,0,Yağışlı,0,42
Atatürk,0,5,1,Dumanlı,0,41
İstiqlaliyyət,1,0,0,Qarlı,1,77
Heydər Əliyev,18,3,0,Qarlı,1,100
Tbilisi,18,6,1,Qarlı,0,59
Tbilisi,21,6,1,Yağışlı,0,41
Zərdabi,23,6,1,Yağışlı,0,49
Qara Qarayev,10,5,1,Yağışlı,0,56
Heydər Əliyev,5,5,1,Yağışlı,0,34
Zərdabi,6,5,1,Qarlı,0,48
Ziya Bünyadov,19,5,1,Dumanlı,0,67
Ziya Bünyadov,4,2,0,Dumanlı,1,61
İstiqlaliyyət,13,2,0,Dumanlı,0,53
Ziya Bünyadov,10,6,1,Yağışlı,0,61
Tbilisi,1,4,0,Dumanlı,0,29
Ziya Bünyadov,1,4,0,Dumanlı,0,42
İstiqlaliyyət,12,4,0,Yağışlı,0,60
Neftçilər,22,0,0,Qarlı,0,46
Babək,21,4,0,Qarlı,0,60
Ziya Bünyadov,19,0,0,Qarlı,0,100
Babək,14,5,1,Qarlı,0,87
Zərdabi,15,0,0,Qarlı,0,66
Qara Qarayev,13,0,0,Açıq,0,54
Qara Qarayev,20,6,1,Açıq,0,28
İstiqlaliyyət,20,6,1,Açıq,0,28
Babək,22,6,1,Dumanlı,0,27
Neftçilər,10,2,0,Yağışlı,0,68
Heydər Əliyev,18,0,0,Açıq,0,80
Neftçilər,8,2,0,Yağışlı,1,100
Ziya Bünyadov,21,5,1,Açıq,0,27
İstiqlaliyyət,16,3,0,Yağışlı,0,52
Qara Qarayev,20,6,1,Qarlı,0,69
Heydər Əliyev,22,5,1,Yağışlı,1,54
Qara Qarayev,14,4,0,Açıq,1,60
Zərdabi,22,0,0,Açıq,0,24
Atatürk,8,2,0,Qarlı,0,100
Neftçilər,7,3,0,Açıq,0,62
Rəşid Behbudov,12,3,0,Qarlı,0,72
Atatürk,1,1,0,Açıq,1,42
Neftçilər,21,2,0,Dumanlı,2,74
Neftçilər,0,6,1,Yağışlı,0,40
İstiqlaliyyət,17,3,0,Yağışlı,0,94
Ziya Bünyadov,4,0,0,Qarlı,0,51
Zərdabi,21,1,0,Qarlı,0,38
Rəşid Behbudov,17,0,0,Qarlı,0,100
Neftçilər,20,6,1,Dumanlı,0,42
Neftçilər,19,2,0,Açıq,0,62
Qara Qarayev,9,1,0,Qarlı,0,96
Tbilisi,9,6,1,Qarlı,0,75
İstiqlaliyyət,7,2,0,Qarlı,1,100
Tbilisi,4,3,0,Yağışlı,0,30
Zərdabi,21,0,0,Yağışlı,0,43
Ziya Bünyadov,9,5,1,Yağışlı,0,72
İstiqlaliyyət,5,4,0,Yağışlı,0,35
Neftçilər,16,1,0,Qarlı,0,66
Atatürk,17,3,0,Dumanlı,0,74
Tbilisi,23,4,0,Yağışlı,0,38
Atatürk,4,0,0,Yağışlı,1,64
İstiqlaliyyət,0,5,1,Dumanlı,0,35
Tbilisi,13,1,0,Yağışlı,1,70
Neftçilər,19,3,0,Qarlı,0,100
Tbilisi,20,2,0,Yağışlı,0,87
Tbilisi,16,5,1,Qarlı,0,79
Heydər Əliyev,15,4,0,Dumanlı,1,84
Neftçilər,2,4,0,Qarlı,1,61
Rəşid Behbudov,8,3,0,Yağışlı,1,95
Qara Qarayev,10,5,1,Yağışlı,0,70
Ziya Bünyadov,13,0,0,Yağışlı,0,70
Rəşid Behbudov,11,0,0,Açıq,0,46
Rəşid Behbudov,20,6,1,Dumanlı,1,70
Atatürk,3,4,0,Dumanlı,0,23
Neftçilər,1,3,0,Açıq,0,16
Neftçilər,16,0,0,Qarlı,0,67
Heydər Əliyev,15,1,0,Qarlı,2,100
Heydər Əliyev,10,1,0,Açıq,0,41
Neftçilər,18,2,0,Açıq,0,68
Ziya Bünyadov,19,5,1,Açıq,0,58
Ziya Bünyadov,3,2,0,Yağışlı,0,45
Zərdabi,19,5,1,Dumanlı,0,40
Tbilisi,8,1,0,Qarlı,0,100
Ziya Bünyadov,3,2,0,Yağışlı,0,47
Zərdabi,11,2,0,Yağışlı,0,43
İstiqlaliyyət,3,4,0,Dumanlı,0,26
Ziya Bünyadov,20,0,0,Açıq,1,100
Rəşid Behbudov,10,0,0,Qarlı,0,72
İstiqlaliyyət,17,6,1,Dumanlı,1,60
Neftçilər,22,3,0,Yağışlı,0,34
Rəşid Behbudov,3,2,0,Dumanlı,0,33
İstiqlaliyyət,20,0,0,Qarlı,1,100
Atatürk,23,0,0,Dumanlı,0,30
İstiqlaliyyət,23,1,0,Yağışlı,0,44
İstiqlaliyyət,0,1,0,Açıq,1,36
Zərdabi,15,4,0,Qarlı,0,92
Zərdabi,20,3,0,Açıq,0,81
Neftçilər,4,1,0,Qarlı,0,50
Tbilisi,10,3,0,Qarlı,0,78
İstiqlaliyyət,13,3,0,Dumanlı,0,44
Qara Qarayev,15,2,0,Dumanlı,0,52
Heydər Əliyev,20,4,0,Qarlı,0,92
Babək,7,4,0,Açıq,0,82
Ziya Bünyadov,11,4,0,Açıq,3,100
Tbilisi,5,3,0,Dumanlı,1,42
İstiqlaliyyət,1,0,0,Yağışlı,0,48
Qara Qarayev,8,3,0,Açıq,0,82
Qara Qarayev,9,4,0,Dumanlı,0,84
Rəşid Behbudov,21,0,0,Qarlı,0,59
Atatürk,7,2,0,Yağışlı,0,89
Ziya Bünyadov,18,1,0,Dumanlı,0,100
İstiqlaliyyət,4,0,0,Yağışlı,2,74
Qara Qarayev,15,6,1,Açıq,0,56
Heydər Əliyev,6,1,0,Qarlı,1,62
Rəşid Behbudov,2,1,0,Qarlı,0,50
Babək,6,5,1,Dumanlı,0,28
İstiqlaliyyət,6,3,0,Yağışlı,0,26
Neftçilər,6,6,1,Yağışlı,0,45
Qara Qarayev,17,4,0,Dumanlı,0,76
Zərdabi,18,0,0,Qarlı,0,100
Neftçilər,20,0,0,Açıq,0,70
Ziya Bünyadov,22,4,0,Yağışlı,0,46
Ziya Bünyadov,7,6,1,Açıq,0,47
Heydər Əliyev,19,5,1,Qarlı,3,100
Zərdabi,0,3,0,Yağışlı,0,51
Tbilisi,9,2,0,Açıq,0,64
Atatürk,20,4,0,Yağışlı,0,99
Rəşid Behbudov,18,1,0,Yağışlı,0,72
Neftçilər,22,4,0,Açıq,0,10
Atatürk,10,1,0,Yağışlı,1,65
Atatürk,5,5,1,Yağışlı,0,45
Tbilisi,4,2,0,Açıq,1,39
Ziya Bünyadov,10,5,1,Açıq,0,43
Neftçilər,3,2,0,Yağışlı,0,49
İstiqlaliyyət,20,0,0,Yağışlı,0,96
Atatürk,20,6,1,Dumanlı,1,65
Babək,15,3,0,Açıq,0,57
Qara Qarayev,16,6,1,Yağışlı,0,53
Rəşid Behbudov,20,2,0,Açıq,0,55
Atatürk,7,3,0,Açıq,0,71
Babək,10,6,1,Yağışlı,0,71
Qara Qarayev,20,0,0,Açıq,0,65
Atatürk,4,4,0,Yağışlı,0,44
Zərdabi,7,6,1,Dumanlı,0,34
Atatürk,9,5,1,Açıq,0,36
Tbilisi,18,2,0,Yağışlı,0,94
Tbilisi,15,6,1,Qarlı,1,87
Heydər Əliyev,23,4,0,Açıq,0,23
Heydər Əliyev,19,4,0,Qarlı,0,100
Babək,15,4,0,Açıq,0,46
Neftçilər,2,4,0,Yağışlı,0,32
Qara Qarayev,13,0,0,Açıq,1,47
Neftçilər,0,6,1,Qarlı,0,59
Neftçilər,10,2,0,Yağışlı,0,64
Neftçilər,15,3,0,Qarlı,0,70
İstiqlaliyyət,9,4,0,Yağışlı,0,97
Tbilisi,13,5,1,Qarlı,0,80
Heydər Əliyev,18,1,0,Qarlı,0,100
Qara Qarayev,2,5,1,Yağışlı,1,57
Babək,10,3,0,Qarlı,0,60
Qara Qarayev,11,5,1,Qarlı,0,65
Atatürk,18,6,1,Qarlı,0,72
Ziya Bünyadov,5,4,0,Qarlı,0,64
Babək,13,1,0,Açıq,0,50
Heydər Əliyev,1,1,0,Yağışlı,0,51
Qara Qarayev,4,0,0,Açıq,0,25
İstiqlaliyyət,19,4,0,Dumanlı,0,86
Ziya Bünyadov,16,1,0,Yağışlı,0,64
İstiqlaliyyət,14,6,1,Yağışlı,0,48
Atatürk,21,3,0,Açıq,0,11
İstiqlaliyyət,2,2,0,Dumanlı,0,28
Atatürk,19,5,1,Açıq,0,38
Neftçilər,23,6,1,Açıq,2,61
Zərdabi,11,3,0,Qarlı,0,93
Atatürk,23,2,0,Dumanlı,0,41
Atatürk,16,6,1,Qarlı,0,80
Heydər Əliyev,19,5,1,Açıq,0,44
Heydər Əliyev,23,0,0,Qarlı,0,56
Tbilisi,4,1,0,Açıq,1,43
İstiqlaliyyət,21,6,1,Qarlı,1,72
Zərdabi,15,2,0,Yağışlı,0,62
Ziya Bünyadov,6,5,1,Açıq,0,25
Zərdabi,10,5,1,Açıq,0,46
Ziya Bünyadov,9,1,0,Açıq,0,73
Ziya Bünyadov,5,0,0,Açıq,0,32
Zərdabi,10,6,1,Yağışlı,0,59
Neftçilər,3,3,0,Yağışlı,0,33
İstiqlaliyyət,2,0,0,Açıq,0,13
Rəşid Behbudov,19,5,1,Dumanlı,1,65
Atatürk,11,1,0,Qarlı,1,91
Babək,6,2,0,Dumanlı,0,37
Heydər Əliyev,7,6,1,Dumanlı,0,59
Zərdabi,7,3,0,Qarlı,0,100
Atatürk,23,3,0,Açıq,0,13
Neftçilər,19,2,0,Qarlı,1,100
Atatürk,16,4,0,Dumanlı,1,88
Qara Qarayev,18,5,1,Yağışlı,0,58
İstiqlaliyyət,3,4,0,Qarlı,0,52
Atatürk,22,0,0,Açıq,0,13
Zərdabi,9,3,0,Açıq,0,78
İstiqlaliyyət,20,5,1,Açıq,0,27
Heydər Əliyev,8,2,0,Dumanlı,0,85
Zərdabi,18,2,0,Qarlı,0,89
Ziya Bünyadov,12,5,1,Dumanlı,0,59
Atatürk,14,4,0,Qarlı,0,65
Babək,15,3,0,Dumanlı,0,44
Neftçilər,12,5,1,Yağışlı,0,69
Qara Qarayev,5,3,0,Dumanlı,0,25
Rəşid Behbudov,3,4,0,Qarlı,0,53
Neftçilər,0,1,0,Yağışlı,0,30
Zərdabi,8,0,0,Dumanlı,1,100
Rəşid Behbudov,2,5,1,Dumanlı,0,22
Babək,18,1,0,Açıq,1,93
Ziya Bünyadov,16,1,0,Dumanlı,0,75
Atatürk,16,1,0,Açıq,0,38
Ziya Bünyadov,21,1,0,Açıq,0,35
Zərdabi,9,0,0,Yağışlı,0,99
Heydər Əliyev,13,6,1,Qarlı,0,90
Atatürk,7,3,0,Açıq,0,78
İstiqlaliyyət,21,5,1,Açıq,0,19
Atatürk,5,1,0,Dumanlı,1,48
Tbilisi,2,3,0,Açıq,1,28
İstiqlaliyyət,21,4,0,Açıq,2,57
İstiqlaliyyət,7,2,0,Açıq,0,74
Babək,6,3,0,Qarlı,1,77
Ziya Bünyadov,3,3,0,Dumanlı,1,55
Ziya Bünyadov,16,6,1,Dumanlı,2,96
Neftçilər,5,4,0,Dumanlı,0,31
Zərdabi,17,3,0,Dumanlı,0,82
Atatürk,0,5,1,Yağışlı,0,46
Neftçilər,11,4,0,Dumanlı,0,58
Neftçilər,19,5,1,Dumanlı,0,41
Zərdabi,19,5,1,Açıq,0,35
Atatürk,13,0,0,Yağışlı,0,51
Ziya Bünyadov,5,6,1,Açıq,0,25
Neftçilər,13,0,0,Yağışlı,0,76
Rəşid Behbudov,11,5,1,Qarlı,0,78
Zərdabi,19,5,1,Dumanlı,0,36
Rəşid Behbudov,6,4,0,Dumanlı,0,29
Qara Qarayev,1,1,0,Dumanlı,0,32
Tbilisi,11,2,0,Dumanlı,0,43
Qara Qarayev,8,6,1,Dumanlı,0,48
Heydər Əliyev,17,4,0,Dumanlı,0,91
Ziya Bünyadov,17,0,0,Dumanlı,0,93
Heydər Əliyev,0,2,0,Yağışlı,0,39
Atatürk,15,2,0,Qarlı,0,62
Heydər Əliyev,9,3,0,Qarlı,0,92
Zərdabi,9,3,0,Dumanlı,0,88
Heydər Əliyev,4,1,0,Açıq,0,10
Rəşid Behbudov,23,4,0,Dumanlı,1,50
Zərdabi,9,2,0,Açıq,0,78
Tbilisi,3,0,0,Qarlı,1,71
Qara Qarayev,0,3,0,Yağışlı,0,39
Neftçilər,6,6,1,Qarlı,0,62
Zərdabi,14,3,0,Yağışlı,0,63
Tbilisi,8,6,1,Yağışlı,0,48
Neftçilər,15,6,1,Yağışlı,0,52
Babək,21,2,0,Açıq,0,12
Qara Qarayev,7,2,0,Yağışlı,0,100
Neftçilər,10,3,0,Açıq,1,65
Ziya Bünyadov,10,1,0,Açıq,0,52
Rəşid Behbudov,9,3,0,Qarlı,0,93
Babək,3,3,0,Yağışlı,0,43
İstiqlaliyyət,15,5,1,Qarlı,1,92
Ziya Bünyadov,17,3,0,Yağışlı,0,99
Tbilisi,21,5,1,Qarlı,2,97
Ziya Bünyadov,0,0,0,Qarlı,0,51
Qara Qarayev,21,0,0,Açıq,0,23
Atatürk,7,5,1,Açıq,0,36
Zərdabi,7,1,0,Yağışlı,0,93
Atatürk,2,0,0,Açıq,0,12
Tbilisi,20,1,0,Dumanlı,0,83
Heydər Əliyev,14,0,0,Qarlı,0,70
Neftçilər,3,2,0,Dumanlı,0,44
İstiqlaliyyət,15,4,0,Qarlı,0,79
Atatürk,17,0,0,Yağışlı,0,79
Tbilisi,18,6,1,Yağışlı,0,43
Ziya Bünyadov,23,2,0,Açıq,2,69
Zərdabi,16,5,1,Qarlı,0,71
Zərdabi,20,6,1,Yağışlı,0,51
Neftçilər,8,1,0,Qarlı,0,85
Neftçilər,23,4,0,Qarlı,0,58
Qara Qarayev,0,2,0,Yağışlı,1,61
Neftçilər,6,6,1,Açıq,0,24
İstiqlaliyyət,4,5,1,Qarlı,0,61
Heydər Əliyev,17,4,0,Qarlı,0,84
Babək,13,5,1,Yağışlı,0,65
Tbilisi,2,5,1,Dumanlı,0,42
Heydər Əliyev,22,0,0,Yağışlı,0,36
Neftçilər,8,0,0,Dumanlı,0,100
Ziya Bünyadov,22,2,0,Dumanlı,0,47
Heydər Əliyev,3,3,0,Qarlı,0,55
Neftçilər,8,0,0,Açıq,1,78
İstiqlaliyyət,1,0,0,Açıq,0,22
Rəşid Behbudov,23,6,1,Qarlı,1,66
Zərdabi,1,5,1,Açıq,2,59
Heydər Əliyev,14,0,0,Açıq,1,41
İstiqlaliyyət,5,0,0,Yağışlı,0,30
Tbilisi,13,2,0,Yağışlı,0,54
İstiqlaliyyət,12,0,0,Qarlı,1,100
Zərdabi,20,0,0,Qarlı,0,100
Qara Qarayev,17,0,0,Açıq,0,63
Ziya Bünyadov,9,5,1,Açıq,0,46
Tbilisi,1,1,0,Dumanlı,2,68
Babək,16,5,1,Yağışlı,0,83
Heydər Əliyev,11,1,0,Yağışlı,0,62
Zərdabi,14,4,0,Açıq,0,38
Neftçilər,0,5,1,Qarlı,0,54
Heydər Əliyev,19,6,1,Açıq,0,30
Qara Qarayev,4,0,0,Qarlı,0,45
Heydər Əliyev,14,4,0,Dumanlı,0,62
Zərdabi,8,6,1,Dumanlı,0,46
Zərdabi,12,6,1,Yağışlı,1,87
Neftçilər,8,5,1,Dumanlı,0,43
Qara Qarayev,15,4,0,Yağışlı,1,89
Neftçilər,11,0,0,Yağışlı,1,78
Heydər Əliyev,4,3,0,Dumanlı,1,56
Zərdabi,12,1,0,Qarlı,0,71
Tbilisi,9,2,0,Qarlı,0,100
Atatürk,3,1,0,Qarlı,0,52
Babək,9,3,0,Dumanlı,0,82
Qara Qarayev,5,4,0,Dumanlı,0,31
Zərdabi,17,6,1,Açıq,0,31
Tbilisi,14,2,0,Qarlı,1,100
Ziya Bünyadov,5,0,0,Qarlı,0,51
Qara Qarayev,18,6,1,Açıq,0,29
Babək,22,1,0,Dumanlı,1,47
Heydər Əliyev,14,1,0,Qarlı,0,64
Qara Qarayev,1,2,0,Qarlı,0,43
Heydər Əliyev,12,5,1,Dumanlı,0,47
Tbilisi,6,5,1,Qarlı,0,46
Ziya Bünyadov,1,4,0,Dumanlı,0,54
Qara Qarayev,6,2,0,Qarlı,0,60
Neftçilər,5,2,0,Açıq,0,13
Zərdabi,21,3,0,Yağışlı,0,47
Zərdabi,13,4,0,Yağışlı,0,44
Neftçilər,9,6,1,Açıq,0,31
Tbilisi,16,1,0,Qarlı,0,63
Ziya Bünyadov,16,4,0,Açıq,0,44
Rəşid Behbudov,19,5,1,Qarlı,0,65
Atatürk,2,0,0,Yağışlı,0,36
Tbilisi,11,6,1,Açıq,0,38
Qara Qarayev,23,0,0,Qarlı,0,59
Heydər Əliyev,10,0,0,Qarlı,1,80
Tbilisi,22,6,1,Açıq,0,21
Tbilisi,22,5,1,Yağışlı,0,27
Babək,8,0,0,Yağışlı,1,100
Heydər Əliyev,11,4,0,Açıq,0,43
Ziya Bünyadov,4,6,1,Dumanlı,0,44
Rəşid Behbudov,14,5,1,Dumanlı,1,86
Rəşid Behbudov,23,1,0,Açıq,0,15
Qara Qarayev,20,0,0,Yağışlı,0,81
Babək,17,6,1,Açıq,1,55
Ziya Bünyadov,22,2,0,Dumanlı,0,45
Atatürk,20,4,0,Dumanlı,0,100
Atatürk,19,0,0,Qarlı,0,100
Ziya Bünyadov,15,1,0,Qarlı,0,67
İstiqlaliyyət,2,0,0,Yağışlı,0,42
Zərdabi,22,0,0,Yağışlı,0,36
Tbilisi,21,6,1,Yağışlı,1,62
Tbilisi,7,0,0,Yağışlı,1,100
Atatürk,23,4,0,Dumanlı,1,45
Atatürk,1,1,0,Dumanlı,0,37
Babək,18,3,0,Qarlı,0,100
Atatürk,21,5,1,Dumanlı,1,50
İstiqlaliyyət,19,2,0,Dumanlı,1,100
Qara Qarayev,2,1,0,Yağışlı,0,55
Atatürk,3,1,0,Yağışlı,1,53
Heydər Əliyev,17,3,0,Dumanlı,0,91
Rəşid Behbudov,2,3,0,Yağışlı,0,35
Atatürk,10,4,0,Açıq,1,68
Heydər Əliyev,4,6,1,Yağışlı,0,33
Qara Qarayev,14,3,0,Dumanlı,0,48
Atatürk,6,1,0,Yağışlı,1,68
Babək,10,6,1,Dumanlı,1,83
Heydər Əliyev,2,3,0,Qarlı,0,56
Heydər Əliyev,23,3,0,Qarlı,0,63
Heydər Əliyev,18,4,0,Yağışlı,0,85
Qara Qarayev,8,2,0,Açıq,1,78
Rəşid Behbudov,3,0,0,Yağışlı,0,43
İstiqlaliyyət,16,2,0,Dumanlı,0,66
İstiqlaliyyət,8,1,0,Dumanlı,1,100
Heydər Əliyev,20,1,0,Qarlı,1,100
Babək,15,2,0,Qarlı,2,95
Ziya Bünyadov,6,0,0,Qarlı,0,67
Ziya Bünyadov,20,0,0,Yağışlı,0,100
Neftçilər,20,2,0,Qarlı,0,90
Babək,22,6,1,Qarlı,1,74
Heydər Əliyev,10,5,1,Yağışlı,1,90
Rəşid Behbudov,15,0,0,Yağışlı,0,59
Zərdabi,4,5,1,Yağışlı,0,38
Neftçilər,21,3,0,Qarlı,0,42
Qara Qarayev,23,1,0,Açıq,0,22
Tbilisi,23,5,1,Qarlı,0,66
Tbilisi,18,6,1,Yağışlı,0,55
Tbilisi,11,5,1,Yağışlı,1,80
Babək,14,0,0,Qarlı,0,56
Heydər Əliyev,1,6,1,Yağışlı,0,42
Heydər Əliyev,4,2,0,Dumanlı,0,40
Neftçilər,23,0,0,Yağışlı,0,42
Ziya Bünyadov,1,6,1,Dumanlı,0,55
Tbilisi,20,0,0,Dumanlı,0,86
Neftçilər,7,3,0,Dumanlı,0,79
Babək,14,6,1,Qarlı,0,72
Ziya Bünyadov,5,0,0,Yağışlı,2,91
Tbilisi,17,6,1,Dumanlı,0,58
Ziya Bünyadov,3,0,0,Yağışlı,0,53
Neftçilər,1,2,0,Yağışlı,0,44
Ziya Bünyadov,8,6,1,Dumanlı,0,48
Heydər Əliyev,17,2,0,Yağışlı,1,97
Rəşid Behbudov,8,1,0,Yağışlı,0,88
Ziya Bünyadov,1,6,1,Qarlı,0,71
Babək,5,4,0,Açıq,0,29
Rəşid Behbudov,17,3,0,Yağışlı,0,94
Atatürk,17,4,0,Qarlı,0,100
Heydər Əliyev,23,6,1,Dumanlı,0,23
Zərdabi,10,6,1,Açıq,0,38
Qara Qarayev,13,3,0,Dumanlı,0,56
Zərdabi,23,5,1,Dumanlı,0,34
Ziya Bünyadov,6,2,0,Yağışlı,0,54
Atatürk,17,3,0,Yağışlı,0,87
İstiqlaliyyət,18,1,0,Qarlı,0,100
Neftçilər,3,4,0,Yağışlı,0,45
Zərdabi,22,0,0,Yağışlı,0,32
Atatürk,4,2,0,Açıq,0,21
Tbilisi,12,4,0,Yağışlı,0,78
Tbilisi,9,2,0,Qarlı,0,99
Tbilisi,2,3,0,Yağışlı,0,48
Rəşid Behbudov,3,1,0,Açıq,0,21
Heydər Əliyev,13,3,0,Qarlı,0,86
Ziya Bünyadov,0,1,0,Açıq,0,23
Ziya Bünyadov,21,4,0,Dumanlı,0,43
Atatürk,6,0,0,Yağışlı,0,33
Babək,22,6,1,Yağışlı,1,67
Tbilisi,17,2,0,Dumanlı,0,87
Atatürk,4,0,0,Yağışlı,0,49
Heydər Əliyev,15,3,0,Qarlı,0,64
Tbilisi,13,6,1,Qarlı,1,91
Zərdabi,10,6,1,Açıq,0,56
Zərdabi,9,3,0,Yağışlı,0,91
Rəşid Behbudov,11,1,0,Dumanlı,1,75
Ziya Bünyadov,1,3,0,Açıq,0,30
Heydər Əliyev,15,4,0,Yağışlı,0,45
Tbilisi,19,0,0,Açıq,0,76
Rəşid Behbudov,18,6,1,Qarlı,1,89
Babək,12,2,0,Dumanlı,0,41
İstiqlaliyyət,9,3,0,Açıq,0,84
Zərdabi,17,1,0,Dumanlı,0,74
Zərdabi,4,2,0,Yağışlı,0,40
Ziya Bünyadov,21,1,0,Yağışlı,0,49
Rəşid Behbudov,23,4,0,Açıq,0,20
Heydər Əliyev,9,5,1,Qarlı,0,70
İstiqlaliyyət,8,2,0,Qarlı,0,100
Qara Qarayev,13,2,0,Yağışlı,0,70
Zərdabi,15,5,1,Yağışlı,0,43
Babək,14,6,1,Yağışlı,2,100
Babək,1,2,0,Açıq,0,14
Ziya Bünyadov,1,2,0,Qarlı,0,67
Babək,7,5,1,Qarlı,0,70
Babək,0,6,1,Dumanlı,0,39
Babək,3,2,0,Açıq,0,15
Tbilisi,14,1,0,Qarlı,0,68
Heydər Əliyev,13,2,0,Yağışlı,0,60
İstiqlaliyyət,14,6,1,Yağışlı,0,59
Qara Qarayev,16,5,1,Açıq,0,41
İstiqlaliyyət,4,1,0,Dumanlı,0,27
Neftçilər,20,0,0,Açıq,0,78
İstiqlaliyyət,17,1,0,Qarlı,1,100
Neftçilər,15,6,1,Açıq,0,48
Ziya Bünyadov,0,1,0,Qarlı,0,72
Babək,18,1,0,Yağışlı,0,98
İstiqlaliyyət,14,2,0,Dumanlı,0,58
Heydər Əliyev,5,0,0,Açıq,0,24
Qara Qarayev,5,0,0,Açıq,0,20
Rəşid Behbudov,1,3,0,Açıq,1,50
Ziya Bünyadov,0,1,0,Yağışlı,0,42
Tbilisi,8,2,0,Qarlı,0,100
İstiqlaliyyət,13,0,0,Yağışlı,0,65
Rəşid Behbudov,7,1,0,Dumanlı,0,75
Babək,3,0,0,Dumanlı,0,34
Heydər Əliyev,2,3,0,Yağışlı,0,40
Zərdabi,21,2,0,Dumanlı,0,45
Ziya Bünyadov,16,1,0,Yağışlı,0,91
Ziya Bünyadov,14,4,0,Dumanlı,0,51
Tbilisi,8,6,1,Qarlı,1,81
Heydər Əliyev,4,4,0,Dumanlı,0,38
Neftçilər,4,1,0,Dumanlı,0,38
Tbilisi,18,5,1,Yağışlı,0,55
Tbilisi,16,5,1,Qarlı,0,62
Heydər Əliyev,6,2,0,Yağışlı,2,83
Heydər Əliyev,17,6,1,Açıq,0,33
Tbilisi,11,3,0,Yağışlı,0,73
Ziya Bünyadov,13,5,1,Yağışlı,2,100
Zərdabi,4,0,0,Açıq,0,16
Ziya Bünyadov,14,3,0,Dumanlı,1,68
Atatürk,1,5,1,Yağışlı,0,51
İstiqlaliyyət,19,4,0,Açıq,2,100
Zərdabi,12,5,1,Dumanlı,0,45
Zərdabi,16,6,1,Açıq,0,55
Neftçilər,2,4,0,Dumanlı,0,31
Zərdabi,12,6,1,Açıq,0,36
İstiqlaliyyət,13,2,0,Qarlı,0,57
Ziya Bünyadov,11,1,0,Qarlı,0,84
Rəşid Behbudov,17,3,0,Dumanlı,0,68
Neftçilər,21,6,1,Açıq,0,22
Atatürk,23,2,0,Yağışlı,0,33
Babək,23,0,0,Dumanlı,0,43
Rəşid Behbudov,1,3,0,Yağışlı,0,45
Babək,8,3,0,Yağışlı,0,97
İstiqlaliyyət,15,2,0,Açıq,0,30
Zərdabi,14,2,0,Dumanlı,1,76
Qara Qarayev,19,2,0,Dumanlı,0,84
Qara Qarayev,22,1,0,Qarlı,0,58
Tbilisi,13,1,0,Yağışlı,0,45
Atatürk,8,6,1,Qarlı,0,66
Heydər Əliyev,13,4,0,Açıq,0,35
İstiqlaliyyət,22,4,0,Qarlı,1,66
Qara Qarayev,23,5,1,Açıq,0,25
Neftçilər,12,0,0,Qarlı,0,76
Rəşid Behbudov,7,3,0,Yağışlı,0,95
Qara Qarayev,15,1,0,Qarlı,1,88
Qara Qarayev,23,5,1,Qarlı,0,66
Babək,15,5,1,Qarlı,0,68
İstiqlaliyyət,5,5,1,Dumanlı,0,31
Ziya Bünyadov,0,3,0,Qarlı,0,51
Ziya Bünyadov,8,3,0,Yağışlı,0,94
Tbilisi,22,5,1,Dumanlı,1,41
Tbilisi,10,1,0,Dumanlı,0,57
İstiqlaliyyət,9,3,0,Dumanlı,0,69
Ziya Bünyadov,9,3,0,Dumanlı,0,86
Atatürk,1,4,0,Yağışlı,0,36
İstiqlaliyyət,4,0,0,Qarlı,0,45
Ziya Bünyadov,7,1,0,Dumanlı,0,87
Tbilisi,7,3,0,Yağışlı,0,98
Zərdabi,1,3,0,Yağışlı,0,32
Zərdabi,6,2,0,Dumanlı,1,51
Babək,2,3,0,Dumanlı,0,36
Rəşid Behbudov,18,2,0,Qarlı,0,97
Ziya Bünyadov,8,5,1,Dumanlı,0,58
Atatürk,0,4,0,Qarlı,0,51
Atatürk,14,2,0,Dumanlı,0,58
Ziya Bünyadov,23,2,0,Dumanlı,0,41
Zərdabi,21,0,0,Yağışlı,1,51
İstiqlaliyyət,9,3,0,Qarlı,0,100
Ziya Bünyadov,22,5,1,Qarlı,0,69
İstiqlaliyyət,21,3,0,Qarlı,0,61
Qara Qarayev,18,4,0,Dumanlı,0,82
İstiqlaliyyət,0,0,0,Açıq,0,16
İstiqlaliyyət,14,1,0,Qarlı,0,77
Rəşid Behbudov,2,4,0,Qarlı,0,51
Ziya Bünyadov,0,3,0,Dumanlı,0,44
Heydər Əliyev,19,4,0,Yağışlı,0,93
Ziya Bünyadov,17,6,1,Yağışlı,2,100
Heydər Əliyev,0,5,1,Dumanlı,0,41
Qara Qarayev,13,2,0,Qarlı,0,75
Babək,23,6,1,Qarlı,1,72
Tbilisi,14,6,1,Dumanlı,0,47
Babək,21,5,1,Yağışlı,0,36
Ziya Bünyadov,8,1,0,Yağışlı,0,95
Babək,7,3,0,Dumanlı,0,72
Tbilisi,15,4,0,Yağışlı,1,85
İstiqlaliyyət,1,2,0,Dumanlı,0,28
Atatürk,9,6,1,Qarlı,0,71
Ziya Bünyadov,15,2,0,Yağışlı,1,100
İstiqlaliyyət,13,0,0,Yağışlı,0,40
Atatürk,12,2,0,Qarlı,0,76
Babək,1,2,0,Qarlı,0,52
Tbilisi,4,6,1,Açıq,0,12
Neftçilər,8,3,0,Dumanlı,0,73
Heydər Əliyev,11,3,0,Dumanlı,0,41
Ziya Bünyadov,18,5,1,Yağışlı,1,92
Heydər Əliyev,20,4,0,Yağışlı,0,96
Heydər Əliyev,17,4,0,Dumanlı,0,73
İstiqlaliyyət,0,5,1,Açıq,0,29
Ziya Bünyadov,2,0,0,Açıq,0,24
Qara Qarayev,10,0,0,Dumanlı,0,62
Zərdabi,13,3,0,Dumanlı,3,100
İstiqlaliyyət,2,4,0,Açıq,0,26
Ziya Bünyadov,19,2,0,Yağışlı,0,100
Qara Qarayev,6,1,0,Yağışlı,0,43
Babək,6,6,1,Açıq,1,34
İstiqlaliyyət,16,4,0,Qarlı,0,81
Rəşid Behbudov,5,4,0,Dumanlı,0,39
Heydər Əliyev,17,5,1,Yağışlı,0,59
Tbilisi,17,1,0,Yağışlı,0,93
Tbilisi,22,1,0,Açıq,0,20
Qara Qarayev,23,3,0,Qarlı,0,47
Zərdabi,14,0,0,Qarlı,0,77
Zərdabi,23,4,0,Dumanlı,0,44
Heydər Əliyev,14,1,0,Dumanlı,0,43
Neftçilər,22,6,1,Yağışlı,0,46
Babək,11,0,0,Açıq,0,58
Ziya Bünyadov,22,1,0,Yağışlı,0,50
Atatürk,1,0,0,Dumanlı,0,26
Qara Qarayev,9,5,1,Qarlı,0,57
Ziya Bünyadov,9,5,1,Qarlı,0,77
Neftçilər,17,6,1,Açıq,0,43
Tbilisi,13,1,0,Açıq,1,45
Ziya Bünyadov,2,0,0,Açıq,0,32
Tbilisi,6,0,0,Açıq,0,23
Ziya Bünyadov,12,0,0,Açıq,0,54
Zərdabi,13,4,0,Qarlı,0,57
İstiqlaliyyət,10,6,1,Qarlı,0,82
Tbilisi,8,6,1,Dumanlı,1,68
Babək,3,6,1,Qarlı,0,64
Qara Qarayev,21,3,0,Qarlı,0,40
Babək,3,2,0,Dumanlı,0,33
Qara Qarayev,9,1,0,Açıq,0,68
Neftçilər,16,1,0,Yağışlı,3,100
Rəşid Behbudov,1,0,0,Dumanlı,0,32
Neftçilər,17,4,0,Dumanlı,0,78
Neftçilər,8,4,0,Açıq,0,58
Neftçilər,7,0,0,Açıq,0,58
Ziya Bünyadov,16,5,1,Qarlı,0,97
Babək,20,0,0,Dumanlı,0,76
Qara Qarayev,4,0,0,Açıq,3,80
Atatürk,8,0,0,Yağışlı,0,96
Heydər Əliyev,14,0,0,Qarlı,0,66
Rəşid Behbudov,16,1,0,Qarlı,0,91
Qara Qarayev,20,0,0,Qarlı,0,88
Tbilisi,13,5,1,Yağışlı,0,53
Babək,9,5,1,Qarlı,1,100
Tbilisi,14,6,1,Yağışlı,0,48
Ziya Bünyadov,13,6,1,Qarlı,0,86
Ziya Bünyadov,21,4,0,Açıq,1,37
Zərdabi,20,5,1,Yağışlı,1,71
Heydər Əliyev,15,5,1,Yağışlı,1,77
İstiqlaliyyət,12,0,0,Qarlı,0,64
Zərdabi,6,6,1,Yağışlı,0,32
Rəşid Behbudov,6,2,0,Açıq,0,19
Zərdabi,13,6,1,Yağışlı,0,69
Atatürk,11,0,0,Açıq,0,37
Babək,11,6,1,Dumanlı,1,76
Babək,5,3,0,Açıq,0,15
Zərdabi,15,2,0,Qarlı,0,64
Atatürk,5,3,0,Açıq,0,29
Tbilisi,18,4,0,Açıq,0,69
Neftçilər,9,4,0,Dumanlı,0,76
Qara Qarayev,6,4,0,Qarlı,0,62
Atatürk,2,0,0,Açıq,1,41
Zərdabi,0,4,0,Yağışlı,0,28
Qara Qarayev,2,5,1,Açıq,1,32
Tbilisi,1,5,1,Qarlı,0,69
Rəşid Behbudov,2,0,0,Qarlı,0,45
Neftçilər,8,2,0,Dumanlı,0,76
Qara Qarayev,9,3,0,Dumanlı,1,96
Rəşid Behbudov,19,6,1,Yağışlı,0,63
Zərdabi,23,2,0,Qarlı,0,57
Zərdabi,14,5,1,Qarlı,3,100
Heydər Əliyev,20,2,0,Açıq,0,67
Neftçilər,12,5,1,Açıq,0,37
Atatürk,1,2,0,Dumanlı,0,35
Ziya Bünyadov,17,6,1,Yağışlı,0,80
Rəşid Behbudov,12,1,0,Dumanlı,1,89
Babək,13,5,1,Dumanlı,0,64
Neftçilər,13,5,1,Yağışlı,0,53
Ziya Bünyadov,2,0,0,Dumanlı,0,38
Ziya Bünyadov,0,5,1,Yağışlı,1,79
Zərdabi,7,3,0,Qarlı,0,94
Tbilisi,15,1,0,Açıq,0,40
Babək,22,4,0,Qarlı,0,43
Heydər Əliyev,15,2,0,Yağışlı,0,43
Qara Qarayev,6,6,1,Açıq,0,22
Heydər Əliyev,9,1,0,Yağışlı,0,88
Atatürk,6,3,0,Dumanlı,0,31
Babək,17,4,0,Yağışlı,0,72
Tbilisi,16,4,0,Yağışlı,0,60
Zərdabi,18,2,0,Qarlı,0,98
Atatürk,6,0,0,Qarlı,0,54
Neftçilər,8,2,0,Qarlı,0,100
Qara Qarayev,19,5,1,Açıq,1,57
Zərdabi,3,0,0,Dumanlı,0,44
Neftçilər,5,3,0,Açıq,0,24
Tbilisi,10,5,1,Dumanlı,0,36
Tbilisi,3,2,0,Qarlı,0,64
Rəşid Behbudov,12,4,0,Yağışlı,2,95
Heydər Əliyev,9,0,0,Açıq,0,55
Zərdabi,13,2,0,Qarlı,0,72
Rəşid Behbudov,19,2,0,Yağışlı,0,81
Babək,16,1,0,Qarlı,1,85
İstiqlaliyyət,1,6,1,Qarlı,1,61
Qara Qarayev,6,5,1,Açıq,1,35
Ziya Bünyadov,17,3,0,Dumanlı,0,91
İstiqlaliyyət,10,0,0,Qarlı,0,76
Babək,21,2,0,Yağışlı,1,62
Qara Qarayev,20,4,0,Yağışlı,0,88
Atatürk,10,5,1,Açıq,0,49
Atatürk,9,1,0,Açıq,0,76
Babək,10,1,0,Qarlı,0,86
Ziya Bünyadov,2,1,0,Yağışlı,0,48
Rəşid Behbudov,14,0,0,Qarlı,0,67
Neftçilər,2,0,0,Qarlı,1,74
Qara Qarayev,7,5,1,Yağışlı,0,41
Qara Qarayev,4,4,0,Açıq,0,12
Atatürk,5,2,0,Açıq,0,19
Heydər Əliyev,7,5,1,Qarlı,0,81
Qara Qarayev,14,4,0,Yağışlı,0,76
Rəşid Behbudov,4,5,1,Yağışlı,1,61
Ziya Bünyadov,4,4,0,Dumanlı,0,37
Zərdabi,11,3,0,Açıq,1,63
Ziya Bünyadov,0,0,0,Dumanlı,0,36
Tbilisi,18,2,0,Dumanlı,0,91
Qara Qarayev,22,6,1,Yağışlı,2,76
Heydər Əliyev,3,5,1,Açıq,0,15
Atatürk,22,4,0,Dumanlı,1,43
Ziya Bünyadov,7,6,1,Açıq,2,82
Neftçilər,14,3,0,Açıq,0,41
Qara Qarayev,7,2,0,Yağışlı,0,85
İstiqlaliyyət,10,5,1,Açıq,0,35
Ziya Bünyadov,9,2,0,Açıq,0,74
Atatürk,9,5,1,Yağışlı,0,59
Qara Qarayev,11,5,1,Yağışlı,0,58
Babək,2,0,0,Yağışlı,0,43
Zərdabi,0,4,0,Dumanlı,0,36
Babək,3,1,0,Açıq,0,25
Neftçilər,5,2,0,Dumanlı,0,20
Heydər Əliyev,10,2,0,Dumanlı,0,59
Tbilisi,21,1,0,Qarlı,0,51
Atatürk,10,0,0,Qarlı,0,72
Tbilisi,1,3,0,Dumanlı,0,39
Zərdabi,16,5,1,Qarlı,1,100
Neftçilər,17,5,1,Dumanlı,0,43
Rəşid Behbudov,17,2,0,Dumanlı,0,90
Atatürk,11,2,0,Açıq,0,29
Atatürk,8,0,0,Qarlı,2,100
Heydər Əliyev,3,1,0,Açıq,0,17
Babək,22,4,0,Qarlı,0,50
Qara Qarayev,14,6,1,Qarlı,0,56
Qara Qarayev,8,4,0,Yağışlı,1,99
Zərdabi,22,2,0,Yağışlı,0,40
Babək,1,1,0,Yağışlı,0,27
İstiqlaliyyət,6,3,0,Qarlı,1,61
Neftçilər,10,2,0,Yağışlı,0,62
Qara Qarayev,3,4,0,Dumanlı,0,25
Neftçilər,5,4,0,Qarlı,0,42
Neftçilər,7,0,0,Yağışlı,0,87
Tbilisi,16,6,1,Açıq,1,46
Atatürk,12,4,0,Dumanlı,0,40
Ziya Bünyadov,20,1,0,Açıq,0,72
İstiqlaliyyət,6,3,0,Dumanlı,0,35
Ziya Bünyadov,14,0,0,Açıq,0,63
Zərdabi,12,6,1,Yağışlı,0,45
İstiqlaliyyət,3,2,0,Yağışlı,1,73
Babək,16,3,0,Yağışlı,0,64
Zərdabi,18,6,1,Dumanlı,0,61
Heydər Əliyev,0,2,0,Dumanlı,0,42
Heydər Əliyev,23,5,1,Qarlı,0,55
Heydər Əliyev,9,6,1,Dumanlı,0,47
Heydər Əliyev,20,5,1,Açıq,0,31
Heydər Əliyev,7,1,0,Açıq,0,76
Ziya Bünyadov,1,6,1,Açıq,1,62
Zərdabi,7,2,0,Yağışlı,0,97
Babək,6,0,0,Dumanlı,0,29
Qara Qarayev,0,2,0,Açıq,0,29
Tbilisi,23,4,0,Qarlı,0,59
Tbilisi,15,0,0,Dumanlı,0,46
Zərdabi,7,2,0,Qarlı,0,94
Rəşid Behbudov,12,4,0,Qarlı,0,85
Neftçilər,17,4,0,Dumanlı,0,71
Atatürk,23,1,0,Qarlı,0,52
Rəşid Behbudov,6,2,0,Yağışlı,0,32
Rəşid Behbudov,10,3,0,Qarlı,1,96
Rəşid Behbudov,21,2,0,Dumanlı,0,31
Zərdabi,0,4,0,Qarlı,0,55
Zərdabi,17,2,0,Qarlı,0,100
Ziya Bünyadov,16,6,1,Dumanlı,0,59
Zərdabi,15,3,0,Dumanlı,0,46
Rəşid Behbudov,23,1,0,Dumanlı,0,41
Rəşid Behbudov,12,2,0,Açıq,1,51
Qara Qarayev,14,3,0,Dumanlı,0,54
Babək,21,2,0,Dumanlı,1,57
Qara Qarayev,5,3,0,Açıq,0,27
Atatürk,11,5,1,Açıq,0,29
Heydər Əliyev,7,0,0,Qarlı,0,100
İstiqlaliyyət,14,4,0,Qarlı,0,96
Heydər Əliyev,14,1,0,Dumanlı,0,43
Zərdabi,15,2,0,Dumanlı,1,69
Babək,22,2,0,Dumanlı,0,40
Zərdabi,6,1,0,Yağışlı,0,47
Zərdabi,9,1,0,Dumanlı,0,91
Qara Qarayev,18,5,1,Yağışlı,0,67
Babək,20,6,1,Yağışlı,0,49
Tbilisi,5,0,0,Qarlı,0,54
Atatürk,9,6,1,Açıq,2,64
Zərdabi,6,2,0,Qarlı,2,96
Ziya Bünyadov,22,4,0,Dumanlı,0,47
İstiqlaliyyət,7,5,1,Yağışlı,1,83
Zərdabi,13,0,0,Açıq,0,37
Heydər Əliyev,8,3,0,Yağışlı,1,100
İstiqlaliyyət,19,0,0,Yağışlı,2,100
Babək,9,0,0,Açıq,0,75
Neftçilər,0,0,0,Qarlı,0,39
İstiqlaliyyət,1,1,0,Qarlı,2,89
Atatürk,2,0,0,Qarlı,1,83
Atatürk,19,1,0,Qarlı,1,100
Atatürk,9,5,1,Yağışlı,0,54
İstiqlaliyyət,18,0,0,Qarlı,0,90
Babək,23,5,1,Yağışlı,0,47
Neftçilər,18,0,0,Açıq,0,83
Zərdabi,21,4,0,Açıq,0,23
Babək,10,5,1,Dumanlı,0,67
Rəşid Behbudov,10,0,0,Dumanlı,0,59
Zərdabi,15,4,0,Açıq,0,31
Atatürk,14,1,0,Dumanlı,0,52
İstiqlaliyyət,19,2,0,Qarlı,0,99
Atatürk,17,5,1,Yağışlı,0,39
Rəşid Behbudov,11,0,0,Dumanlı,0,41
Rəşid Behbudov,15,5,1,Dumanlı,0,61
Zərdabi,16,3,0,Qarlı,0,81
Ziya Bünyadov,18,2,0,Qarlı,0,100
İstiqlaliyyət,15,3,0,Qarlı,0,86
Tbilisi,1,1,0,Dumanlı,0,31
Ziya Bünyadov,13,6,1,Qarlı,1,100
Neftçilər,3,0,0,Dumanlı,0,35
Neftçilər,18,3,0,Yağışlı,0,85
Heydər Əliyev,15,0,0,Qarlı,1,79
Tbilisi,12,3,0,Açıq,0,29
Heydər Əliyev,15,0,0,Yağışlı,0,53
Atatürk,18,6,1,Qarlı,0,68
İstiqlaliyyət,12,4,0,Dumanlı,0,52
Ziya Bünyadov,6,4,0,Açıq,0,36
Tbilisi,17,3,0,Açıq,0,78
Atatürk,9,2,0,Açıq,0,68
Ziya Bünyadov,13,4,0,Qarlı,1,100
Rəşid Behbudov,21,6,1,Dumanlı,0,27
Neftçilər,10,4,0,Qarlı,0,75
Heydər Əliyev,12,3,0,Açıq,0,26
Neftçilər,18,5,1,Qarlı,1,95
İstiqlaliyyət,11,3,0,Qarlı,0,76
Heydər Əliyev,5,4,0,Dumanlı,1,62
Zərdabi,7,5,1,Yağışlı,1,70
Babək,19,0,0,Dumanlı,0,94
Neftçilər,7,6,1,Dumanlı,0,54
Babək,10,0,0,Dumanlı,0,44
Zərdabi,21,3,0,Qarlı,0,63
Tbilisi,6,0,0,Açıq,0,17
Tbilisi,16,6,1,Qarlı,0,77
Atatürk,1,3,0,Dumanlı,0,30
Babək,21,5,1,Yağışlı,0,32
İstiqlaliyyət,0,1,0,Dumanlı,1,63
Ziya Bünyadov,16,4,0,Dumanlı,0,68
Heydər Əliyev,13,5,1,Açıq,1,63
İstiqlaliyyət,0,6,1,Dumanlı,1,65
Heydər Əliyev,16,6,1,Açıq,2,72
İstiqlaliyyət,18,0,0,Qarlı,0,98
Zərdabi,2,3,0,Dumanlı,0,43
Heydər Əliyev,16,4,0,Açıq,0,39
Neftçilər,8,0,0,Dumanlı,0,73
Qara Qarayev,21,3,0,Yağışlı,0,36
Neftçilər,1,2,0,Yağışlı,1,60
Neftçilər,15,3,0,Dumanlı,0,52
Qara Qarayev,16,5,1,Qarlı,0,54
Atatürk,16,0,0,Açıq,0,43
Neftçilər,20,0,0,Dumanlı,0,77
Babək,14,2,0,Qarlı,0,50
Tbilisi,6,4,0,Yağışlı,1,63
Tbilisi,7,4,0,Dumanlı,0,77
Zərdabi,0,3,0,Yağışlı,0,46
Babək,20,5,1,Dumanlı,0,62
Rəşid Behbudov,5,3,0,Açıq,0,24
Babək,22,3,0,Açıq,0,28
Rəşid Behbudov,13,5,1,Açıq,0,37
İstiqlaliyyət,17,6,1,Dumanlı,0,43
İstiqlaliyyət,9,5,1,Dumanlı,0,51
Rəşid Behbudov,7,4,0,Yağışlı,0,100
Atatürk,0,2,0,Yağışlı,0,40
Zərdabi,13,4,0,Açıq,0,32
Tbilisi,5,1,0,Dumanlı,1,60
Heydər Əliyev,16,5,1,Dumanlı,1,69
Qara Qarayev,22,6,1,Yağışlı,0,45
Qara Qarayev,23,5,1,Yağışlı,0,45
Neftçilər,9,2,0,Qarlı,0,97
Rəşid Behbudov,13,4,0,Açıq,0,37
Neftçilər,23,5,1,Açıq,0,14
Rəşid Behbudov,22,0,0,Qarlı,0,64
Neftçilər,18,5,1,Açıq,0,40
Rəşid Behbudov,12,3,0,Qarlı,0,83
Babək,9,2,0,Açıq,0,51
Neftçilər,22,4,0,Açıq,0,24
Rəşid Behbudov,5,6,1,Yağışlı,2,68
Heydər Əliyev,13,3,0,Dumanlı,0,42
Babək,14,1,0,Yağışlı,0,54
Atatürk,1,4,0,Açıq,2,47
Neftçilər,1,1,0,Açıq,1,40
İstiqlaliyyət,9,5,1,Açıq,0,47
Ziya Bünyadov,17,1,0,Yağışlı,0,92
Qara Qarayev,20,1,0,Yağışlı,0,100
İstiqlaliyyət,14,3,0,Açıq,0,55
Heydər Əliyev,15,6,1,Dumanlı,0,57
Atatürk,19,5,1,Qarlı,0,61
Babək,0,2,0,Açıq,0,15
Neftçilər,22,1,0,Yağışlı,0,47
Ziya Bünyadov,9,1,0,Yağışlı,1,100
Zərdabi,1,3,0,Qarlı,0,38
Heydər Əliyev,1,1,0,Qarlı,0,52
Neftçilər,7,2,0,Yağışlı,0,89
Rəşid Behbudov,8,3,0,Açıq,0,74
Tbilisi,9,5,1,Qarlı,0,67
Rəşid Behbudov,11,4,0,Qarlı,0,67
Babək,8,5,1,Dumanlı,0,41
Qara Qarayev,9,6,1,Yağışlı,0,53
Atatürk,21,0,0,Yağışlı,0,44
Ziya Bünyadov,17,0,0,Dumanlı,0,87
Neftçilər,11,2,0,Qarlı,0,84
Babək,2,4,0,Açıq,0,27
İstiqlaliyyət,10,6,1,Yağışlı,1,87
İstiqlaliyyət,23,2,0,Yağışlı,0,33
Zərdabi,16,1,0,Dumanlı,0,52
İstiqlaliyyət,7,4,0,Açıq,0,63
Ziya Bünyadov,3,3,0,Açıq,0,37
Babək,16,6,1,Açıq,0,36
Tbilisi,1,0,0,Dumanlı,0,25
Heydər Əliyev,7,2,0,Yağışlı,0,84
İstiqlaliyyət,20,2,0,Dumanlı,2,100
Tbilisi,2,3,0,Açıq,0,26
Babək,12,6,1,Dumanlı,0,45
İstiqlaliyyət,22,6,1,Yağışlı,0,29
Heydər Əliyev,20,2,0,Açıq,1,97
Atatürk,12,6,1,Dumanlı,0,73
Babək,4,5,1,Açıq,0,17
Rəşid Behbudov,8,6,1,Dumanlı,0,53
Qara Qarayev,9,5,1,Qarlı,0,80
Zərdabi,3,1,0,Qarlı,0,54
Zərdabi,1,4,0,Dumanlı,0,27
Neftçilər,9,6,1,Dumanlı,1,58
İstiqlaliyyət,2,6,1,Yağışlı,0,52
Zərdabi,2,6,1,Qarlı,0,59
Heydər Əliyev,2,3,0,Qarlı,0,65
Neftçilər,7,5,1,Yağışlı,0,56
Rəşid Behbudov,0,0,0,Qarlı,0,56
Heydər Əliyev,12,5,1,Yağışlı,0,59
Ziya Bünyadov,7,0,0,Qarlı,0,100
Tbilisi,1,5,1,Yağışlı,0,35
Atatürk,7,3,0,Açıq,0,77
İstiqlaliyyət,14,2,0,Açıq,0,36
Tbilisi,14,2,0,Yağışlı,1,81
Zərdabi,1,5,1,Dumanlı,0,34
Rəşid Behbudov,0,5,1,Yağışlı,1,56
Qara Qarayev,17,2,0,Qarlı,0,89
Qara Qarayev,3,1,0,Yağışlı,1,74
Atatürk,6,3,0,Dumanlı,0,27
Qara Qarayev,22,3,0,Qarlı,0,66
Ziya Bünyadov,1,3,0,Açıq,0,32
Babək,14,0,0,Dumanlı,0,58
Tbilisi,20,3,0,Qarlı,0,100
Babək,22,4,0,Dumanlı,1,46
Ziya Bünyadov,22,1,0,Açıq,0,30
İstiqlaliyyət,8,6,1,Qarlı,1,97
Rəşid Behbudov,7,0,0,Dumanlı,0,88
Atatürk,7,0,0,Qarlı,0,90
Ziya Bünyadov,18,2,0,Qarlı,0,100
Ziya Bünyadov,11,1,0,Yağışlı,0,71
Babək,20,6,1,Yağışlı,0,58
Atatürk,9,5,1,Qarlı,0,57
Tbilisi,22,0,0,Açıq,0,20
Zərdabi,3,3,0,Yağışlı,0,52
Neftçilər,4,1,0,Yağışlı,0,54
İstiqlaliyyət,19,2,0,Yağışlı,0,89
Atatürk,20,0,0,Açıq,1,84
Heydər Əliyev,21,1,0,Yağışlı,0,40
Heydər Əliyev,18,4,0,Qarlı,0,100
Rəşid Behbudov,8,5,1,Qarlı,0,71
Ziya Bünyadov,23,1,0,Açıq,0,28
Zərdabi,1,3,0,Dumanlı,1,42
Qara Qarayev,11,4,0,Yağışlı,0,77
Neftçilər,6,0,0,Dumanlı,0,27
Ziya Bünyadov,4,4,0,Qarlı,1,84
Zərdabi,23,1,0,Qarlı,0,60
Rəşid Behbudov,11,3,0,Dumanlı,0,56
Babək,23,0,0,Açıq,0,16
Heydər Əliyev,16,1,0,Dumanlı,1,71
Atatürk,0,4,0,Dumanlı,2,92
Heydər Əliyev,16,2,0,Açıq,0,40
Atatürk,23,5,1,Qarlı,0,38
Rəşid Behbudov,2,6,1,Yağışlı,0,34
Tbilisi,2,2,0,Açıq,0,10
Neftçilər,4,1,0,Qarlı,0,35
İstiqlaliyyət,13,1,0,Açıq,0,33
Babək,16,4,0,Qarlı,1,92
Heydər Əliyev,2,2,0,Qarlı,0,54
İstiqlaliyyət,4,4,0,Yağışlı,0,44
Babək,9,4,0,Dumanlı,0,79
Ziya Bünyadov,0,1,0,Açıq,0,21
Zərdabi,20,3,0,Açıq,0,69
Ziya Bünyadov,9,2,0,Dumanlı,0,88
Rəşid Behbudov,6,2,0,Qarlı,0,43
Heydər Əliyev,15,3,0,Dumanlı,1,75
Qara Qarayev,18,1,0,Yağışlı,0,91
Atatürk,8,5,1,Qarlı,0,57
Qara Qarayev,14,0,0,Açıq,0,46
Neftçilər,8,4,0,Açıq,0,81
Neftçilər,10,4,0,Qarlı,1,99
Qara Qarayev,15,4,0,Dumanlı,2,100
Ziya Bünyadov,10,5,1,Açıq,0,37
Neftçilər,19,5,1,Qarlı,0,63
Tbilisi,3,3,0,Açıq,2,71
Zərdabi,1,1,0,Qarlı,0,51
Tbilisi,22,3,0,Açıq,0,10
Heydər Əliyev,2,0,0,Yağışlı,1,54
İstiqlaliyyət,23,6,1,Yağışlı,0,36
Neftçilər,21,5,1,Qarlı,0,53
Babək,23,0,0,Qarlı,1,82
Heydər Əliyev,12,5,1,Açıq,0,42
Qara Qarayev,11,6,1,Qarlı,0,83
Ziya Bünyadov,19,1,0,Yağışlı,0,99
Neftçilər,14,6,1,Açıq,0,31
Zərdabi,3,4,0,Açıq,0,26
Qara Qarayev,10,0,0,Yağışlı,1,81
Atatürk,18,5,1,Yağışlı,0,54
Qara Qarayev,14,6,1,Qarlı,0,78
Rəşid Behbudov,7,6,1,Dumanlı,0,38
Qara Qarayev,10,6,1,Qarlı,0,82
Zərdabi,15,2,0,Yağışlı,0,77
Atatürk,9,2,0,Dumanlı,0,82
Ziya Bünyadov,20,4,0,Açıq,0,80
Heydər Əliyev,14,4,0,Qarlı,0,72
İstiqlaliyyət,18,0,0,Qarlı,2,100
Tbilisi,4,0,0,Qarlı,0,59
Atatürk,23,0,0,Yağışlı,3,100
İstiqlaliyyət,16,4,0,Yağışlı,0,56
Rəşid Behbudov,9,1,0,Dumanlı,0,75
Heydər Əliyev,3,5,1,Dumanlı,0,21
Rəşid Behbudov,4,2,0,Dumanlı,0,33
Zərdabi,9,1,0,Dumanlı,0,87
Ziya Bünyadov,18,2,0,Yağışlı,0,100
Ziya Bünyadov,7,0,0,Dumanlı,2,100
Zərdabi,13,2,0,Qarlı,0,76
İstiqlaliyyət,14,6,1,Açıq,0,29
Neftçilər,9,0,0,Açıq,0,79
Babək,22,6,1,Dumanlı,0,26
İstiqlaliyyət,9,1,0,Açıq,1,93
İstiqlaliyyət,21,5,1,Qarlı,0,37
Rəşid Behbudov,7,4,0,Açıq,1,97
Tbilisi,20,2,0,Dumanlı,0,78
İstiqlaliyyət,13,2,0,Qarlı,0,81
Neftçilər,21,2,0,Yağışlı,1,71
Babək,18,1,0,Qarlı,0,97
Atatürk,7,4,0,Açıq,0,67
Tbilisi,11,0,0,Yağışlı,0,66
Qara Qarayev,20,6,1,Yağışlı,0,62
Tbilisi,15,6,1,Qarlı,0,65
Tbilisi,17,1,0,Yağışlı,1,100
Heydər Əliyev,9,4,0,Qarlı,0,100
Neftçilər,4,2,0,Dumanlı,0,35
Ziya Bünyadov,20,3,0,Qarlı,0,100
Qara Qarayev,23,6,1,Qarlı,0,58
Zərdabi,15,5,1,Yağışlı,1,85
Heydər Əliyev,0,6,1,Açıq,0,14
Babək,13,4,0,Dumanlı,1,73
Zərdabi,12,2,0,Yağışlı,0,63
Tbilisi,22,3,0,Dumanlı,0,40
Neftçilər,17,3,0,Dumanlı,0,89
Atatürk,23,1,0,Qarlı,0,46
Atatürk,1,6,1,Qarlı,0,50
Qara Qarayev,5,3,0,Dumanlı,0,37
Tbilisi,23,4,0,Yağışlı,0,42
Rəşid Behbudov,16,2,0,Yağışlı,0,63
İstiqlaliyyət,20,3,0,Yağışlı,0,100
Neftçilər,12,6,1,Yağışlı,0,53
Heydər Əliyev,5,4,0,Yağışlı,1,49
Ziya Bünyadov,4,3,0,Açıq,1,56
Qara Qarayev,10,3,0,Dumanlı,0,50
Heydər Əliyev,4,2,0,Dumanlı,0,37
İstiqlaliyyət,2,6,1,Yağışlı,0,52
Qara Qarayev,14,4,0,Yağışlı,0,75
Babək,22,2,0,Qarlı,0,42
Ziya Bünyadov,10,3,0,Qarlı,0,88
Babək,4,4,0,Dumanlı,0,24
Zərdabi,18,4,0,Yağışlı,1,100
Rəşid Behbudov,3,4,0,Dumanlı,0,34
Ziya Bünyadov,14,3,0,Qarlı,1,85
Tbilisi,11,5,1,Qarlı,0,74
Qara Qarayev,3,4,0,Açıq,0,20
İstiqlaliyyət,14,4,0,Qarlı,0,69
Rəşid Behbudov,9,3,0,Açıq,0,76
Zərdabi,23,3,0,Açıq,0,20
Zərdabi,4,4,0,Yağışlı,0,29
Zərdabi,21,6,1,Dumanlı,0,33
Neftçilər,23,2,0,Qarlı,0,53
Zərdabi,8,4,0,Açıq,2,100
Heydər Əliyev,16,1,0,Dumanlı,2,95
Neftçilər,17,1,0,Qarlı,0,82
Qara Qarayev,8,6,1,Açıq,0,35
Heydər Əliyev,15,6,1,Yağışlı,0,65
Zərdabi,9,1,0,Qarlı,1,100
Babək,18,6,1,Dumanlı,0,60
Qara Qarayev,3,1,0,Dumanlı,0,31
Rəşid Behbudov,12,3,0,Dumanlı,1,77
Zərdabi,6,2,0,Qarlı,0,57
Ziya Bünyadov,9,2,0,Yağışlı,0,100
Tbilisi,10,3,0,Dumanlı,0,37
Neftçilər,8,0,0,Qarlı,0,100
Babək,12,0,0,Yağışlı,1,81
Tbilisi,11,6,1,Yağışlı,0,59
Atatürk,22,5,1,Açıq,0,23
Heydər Əliyev,0,6,1,Dumanlı,0,42
Neftçilər,9,1,0,Açıq,2,100
Tbilisi,13,1,0,Açıq,0,41
Atatürk,12,1,0,Dumanlı,0,41
İstiqlaliyyət,17,2,0,Açıq,0,77
İstiqlaliyyət,11,0,0,Yağışlı,0,53
Atatürk,16,5,1,Yağışlı,0,68
İstiqlaliyyət,1,0,0,Açıq,0,13
Zərdabi,11,3,0,Qarlı,1,85
Ziya Bünyadov,5,0,0,Yağışlı,1,66
Qara Qarayev,7,1,0,Dumanlı,0,85
Babək,3,4,0,Açıq,2,62
Heydər Əliyev,8,3,0,Yağışlı,0,78
Rəşid Behbudov,0,4,0,Yağışlı,0,37
Babək,15,1,0,Qarlı,0,67
Ziya Bünyadov,10,2,0,Yağışlı,0,82
Ziya Bünyadov,14,1,0,Dumanlı,3,100
Ziya Bünyadov,22,0,0,Dumanlı,0,42
Rəşid Behbudov,20,5,1,Dumanlı,0,42
Tbilisi,21,4,0,Yağışlı,1,63
Tbilisi,22,1,0,Yağışlı,0,49
Heydər Əliyev,22,3,0,Qarlı,0,60
İstiqlaliyyət,12,3,0,Qarlı,0,75
Babək,13,5,1,Yağışlı,1,100
Qara Qarayev,1,1,0,Qarlı,0,62
Zərdabi,4,5,1,Açıq,0,15
İstiqlaliyyət,11,6,1,Dumanlı,3,100
Heydər Əliyev,10,0,0,Yağışlı,0,76
Qara Qarayev,6,0,0,Yağışlı,0,38
Babək,9,5,1,Açıq,1,58
Babək,3,4,0,Açıq,0,21
Neftçilər,15,4,0,Açıq,0,43
Babək,19,5,1,Yağışlı,0,63
Tbilisi,17,2,0,Açıq,0,61
Heydər Əliyev,12,6,1,Dumanlı,0,57
Atatürk,17,1,0,Yağışlı,0,76
Heydər Əliyev,4,4,0,Yağışlı,0,46
Tbilisi,16,5,1,Dumanlı,0,34
Zərdabi,20,6,1,Açıq,1,51
Zərdabi,2,0,0,Açıq,1,41
Atatürk,11,6,1,Dumanlı,0,54
Qara Qarayev,18,4,0,Açıq,1,100
Ziya Bünyadov,4,1,0,Açıq,0,22
Ziya Bünyadov,3,4,0,Dumanlı,0,40
Babək,17,5,1,Yağışlı,0,60
Tbilisi,11,4,0,Açıq,0,37
Babək,6,0,0,Yağışlı,1,59
Neftçilər,0,6,1,Açıq,1,46
Neftçilər,12,4,0,Dumanlı,0,45
Tbilisi,4,0,0,Açıq,0,18
Atatürk,16,6,1,Qarlı,0,62
Babək,20,4,0,Yağışlı,0,85
Qara Qarayev,9,6,1,Qarlı,0,71
Heydər Əliyev,20,0,0,Dumanlı,0,88
Heydər Əliyev,15,4,0,Qarlı,0,78
Atatürk,13,1,0,Dumanlı,0,63
Babək,9,5,1,Açıq,0,39
Ziya Bünyadov,23,1,0,Dumanlı,0,34
Heydər Əliyev,18,2,0,Qarlı,1,100
Zərdabi,5,2,0,Yağışlı,0,29
Qara Qarayev,10,5,1,Yağışlı,0,69
Heydər Əliyev,19,6,1,Açıq,0,38
Zərdabi,16,5,1,Dumanlı,0,53
Qara Qarayev,13,1,0,Yağışlı,0,61
Atatürk,23,1,0,Yağışlı,1,71
Zərdabi,5,1,0,Açıq,0,16
Tbilisi,21,4,0,Qarlı,0,54
Tbilisi,7,2,0,Yağışlı,0,72
Zərdabi,3,0,0,Yağışlı,0,51
Ziya Bünyadov,10,4,0,Qarlı,0,72
Rəşid Behbudov,9,2,0,Dumanlı,1,100
İstiqlaliyyət,3,3,0,Dumanlı,0,34
Rəşid Behbudov,0,0,0,Dumanlı,0,28
Rəşid Behbudov,0,3,0,Dumanlı,0,24
Babək,14,2,0,Yağışlı,0,69
Qara Qarayev,7,1,0,Dumanlı,0,73
Babək,19,0,0,Dumanlı,1,100
Ziya Bünyadov,7,5,1,Yağışlı,0,72
Rəşid Behbudov,7,4,0,Açıq,0,81
İstiqlaliyyət,15,3,0,Dumanlı,0,35
Qara Qarayev,6,3,0,Qarlı,0,66
Tbilisi,12,2,0,Qarlı,0,82
Zərdabi,19,1,0,Qarlı,0,89
Zərdabi,21,4,0,Yağışlı,0,42
Rəşid Behbudov,1,4,0,Qarlı,0,50
Rəşid Behbudov,4,2,0,Açıq,0,20
Babək,6,2,0,Yağışlı,1,45
Qara Qarayev,6,5,1,Yağışlı,0,31
Tbilisi,4,3,0,Dumanlı,0,40
Ziya Bünyadov,4,2,0,Açıq,0,36
Atatürk,9,5,1,Dumanlı,0,34
Ziya Bünyadov,1,2,0,Açıq,0,27
Heydər Əliyev,23,4,0,Dumanlı,0,28
Ziya Bünyadov,16,1,0,Dumanlı,3,100
Rəşid Behbudov,1,1,0,Qarlı,0,63
Babək,2,5,1,Dumanlı,1,50
Tbilisi,16,6,1,Yağışlı,1,66
Tbilisi,16,3,0,Yağışlı,1,91
Atatürk,21,0,0,Açıq,0,26
Heydər Əliyev,21,4,0,Yağışlı,0,32
Atatürk,21,5,1,Dumanlı,1,51
Neftçilər,4,1,0,Qarlı,0,53
Rəşid Behbudov,6,4,0,Açıq,0,25
Heydər Əliyev,19,2,0,Dumanlı,1,100
Zərdabi,5,6,1,Yağışlı,0,43
Neftçilər,3,0,0,Dumanlı,0,37
İstiqlaliyyət,2,6,1,Yağışlı,0,44
Heydər Əliyev,16,0,0,Qarlı,0,74
Babək,6,0,0,Açıq,0,16
Neftçilər,16,1,0,Dumanlı,2,100
Babək,21,2,0,Dumanlı,1,54
Babək,5,3,0,Qarlı,0,55
Neftçilər,18,3,0,Yağışlı,0,97
Babək,10,4,0,Yağışlı,0,46
Babək,15,6,1,Açıq,0,36
Qara Qarayev,3,0,0,Qarlı,0,63
Qara Qarayev,5,4,0,Açıq,0,17
Qara Qarayev,1,3,0,Açıq,0,11
Heydər Əliyev,17,6,1,Yağışlı,0,49
Rəşid Behbudov,21,1,0,Yağışlı,0,46
Neftçilər,21,0,0,Açıq,0,21
Tbilisi,12,3,0,Açıq,0,37
Ziya Bünyadov,4,4,0,Qarlı,0,51
Rəşid Behbudov,21,4,0,Dumanlı,0,34
Qara Qarayev,5,4,0,Qarlı,1,70
Zərdabi,15,6,1,Qarlı,0,71
Tbilisi,21,0,0,Yağışlı,0,28
Babək,13,5,1,Açıq,0,35
Ziya Bünyadov,14,5,1,Açıq,0,48
Zərdabi,6,3,0,Açıq,0,26
Rəşid Behbudov,23,5,1,Dumanlı,0,27
Qara Qarayev,1,5,1,Yağışlı,1,67
Ziya Bünyadov,14,3,0,Açıq,0,50
Neftçilər,22,2,0,Açıq,0,22
Atatürk,2,3,0,Yağışlı,0,46
Atatürk,4,6,1,Yağışlı,1,61
Ziya Bünyadov,2,3,0,Dumanlı,0,37
İstiqlaliyyət,4,1,0,Qarlı,1,69
Tbilisi,4,0,0,Dumanlı,2,78
Qara Qarayev,14,5,1,Açıq,0,37
Qara Qarayev,4,4,0,Açıq,0,14
Ziya Bünyadov,12,1,0,Dumanlı,0,50
Atatürk,7,6,1,Dumanlı,0,46
Heydər Əliyev,13,4,0,Yağışlı,1,87
Heydər Əliyev,19,1,0,Açıq,0,72
Tbilisi,6,0,0,Yağışlı,1,58
Tbilisi,8,3,0,Dumanlı,2,100
Neftçilər,21,1,0,Yağışlı,0,29
Neftçilər,19,5,1,Dumanlı,0,47
İstiqlaliyyət,10,0,0,Dumanlı,1,71
Zərdabi,1,2,0,Açıq,0,18
İstiqlaliyyət,8,0,0,Dumanlı,0,76
Ziya Bünyadov,22,5,1,Açıq,0,32
Tbilisi,15,3,0,Açıq,0,38
Atatürk,2,4,0,Açıq,1,25
Neftçilər,22,2,0,Yağışlı,2,76
Heydər Əliyev,18,0,0,Yağışlı,0,80
Atatürk,21,6,1,Dumanlı,0,25
Tbilisi,5,0,0,Dumanlı,0,36
Zərdabi,0,2,0,Yağışlı,0,46
Zərdabi,15,1,0,Dumanlı,0,40
Atatürk,19,5,1,Qarlı,1,77
İstiqlaliyyət,3,6,1,Açıq,1,41
Atatürk,12,6,1,Açıq,2,90
Rəşid Behbudov,9,0,0,Açıq,0,76
Neftçilər,0,1,0,Qarlı,1,63
Ziya Bünyadov,4,6,1,Dumanlı,0,46
Qara Qarayev,9,1,0,Açıq,0,62
Tbilisi,9,1,0,Yağışlı,0,92
Tbilisi,7,3,0,Açıq,1,100
Zərdabi,16,0,0,Qarlı,2,100
Zərdabi,14,0,0,Yağışlı,0,62
Rəşid Behbudov,0,5,1,Açıq,0,25
Neftçilər,14,0,0,Açıq,0,48
Heydər Əliyev,5,5,1,Yağışlı,0,52
Atatürk,23,1,0,Dumanlı,1,58
Atatürk,22,5,1,Yağışlı,0,50
Tbilisi,0,6,1,Yağışlı,0,40
Neftçilər,1,2,0,Qarlı,1,78
Babək,4,2,0,Dumanlı,0,30
Babək,2,3,0,Yağışlı,1,66
Zərdabi,9,6,1,Qarlı,0,69
İstiqlaliyyət,8,1,0,Açıq,0,73
Qara Qarayev,10,5,1,Açıq,0,41
Neftçilər,19,0,0,Yağışlı,0,87
İstiqlaliyyət,22,2,0,Qarlı,0,63
İstiqlaliyyət,4,3,0,Qarlı,0,55
Neftçilər,22,6,1,Dumanlı,0,42
Heydər Əliyev,10,0,0,Qarlı,0,48
Babək,16,2,0,Yağışlı,0,64
İstiqlaliyyət,10,2,0,Dumanlı,0,43
Atatürk,11,1,0,Qarlı,0,70
Zərdabi,6,2,0,Qarlı,0,53
Rəşid Behbudov,12,2,0,Dumanlı,0,44
Ziya Bünyadov,19,1,0,Qarlı,3,100
Tbilisi,23,6,1,Qarlı,0,67
Tbilisi,3,2,0,Qarlı,0,50
Tbilisi,16,1,0,Qarlı,0,71
İstiqlaliyyət,10,4,0,Yağışlı,0,51
Neftçilər,22,1,0,Açıq,1,43
Rəşid Behbudov,15,6,1,Yağışlı,1,79
Zərdabi,0,0,0,Yağışlı,0,52
Heydər Əliyev,12,2,0,Dumanlı,0,37
Atatürk,23,3,0,Dumanlı,0,35
İstiqlaliyyət,12,1,0,Dumanlı,0,53
Atatürk,11,1,0,Dumanlı,1,77
Heydər Əliyev,6,1,0,Qarlı,0,47
Zərdabi,8,2,0,Yağışlı,0,76
Zərdabi,8,1,0,Qarlı,0,96
Zərdabi,15,2,0,Qarlı,0,63
Rəşid Behbudov,14,3,0,Açıq,0,42
Heydər Əliyev,21,2,0,Açıq,0,25
Ziya Bünyadov,23,1,0,Açıq,0,23
İstiqlaliyyət,10,0,0,Dumanlı,2,100
Heydər Əliyev,12,2,0,Yağışlı,1,77
Neftçilər,14,4,0,Dumanlı,0,53
Rəşid Behbudov,5,2,0,Qarlı,0,55
Ziya Bünyadov,20,0,0,Yağışlı,0,100
Rəşid Behbudov,22,3,0,Yağışlı,0,37
Rəşid Behbudov,21,2,0,Qarlı,0,60
Ziya Bünyadov,0,2,0,Qarlı,0,65
Babək,14,0,0,Açıq,0,53
İstiqlaliyyət,5,5,1,Yağışlı,0,32
Zərdabi,17,6,1,Yağışlı,0,69
Zərdabi,0,5,1,Qarlı,1,62
Rəşid Behbudov,10,4,0,Qarlı,0,71
Rəşid Behbudov,8,3,0,Açıq,0,76
Babək,14,3,0,Yağışlı,0,68
İstiqlaliyyət,17,2,0,Qarlı,0,100
Zərdabi,16,3,0,Yağışlı,0,51
İstiqlaliyyət,5,4,0,Açıq,0,28
Qara Qarayev,8,4,0,Yağışlı,0,73
Qara Qarayev,4,6,1,Dumanlı,0,35
Heydər Əliyev,16,4,0,Qarlı,0,76
Heydər Əliyev,17,1,0,Qarlı,0,100
Zərdabi,5,1,0,Yağışlı,0,49
Ziya Bünyadov,2,1,0,Açıq,0,37
Heydər Əliyev,15,1,0,Dumanlı,0,59
Tbilisi,2,0,0,Açıq,0,20
Neftçilər,6,5,1,Yağışlı,0,36
Qara Qarayev,5,2,0,Açıq,0,27
Babək,12,3,0,Qarlı,0,75
Heydər Əliyev,7,2,0,Yağışlı,1,100
Babək,4,3,0,Dumanlı,0,41
Zərdabi,16,5,1,Qarlı,0,70
Babək,1,4,0,Açıq,0,23
Babək,6,3,0,Yağışlı,2,82
Atatürk,4,3,0,Açıq,0,16
Rəşid Behbudov,23,4,0,Dumanlı,0,39
Neftçilər,17,6,1,Yağışlı,1,83
Rəşid Behbudov,5,1,0,Dumanlı,1,63
Atatürk,8,4,0,Qarlı,0,96
Neftçilər,13,5,1,Yağışlı,1,88
Rəşid Behbudov,20,5,1,Açıq,0,32
Heydər Əliyev,5,3,0,Qarlı,0,45
Ziya Bünyadov,5,4,0,Dumanlı,0,33
Atatürk,19,3,0,Dumanlı,0,82
Heydər Əliyev,0,3,0,Yağışlı,1,54
Atatürk,2,2,0,Dumanlı,0,38
Neftçilər,11,1,0,Qarlı,0,70
Babək,18,5,1,Qarlı,1,72
Heydər Əliyev,14,4,0,Qarlı,0,75
Babək,5,6,1,Yağışlı,0,49
Babək,22,2,0,Açıq,1,38
Neftçilər,7,1,0,Yağışlı,0,78
Rəşid Behbudov,8,4,0,Yağışlı,2,100
İstiqlaliyyət,3,5,1,Yağışlı,1,69
Rəşid Behbudov,7,0,0,Yağışlı,1,100
Qara Qarayev,12,3,0,Yağışlı,0,50
Heydər Əliyev,21,0,0,Açıq,0,19
Qara Qarayev,23,4,0,Dumanlı,0,32
Atatürk,19,4,0,Dumanlı,0,75
Heydər Əliyev,23,1,0,Qarlı,0,40
Babək,5,1,0,Yağışlı,1,45
İstiqlaliyyət,4,0,0,Dumanlı,1,49
Heydər Əliyev,12,2,0,Qarlı,0,62
Rəşid Behbudov,14,5,1,Açıq,1,53
Qara Qarayev,11,5,1,Açıq,2,66
Tbilisi,21,3,0,Qarlı,0,52
Tbilisi,21,2,0,Yağışlı,1,63
Neftçilər,13,3,0,Açıq,3,86
Zərdabi,23,3,0,Yağışlı,1,62
Neftçilər,22,3,0,Yağışlı,1,45
Ziya Bünyadov,15,5,1,Açıq,0,60
Zərdabi,19,4,0,Dumanlı,0,90
Ziya Bünyadov,5,4,0,Qarlı,0,60
Tbilisi,7,6,1,Dumanlı,0,59
Heydər Əliyev,16,6,1,Açıq,0,23
Heydər Əliyev,11,3,0,Qarlı,2,100
Tbilisi,5,6,1,Yağışlı,1,51
Neftçilər,13,0,0,Dumanlı,0,66
Qara Qarayev,20,3,0,Açıq,0,60
Tbilisi,15,3,0,Qarlı,0,73
Rəşid Behbudov,6,4,0,Yağışlı,0,45
Ziya Bünyadov,7,4,0,Dumanlı,0,100
Neftçilər,15,1,0,Qarlı,0,72
Zərdabi,15,6,1,Qarlı,0,68
Ziya Bünyadov,20,1,0,Yağışlı,0,100
İstiqlaliyyət,16,1,0,Qarlı,1,76
Heydər Əliyev,4,2,0,Yağışlı,0,39
Babək,7,1,0,Dumanlı,0,92
Neftçilər,4,1,0,Yağışlı,0,30
Rəşid Behbudov,15,6,1,Yağışlı,1,77
Tbilisi,12,2,0,Qarlı,0,70
Zərdabi,16,4,0,Qarlı,0,73
Zərdabi,5,0,0,Dumanlı,2,92
İstiqlaliyyət,3,5,1,Qarlı,1,72
Babək,17,1,0,Yağışlı,0,83
İstiqlaliyyət,16,3,0,Yağışlı,0,49
Rəşid Behbudov,0,0,0,Qarlı,1,78
Babək,8,1,0,Açıq,0,68
Babək,13,3,0,Açıq,2,77
Ziya Bünyadov,13,5,1,Yağışlı,0,87
Tbilisi,9,6,1,Dumanlı,0,51
Tbilisi,5,3,0,Açıq,0,10
Ziya Bünyadov,2,0,0,Yağışlı,0,46
Babək,13,3,0,Dumanlı,0,44
Atatürk,17,2,0,Dumanlı,0,80
Neftçilər,16,3,0,Dumanlı,0,53
Babək,17,0,0,Qarlı,0,93
Heydər Əliyev,9,0,0,Yağışlı,0,85
Ziya Bünyadov,2,1,0,Açıq,0,24
Heydər Əliyev,23,1,0,Yağışlı,2,83
Rəşid Behbudov,8,2,0,Qarlı,0,100
Neftçilər,11,2,0,Açıq,0,40
Atatürk,19,2,0,Yağışlı,0,87
Babək,2,3,0,Qarlı,1,65
Tbilisi,10,6,1,Dumanlı,0,46
Atatürk,7,6,1,Dumanlı,0,51
Neftçilər,22,4,0,Yağışlı,0,48
Qara Qarayev,6,2,0,Dumanlı,0,40
Zərdabi,16,1,0,Qarlı,0,74
Ziya Bünyadov,13,0,0,Yağışlı,0,69
Rəşid Behbudov,3,6,1,Açıq,0,15
Babək,3,5,1,Dumanlı,0,33
İstiqlaliyyət,2,0,0,Dumanlı,0,37
Qara Qarayev,13,0,0,Dumanlı,2,95
Neftçilər,9,3,0,Açıq,1,88
Heydər Əliyev,13,6,1,Açıq,0,47
Atatürk,2,0,0,Dumanlı,0,40
Ziya Bünyadov,21,4,0,Yağışlı,0,55
Atatürk,13,2,0,Dumanlı,0,38
Qara Qarayev,21,2,0,Açıq,1,36
Zərdabi,4,6,1,Yağışlı,2,66
Heydər Əliyev,22,0,0,Yağışlı,1,66
Babək,12,0,0,Yağışlı,0,49
Zərdabi,12,2,0,Dumanlı,0,53
Ziya Bünyadov,18,2,0,Yağışlı,0,90
Heydər Əliyev,9,5,1,Qarlı,1,79
Neftçilər,1,2,0,Yağışlı,0,52
Neftçilər,6,0,0,Yağışlı,0,32
İstiqlaliyyət,18,4,0,Yağışlı,0,91
Ziya Bünyadov,14,3,0,Yağışlı,1,95
Atatürk,1,6,1,Dumanlı,1,44
Atatürk,21,2,0,Qarlı,0,55
Ziya Bünyadov,14,0,0,Qarlı,0,69
Ziya Bünyadov,6,5,1,Qarlı,0,67
Heydər Əliyev,7,4,0,Yağışlı,0,95
Zərdabi,13,5,1,Qarlı,1,76
Ziya Bünyadov,7,1,0,Açıq,0,81
Neftçilər,19,1,0,Açıq,0,78
Zərdabi,23,3,0,Qarlı,0,60
Heydər Əliyev,23,2,0,Açıq,0,27
Zərdabi,15,0,0,Yağışlı,3,100
Rəşid Behbudov,14,2,0,Yağışlı,0,52
Zərdabi,23,0,0,Açıq,0,30
Rəşid Behbudov,2,5,1,Açıq,0,25
Rəşid Behbudov,17,4,0,Qarlı,0,91
Babək,17,3,0,Yağışlı,0,85
İstiqlaliyyət,11,2,0,Qarlı,0,75
Qara Qarayev,22,6,1,Qarlı,0,62
Babək,13,6,1,Qarlı,0,63
Babək,7,3,0,Yağışlı,1,99
Atatürk,17,6,1,Açıq,1,70
Tbilisi,0,5,1,Açıq,1,39
Tbilisi,18,1,0,Qarlı,0,96
Tbilisi,0,5,1,Yağışlı,0,39
Babək,0,1,0,Yağışlı,1,72
Qara Qarayev,16,1,0,Qarlı,0,79
İstiqlaliyyət,19,4,0,Dumanlı,0,92
Babək,23,3,0,Yağışlı,0,44
Atatürk,9,4,0,Yağışlı,0,71
İstiqlaliyyət,18,2,0,Açıq,1,87
Atatürk,9,3,0,Yağışlı,0,94
Rəşid Behbudov,21,0,0,Açıq,0,23
Ziya Bünyadov,9,5,1,Açıq,0,50
Atatürk,20,2,0,Yağışlı,0,85
Neftçilər,0,1,0,Dumanlı,0,21
Atatürk,1,6,1,Dumanlı,0,33
Heydər Əliyev,2,6,1,Açıq,0,10
Heydər Əliyev,22,5,1,Dumanlı,0,31
Neftçilər,6,2,0,Qarlı,0,53
Zərdabi,11,0,0,Qarlı,0,85
Heydər Əliyev,15,0,0,Dumanlı,0,54
Tbilisi,21,2,0,Yağışlı,0,41
Heydər Əliyev,2,3,0,Qarlı,0,59
Zərdabi,21,0,0,Qarlı,1,78
Neftçilər,19,5,1,Yağışlı,1,58
Tbilisi,8,6,1,Qarlı,0,68
Ziya Bünyadov,9,3,0,Açıq,1,100
Tbilisi,10,6,1,Qarlı,0,81
Tbilisi,15,4,0,Açıq,0,56
Heydər Əliyev,19,6,1,Açıq,1,61
Heydər Əliyev,15,2,0,Yağışlı,0,61
Rəşid Behbudov,4,0,0,Yağışlı,0,35
Neftçilər,0,0,0,Açıq,0,17
Rəşid Behbudov,22,4,0,Açıq,1,44
Neftçilər,1,4,0,Dumanlı,0,24
Rəşid Behbudov,7,3,0,Dumanlı,2,100
Rəşid Behbudov,0,1,0,Açıq,0,22
Zərdabi,11,4,0,Dumanlı,0,52
Qara Qarayev,1,1,0,Dumanlı,0,29
Ziya Bünyadov,7,1,0,Qarlı,1,100
Zərdabi,1,0,0,Qarlı,0,51
Zərdabi,9,2,0,Dumanlı,0,81
Atatürk,16,3,0,Dumanlı,0,51
Neftçilər,8,6,1,Dumanlı,0,48
Zərdabi,11,1,0,Qarlı,0,81
Zərdabi,3,6,1,Açıq,0,10
Tbilisi,14,6,1,Qarlı,0,84
Babək,16,3,0,Qarlı,0,57
Tbilisi,2,3,0,Dumanlı,0,43
Neftçilər,19,1,0,Qarlı,0,100
Ziya Bünyadov,5,1,0,Yağışlı,0,51
Zərdabi,1,3,0,Açıq,0,22
Neftçilər,21,4,0,Açıq,0,24
Rəşid Behbudov,8,5,1,Dumanlı,0,57
Zərdabi,11,5,1,Dumanlı,0,39
Qara Qarayev,6,0,0,Açıq,0,24
Tbilisi,23,6,1,Açıq,2,57
Atatürk,18,6,1,Açıq,0,22
Babək,10,6,1,Dumanlı,0,64
İstiqlaliyyət,12,3,0,Qarlı,0,76
Neftçilər,9,2,0,Qarlı,0,95
Atatürk,8,2,0,Qarlı,1,100
Zərdabi,7,1,0,Dumanlı,0,81
Qara Qarayev,7,0,0,Açıq,0,53
Neftçilər,18,5,1,Açıq,0,32
Atatürk,4,5,1,Yağışlı,0,48
Tbilisi,17,5,1,Açıq,0,46
Tbilisi,17,0,0,Dumanlı,1,95
Babək,4,1,0,Qarlı,0,52
Rəşid Behbudov,8,1,0,Yağışlı,0,97
Rəşid Behbudov,13,2,0,Açıq,0,42
Tbilisi,19,3,0,Yağışlı,1,100
Qara Qarayev,13,2,0,Açıq,1,71
Tbilisi,4,1,0,Açıq,0,16
Tbilisi,17,2,0,Yağışlı,1,100
İstiqlaliyyət,22,3,0,Qarlı,1,73
Heydər Əliyev,5,4,0,Açıq,1,41
İstiqlaliyyət,1,6,1,Açıq,0,27
Zərdabi,4,3,0,Qarlı,0,43
Qara Qarayev,15,5,1,Qarlı,1,100
İstiqlaliyyət,9,4,0,Açıq,0,71
İstiqlaliyyət,18,4,0,Yağışlı,0,92
Qara Qarayev,8,3,0,Qarlı,1,100
Neftçilər,10,5,1,Açıq,0,40
Qara Qarayev,19,1,0,Açıq,0,71
Neftçilər,5,0,0,Yağışlı,2,99
Rəşid Behbudov,21,3,0,Qarlı,0,43
Zərdabi,14,5,1,Qarlı,0,66
İstiqlaliyyət,7,1,0,Qarlı,0,100
Ziya Bünyadov,12,3,0,Yağışlı,0,85
Neftçilər,6,5,1,Yağışlı,0,34
Atatürk,23,1,0,Yağışlı,0,40
Neftçilər,17,2,0,Dumanlı,0,68
Qara Qarayev,0,4,0,Yağışlı,0,39
Atatürk,20,1,0,Dumanlı,0,100
Zərdabi,21,5,1,Qarlı,2,96
İstiqlaliyyət,14,0,0,Açıq,0,23
İstiqlaliyyət,4,1,0,Qarlı,0,41
Rəşid Behbudov,15,0,0,Yağışlı,1,78
Ziya Bünyadov,3,3,0,Yağışlı,0,49
Qara Qarayev,6,0,0,Dumanlı,0,30
Rəşid Behbudov,19,2,0,Dumanlı,0,84
Tbilisi,18,1,0,Yağışlı,1,95
Atatürk,3,1,0,Dumanlı,0,36
Heydər Əliyev,3,0,0,Dumanlı,0,28
Neftçilər,3,3,0,Dumanlı,0,32
İstiqlaliyyət,3,2,0,Açıq,0,10
İstiqlaliyyət,2,5,1,Yağışlı,0,52
Neftçilər,22,6,1,Qarlı,0,51
Tbilisi,14,5,1,Qarlı,2,100
Qara Qarayev,3,6,1,Açıq,0,15
Atatürk,10,1,0,Dumanlı,0,51
Ziya Bünyadov,18,3,0,Açıq,0,89
Qara Qarayev,19,0,0,Açıq,1,88
Heydər Əliyev,10,1,0,Açıq,0,43
Ziya Bünyadov,7,1,0,Dumanlı,0,92
Heydər Əliyev,0,1,0,Dumanlı,0,23
İstiqlaliyyət,20,2,0,Dumanlı,0,81
Rəşid Behbudov,1,5,1,Qarlı,0,46
Qara Qarayev,17,1,0,Qarlı,0,100
Rəşid Behbudov,14,3,0,Açıq,1,59
Atatürk,9,6,1,Yağışlı,1,77
Tbilisi,15,1,0,Açıq,1,42
Atatürk,12,4,0,Açıq,1,62
Atatürk,18,2,0,Qarlı,0,100
Heydər Əliyev,2,4,0,Qarlı,0,55
Rəşid Behbudov,18,6,1,Qarlı,0,72
Rəşid Behbudov,12,0,0,Açıq,1,76
Ziya Bünyadov,8,1,0,Açıq,3,100
Zərdabi,10,2,0,Açıq,0,56
Neftçilər,13,3,0,Qarlı,0,75
Heydər Əliyev,15,6,1,Yağışlı,0,52
Babək,7,2,0,Qarlı,0,100
Atatürk,3,0,0,Qarlı,0,58
Zərdabi,11,6,1,Yağışlı,0,59
Tbilisi,1,1,0,Açıq,0,11
Heydər Əliyev,21,2,0,Dumanlı,0,30
Rəşid Behbudov,4,1,0,Yağışlı,0,50
Babək,15,4,0,Qarlı,0,67
Zərdabi,18,1,0,Dumanlı,0,86
Babək,12,5,1,Açıq,0,39
Babək,4,1,0,Dumanlı,0,38
Atatürk,22,5,1,Açıq,2,48
Heydər Əliyev,3,4,0,Qarlı,0,45
Tbilisi,9,6,1,Yağışlı,0,37
Qara Qarayev,1,3,0,Açıq,0,20
Atatürk,9,4,0,Dumanlı,0,90
Atatürk,3,0,0,Qarlı,0,52
Atatürk,8,4,0,Qarlı,2,100
Rəşid Behbudov,11,5,1,Açıq,0,47
Ziya Bünyadov,20,2,0,Qarlı,0,94
Neftçilər,8,3,0,Dumanlı,0,85
Atatürk,21,3,0,Açıq,0,11
Tbilisi,14,4,0,Yağışlı,0,60
Neftçilər,2,4,0,Açıq,1,50
Zərdabi,0,6,1,Yağışlı,1,60
Tbilisi,18,4,0,Açıq,0,69
Zərdabi,10,6,1,Dumanlı,0,59
Tbilisi,23,1,0,Qarlı,0,52
Atatürk,6,5,1,Qarlı,0,50
Ziya Bünyadov,20,0,0,Açıq,0,78
Zərdabi,3,5,1,Açıq,1,34
Atatürk,10,0,0,Yağışlı,0,73
Zərdabi,13,4,0,Yağışlı,0,49
Atatürk,12,2,0,Açıq,0,32
Atatürk,16,4,0,Açıq,0,44
Heydər Əliyev,13,5,1,Yağışlı,0,62
Rəşid Behbudov,23,2,0,Yağışlı,1,63
İstiqlaliyyət,15,2,0,Qarlı,0,82
Rəşid Behbudov,4,1,0,Dumanlı,0,23
Neftçilər,12,4,0,Açıq,0,39
Heydər Əliyev,2,4,0,Yağışlı,0,52
Heydər Əliyev,22,3,0,Dumanlı,0,43
Zərdabi,6,1,0,Dumanlı,0,28
Atatürk,7,4,0,Açıq,2,100
Qara Qarayev,5,5,1,Açıq,1,44
Atatürk,22,1,0,Yağışlı,2,76
Zərdabi,22,1,0,Açıq,1,34
Heydər Əliyev,1,2,0,Dumanlı,0,28
Zərdabi,1,2,0,Dumanlı,0,40
Babək,15,6,1,Dumanlı,0,53
Rəşid Behbudov,21,2,0,Dumanlı,0,27
Rəşid Behbudov,14,1,0,Dumanlı,0,54
Ziya Bünyadov,1,1,0,Açıq,0,25
Qara Qarayev,19,0,0,Yağışlı,0,100
Tbilisi,2,4,0,Dumanlı,0,24
Neftçilər,14,3,0,Dumanlı,0,52
Zərdabi,1,3,0,Yağışlı,0,49
Ziya Bünyadov,0,6,1,Açıq,0,38
Heydər Əliyev,13,2,0,Qarlı,1,100
Rəşid Behbudov,4,1,0,Dumanlı,0,28
Heydər Əliyev,17,0,0,Qarlı,0,89
Babək,22,6,1,Yağışlı,0,34
Rəşid Behbudov,19,5,1,Yağışlı,0,58
Rəşid Behbudov,18,3,0,Qarlı,0,87
Rəşid Behbudov,19,4,0,Qarlı,0,95
Atatürk,3,2,0,Qarlı,1,64
Ziya Bünyadov,9,1,0,Yağışlı,1,100
İstiqlaliyyət,17,6,1,Açıq,0,26
Atatürk,10,3,0,Açıq,0,31
Atatürk,16,1,0,Açıq,0,37
Heydər Əliyev,20,2,0,Açıq,0,83
Rəşid Behbudov,16,2,0,Açıq,0,52
Atatürk,15,0,0,Yağışlı,0,64
Rəşid Behbudov,1,3,0,Açıq,0,16
Babək,16,6,1,Yağışlı,0,55
Tbilisi,10,4,0,Qarlı,0,83
İstiqlaliyyət,20,4,0,Dumanlı,0,78
Heydər Əliyev,15,4,0,Açıq,0,44
Neftçilər,4,4,0,Qarlı,1,78
Zərdabi,3,1,0,Qarlı,0,60
Babək,17,1,0,Açıq,0,78
Tbilisi,7,0,0,Açıq,2,100
Zərdabi,12,1,0,Yağışlı,0,74
Tbilisi,1,4,0,Açıq,1,34
Tbilisi,12,3,0,Qarlı,0,88
Atatürk,9,2,0,Dumanlı,0,96
Ziya Bünyadov,6,2,0,Açıq,0,39
Heydər Əliyev,7,6,1,Dumanlı,0,34
Zərdabi,2,5,1,Açıq,0,17
Heydər Əliyev,21,2,0,Qarlı,0,43
İstiqlaliyyət,11,4,0,Yağışlı,0,66
Atatürk,23,2,0,Qarlı,1,71
Neftçilər,11,2,0,Açıq,0,32
Atatürk,7,4,0,Açıq,0,70
Atatürk,13,4,0,Yağışlı,0,61
Tbilisi,17,2,0,Qarlı,1,100
Rəşid Behbudov,23,2,0,Açıq,1,40
Neftçilər,19,4,0,Açıq,1,87
Qara Qarayev,6,2,0,Dumanlı,0,40
Rəşid Behbudov,11,0,0,Qarlı,0,74
Tbilisi,5,6,1,Qarlı,0,59
Rəşid Behbudov,10,3,0,Açıq,0,33
Neftçilər,10,6,1,Dumanlı,1,72
Qara Qarayev,0,5,1,Qarlı,0,45
Zərdabi,22,4,0,Qarlı,0,47
İstiqlaliyyət,6,6,1,Dumanlı,1,48
Neftçilər,17,0,0,Açıq,0,72
Atatürk,6,4,0,Dumanlı,0,25
İstiqlaliyyət,11,5,1,Yağışlı,1,77
Rəşid Behbudov,12,3,0,Yağışlı,0,55
Ziya Bünyadov,2,3,0,Dumanlı,0,35
İstiqlaliyyət,20,1,0,Yağışlı,0,77
Heydər Əliyev,3,5,1,Dumanlı,1,54
Heydər Əliyev,3,5,1,Dumanlı,0,34
Qara Qarayev,0,2,0,Dumanlı,0,30
İstiqlaliyyət,22,0,0,Yağışlı,0,27
Ziya Bünyadov,21,2,0,Yağışlı,0,61
İstiqlaliyyət,23,5,1,Qarlı,0,51
Neftçilər,16,1,0,Yağışlı,0,76
Tbilisi,0,0,0,Dumanlı,0,31
Zərdabi,3,6,1,Dumanlı,0,45
Atatürk,4,5,1,Açıq,0,23
Atatürk,6,6,1,Açıq,0,28
Heydər Əliyev,7,1,0,Dumanlı,0,84
Heydər Əliyev,4,0,0,Qarlı,2,100
Neftçilər,10,5,1,Yağışlı,1,62
Tbilisi,19,6,1,Açıq,0,37
Qara Qarayev,22,1,0,Dumanlı,0,26
Neftçilər,1,6,1,Yağışlı,0,53
Atatürk,1,6,1,Açıq,0,27
Rəşid Behbudov,13,6,1,Dumanlı,1,73
Heydər Əliyev,13,5,1,Yağışlı,0,41
Tbilisi,23,2,0,Dumanlı,0,44
Heydər Əliyev,20,5,1,Dumanlı,0,46
Rəşid Behbudov,0,1,0,Dumanlı,1,62
Babək,1,1,0,Açıq,0,26
İstiqlaliyyət,23,6,1,Dumanlı,0,29
Rəşid Behbudov,5,0,0,Qarlı,0,67
Atatürk,10,4,0,Yağışlı,0,63
Atatürk,12,4,0,Qarlı,2,100
Heydər Əliyev,11,3,0,Yağışlı,1,79
Qara Qarayev,6,6,1,Yağışlı,1,64
Atatürk,11,1,0,Açıq,1,59
İstiqlaliyyət,21,5,1,Açıq,0,22
Babək,11,6,1,Dumanlı,0,43
Ziya Bünyadov,11,6,1,Dumanlı,0,54
Neftçilər,14,0,0,Dumanlı,1,66
Tbilisi,19,5,1,Qarlı,1,86
Atatürk,7,3,0,Dumanlı,0,94
Tbilisi,4,6,1,Yağışlı,0,42
Babək,16,6,1,Dumanlı,0,48
İstiqlaliyyət,12,3,0,Qarlı,0,80
Neftçilər,3,6,1,Yağışlı,0,49
Atatürk,18,5,1,Qarlı,0,76
Atatürk,13,3,0,Açıq,3,100
Neftçilər,11,0,0,Dumanlı,3,98
Ziya Bünyadov,13,0,0,Açıq,0,64
Zərdabi,10,1,0,Yağışlı,0,66
Rəşid Behbudov,9,5,1,Açıq,0,42
Tbilisi,18,0,0,Açıq,0,75
Neftçilər,12,1,0,Açıq,0,53
Heydər Əliyev,10,2,0,Yağışlı,0,54
Tbilisi,0,6,1,Dumanlı,0,35
Atatürk,21,6,1,Yağışlı,0,42
Rəşid Behbudov,18,5,1,Yağışlı,0,50
Rəşid Behbudov,4,5,1,Dumanlı,1,58
Atatürk,11,0,0,Qarlı,0,70
Zərdabi,16,2,0,Dumanlı,0,60
Heydər Əliyev,22,3,0,Açıq,0,17
Rəşid Behbudov,18,5,1,Qarlı,0,67
Zərdabi,16,1,0,Yağışlı,0,57
Babək,17,1,0,Qarlı,0,100
İstiqlaliyyət,16,6,1,Yağışlı,1,71
Neftçilər,11,6,1,Dumanlı,2,76
Tbilisi,5,0,0,Qarlı,2,69
Ziya Bünyadov,2,5,1,Qarlı,0,59
Atatürk,10,1,0,Qarlı,0,69
İstiqlaliyyət,2,0,0,Dumanlı,0,24
Zərdabi,6,2,0,Qarlı,0,54
Rəşid Behbudov,11,6,1,Açıq,0,35
Heydər Əliyev,6,0,0,Yağışlı,0,34
Neftçilər,17,6,1,Açıq,2,86
İstiqlaliyyət,12,0,0,Açıq,3,100
Atatürk,13,0,0,Açıq,0,40
İstiqlaliyyət,2,0,0,Açıq,0,19
İstiqlaliyyət,5,0,0,Yağışlı,0,49
Neftçilər,1,5,1,Dumanlı,0,40
Qara Qarayev,11,0,0,Dumanlı,0,39
Tbilisi,4,2,0,Qarlı,0,50
İstiqlaliyyət,22,4,0,Açıq,0,14
Atatürk,13,4,0,Dumanlı,0,44
Heydər Əliyev,15,1,0,Açıq,2,92
Zərdabi,8,3,0,Dumanlı,0,82
Tbilisi,19,3,0,Yağışlı,0,98
Atatürk,6,3,0,Dumanlı,2,69
Tbilisi,9,3,0,Qarlı,0,100
Heydər Əliyev,0,2,0,Yağışlı,0,43
Ziya Bünyadov,5,4,0,Açıq,0,20
Heydər Əliyev,4,2,0,Qarlı,0,44
Atatürk,8,2,0,Yağışlı,0,87
Tbilisi,21,1,0,Açıq,0,22
Heydər Əliyev,13,6,1,Qarlı,0,87
Rəşid Behbudov,16,1,0,Yağışlı,1,87
İstiqlaliyyət,7,1,0,Açıq,0,57
Qara Qarayev,18,1,0,Açıq,0,74
İstiqlaliyyət,7,1,0,Açıq,0,78
Qara Qarayev,5,0,0,Yağışlı,0,36
Neftçilər,10,6,1,Açıq,0,42
Neftçilər,10,2,0,Dumanlı,0,69
Atatürk,10,5,1,Yağışlı,0,62
Ziya Bünyadov,13,5,1,Açıq,1,78
İstiqlaliyyət,3,5,1,Qarlı,0,57
Ziya Bünyadov,4,2,0,Qarlı,0,70
Rəşid Behbudov,2,1,0,Dumanlı,2,57
Neftçilər,2,6,1,Qarlı,0,42
Zərdabi,22,5,1,Açıq,0,15
Zərdabi,1,5,1,Yağışlı,3,94
Heydər Əliyev,8,5,1,Dumanlı,0,41
Neftçilər,7,3,0,Yağışlı,0,96
Tbilisi,9,3,0,Qarlı,0,100
Heydər Əliyev,3,5,1,Qarlı,0,56
Babək,17,5,1,Açıq,0,31
Zərdabi,6,1,0,Qarlı,0,67
Heydər Əliyev,14,5,1,Dumanlı,0,49
Qara Qarayev,17,4,0,Qarlı,0,100
Tbilisi,9,4,0,Qarlı,0,94
Neftçilər,22,3,0,Yağışlı,0,41
Ziya Bünyadov,4,2,0,Açıq,0,24
Tbilisi,0,3,0,Açıq,2,61
Zərdabi,19,5,1,Qarlı,0,68
İstiqlaliyyət,9,1,0,Dumanlı,0,68
Zərdabi,10,1,0,Yağışlı,0,58
Tbilisi,11,4,0,Dumanlı,1,76
Tbilisi,4,2,0,Qarlı,1,78
Rəşid Behbudov,0,4,0,Dumanlı,0,41
Zərdabi,23,0,0,Qarlı,1,76
Zərdabi,16,2,0,Açıq,0,36
Atatürk,16,0,0,Açıq,0,37
Babək,21,5,1,Açıq,3,69
Atatürk,7,1,0,Dumanlı,0,92
Ziya Bünyadov,19,0,0,Dumanlı,0,86
Zərdabi,9,3,0,Yağışlı,0,86
Neftçilər,10,4,0,Açıq,0,54
Qara Qarayev,18,1,0,Dumanlı,0,61
Babək,14,4,0,Yağışlı,1,85
Zərdabi,3,3,0,Dumanlı,0,39
Neftçilər,15,3,0,Yağışlı,0,75
Rəşid Behbudov,14,1,0,Dumanlı,0,58
Neftçilər,7,6,1,Açıq,1,65
Heydər Əliyev,0,0,0,Qarlı,0,61
Atatürk,9,4,0,Yağışlı,2,100
İstiqlaliyyət,13,0,0,Açıq,0,56
Babək,15,5,1,Yağışlı,1,91
Tbilisi,11,6,1,Açıq,1,54
Zərdabi,17,4,0,Dumanlı,0,100
Zərdabi,23,5,1,Qarlı,0,52
Qara Qarayev,11,3,0,Qarlı,0,79
Rəşid Behbudov,13,3,0,Yağışlı,0,65
Rəşid Behbudov,10,6,1,Dumanlı,1,73
Qara Qarayev,20,4,0,Qarlı,0,100
Babək,15,2,0,Yağışlı,2,94
İstiqlaliyyət,3,6,1,Dumanlı,0,31
Heydər Əliyev,17,3,0,Açıq,1,76
Ziya Bünyadov,11,5,1,Qarlı,1,100
Babək,0,1,0,Qarlı,0,67
Ziya Bünyadov,10,0,0,Qarlı,0,89
Babək,20,5,1,Yağışlı,1,73
Ziya Bünyadov,13,5,1,Açıq,0,50
Rəşid Behbudov,19,4,0,Açıq,1,89
Ziya Bünyadov,12,0,0,Dumanlı,1,87
İstiqlaliyyət,8,1,0,Yağışlı,0,93
Atatürk,21,0,0,Qarlı,0,53
Ziya Bünyadov,16,4,0,Qarlı,0,68
Babək,0,6,1,Açıq,0,28
Babək,17,1,0,Dumanlı,0,79
İstiqlaliyyət,21,1,0,Yağışlı,0,43
Zərdabi,14,2,0,Dumanlı,0,60
Ziya Bünyadov,21,1,0,Yağışlı,0,48
Tbilisi,4,5,1,Yağışlı,0,42
Babək,11,6,1,Yağışlı,1,83
Ziya Bünyadov,8,3,0,Açıq,0,69
Qara Qarayev,16,2,0,Qarlı,0,93
Tbilisi,23,3,0,Yağışlı,0,47
Qara Qarayev,16,5,1,Açıq,0,43
Heydər Əliyev,16,3,0,Qarlı,0,63
Rəşid Behbudov,13,5,1,Yağışlı,0,67
Atatürk,21,5,1,Dumanlı,1,49
Qara Qarayev,21,5,1,Dumanlı,0,41
Atatürk,19,6,1,Açıq,1,64
Neftçilər,14,6,1,Yağışlı,0,54
Rəşid Behbudov,19,2,0,Yağışlı,0,92
Tbilisi,23,4,0,Açıq,1,49
Babək,20,5,1,Açıq,1,55
Atatürk,10,0,0,Dumanlı,1,62
Neftçilər,21,0,0,Açıq,0,13
Rəşid Behbudov,10,0,0,Yağışlı,2,96
Neftçilər,11,5,1,Dumanlı,0,37
Neftçilər,6,0,0,Qarlı,0,43
Babək,3,0,0,Qarlı,0,58
Ziya Bünyadov,9,4,0,Açıq,0,79
Atatürk,15,1,0,Yağışlı,1,61
Rəşid Behbudov,3,4,0,Qarlı,0,55
Tbilisi,21,4,0,Açıq,1,47
Babək,12,5,1,Dumanlı,0,58
Neftçilər,17,5,1,Dumanlı,0,52
Rəşid Behbudov,16,2,0,Açıq,0,43
Atatürk,11,3,0,Açıq,0,52
Atatürk,11,5,1,Açıq,0,31
Qara Qarayev,18,2,0,Açıq,0,56
Tbilisi,18,3,0,Yağışlı,0,100
Qara Qarayev,7,4,0,Yağışlı,0,89
Qara Qarayev,12,4,0,Yağışlı,0,52
İstiqlaliyyət,10,4,0,Qarlı,0,60
Neftçilər,6,2,0,Dumanlı,0,33
Babək,6,4,0,Dumanlı,0,41
Heydər Əliyev,5,2,0,Qarlı,0,50
Tbilisi,6,6,1,Qarlı,0,50
Rəşid Behbudov,20,6,1,Açıq,0,49
Zərdabi,17,6,1,Qarlı,0,72
Babək,16,5,1,Yağışlı,0,70
İstiqlaliyyət,18,4,0,Qarlı,0,86
Babək,5,6,1,Yağışlı,0,39
Ziya Bünyadov,7,2,0,Dumanlı,0,96
Ziya Bünyadov,14,0,0,Açıq,0,55
İstiqlaliyyət,12,4,0,Dumanlı,0,59
Rəşid Behbudov,16,6,1,Yağışlı,0,76
Qara Qarayev,21,3,0,Qarlı,0,67
Ziya Bünyadov,20,5,1,Dumanlı,0,66
Ziya Bünyadov,15,0,0,Dumanlı,0,53
Qara Qarayev,4,1,0,Qarlı,0,49
İstiqlaliyyət,1,1,0,Yağışlı,0,45
Heydər Əliyev,11,5,1,Dumanlı,3,100
Qara Qarayev,11,6,1,Dumanlı,0,38
Zərdabi,0,6,1,Yağışlı,1,60
Zərdabi,1,3,0,Dumanlı,0,25
Neftçilər,4,3,0,Açıq,1,53
Ziya Bünyadov,20,1,0,Qarlı,0,100
Atatürk,8,5,1,Açıq,0,34
Qara Qarayev,9,6,1,Açıq,0,24
Heydər Əliyev,10,0,0,Dumanlı,0,73
Tbilisi,21,6,1,Yağışlı,0,26
Qara Qarayev,0,6,1,Açıq,0,19
Tbilisi,1,2,0,Qarlı,0,57
Rəşid Behbudov,0,6,1,Qarlı,0,56
Neftçilər,8,1,0,Yağışlı,0,97
Zərdabi,21,2,0,Dumanlı,2,74
Zərdabi,4,1,0,Qarlı,0,48
Atatürk,12,0,0,Qarlı,0,80
Heydər Əliyev,3,5,1,Qarlı,0,46
Tbilisi,15,5,1,Yağışlı,0,70
Rəşid Behbudov,7,0,0,Dumanlı,0,79
Rəşid Behbudov,19,6,1,Qarlı,0,64
Tbilisi,23,1,0,Açıq,3,85
Ziya Bünyadov,6,5,1,Dumanlı,0,38
Rəşid Behbudov,2,0,0,Açıq,0,15
İstiqlaliyyət,4,3,0,Açıq,0,16
İstiqlaliyyət,18,2,0,Yağışlı,0,97
Neftçilər,20,2,0,Açıq,0,72
Zərdabi,18,2,0,Qarlı,1,100
Babək,20,3,0,Açıq,0,72
Babək,3,6,1,Yağışlı,0,44
Heydər Əliyev,13,3,0,Dumanlı,0,67
Zərdabi,3,3,0,Yağışlı,0,33
Zərdabi,8,3,0,Qarlı,0,100
Atatürk,6,1,0,Yağışlı,0,37
Babək,7,1,0,Açıq,3,100
İstiqlaliyyət,17,4,0,Yağışlı,0,84
Neftçilər,1,2,0,Yağışlı,1,55
Zərdabi,15,6,1,Qarlı,0,79
Atatürk,7,0,0,Dumanlı,0,64
Rəşid Behbudov,5,4,0,Dumanlı,0,38
Tbilisi,22,3,0,Qarlı,0,66
Atatürk,7,5,1,Qarlı,0,63
Atatürk,7,5,1,Qarlı,0,65
Qara Qarayev,6,3,0,Dumanlı,0,41
Heydər Əliyev,3,0,0,Qarlı,0,47
Babək,9,2,0,Dumanlı,0,81
Tbilisi,23,5,1,Yağışlı,0,41
Rəşid Behbudov,10,6,1,Yağışlı,1,77
Qara Qarayev,14,5,1,Yağışlı,0,61
İstiqlaliyyət,6,3,0,Yağışlı,0,36
Zərdabi,20,4,0,Açıq,1,100
Neftçilər,19,6,1,Qarlı,0,67
Neftçilər,15,3,0,Qarlı,0,77
Atatürk,8,2,0,Dumanlı,0,90
Atatürk,8,4,0,Dumanlı,0,87
İstiqlaliyyət,16,4,0,Yağışlı,0,42
Qara Qarayev,4,5,1,Açıq,0,28
Qara Qarayev,12,5,1,Açıq,1,74
Atatürk,19,3,0,Açıq,1,86
Zərdabi,10,6,1,Dumanlı,0,52
Ziya Bünyadov,23,4,0,Qarlı,0,68
Babək,15,5,1,Yağışlı,0,66
Tbilisi,12,6,1,Dumanlı,0,55
Rəşid Behbudov,12,2,0,Yağışlı,0,69
Zərdabi,19,5,1,Qarlı,0,55
Heydər Əliyev,16,6,1,Açıq,0,41
Heydər Əliyev,23,6,1,Qarlı,0,66
Rəşid Behbudov,21,2,0,Yağışlı,0,31
Heydər Əliyev,7,3,0,Dumanlı,2,100
Qara Qarayev,22,1,0,Yağışlı,1,67
Tbilisi,17,0,0,Yağışlı,0,88
İstiqlaliyyət,21,5,1,Açıq,0,26
Rəşid Behbudov,6,1,0,Açıq,0,10
Tbilisi,4,2,0,Yağışlı,0,33
İstiqlaliyyət,17,0,0,Açıq,0,56
Atatürk,5,4,0,Açıq,1,27
Heydər Əliyev,0,5,1,Yağışlı,0,45
Neftçilər,21,6,1,Açıq,0,28
Zərdabi,5,1,0,Dumanlı,0,38
Qara Qarayev,6,6,1,Dumanlı,0,39
Ziya Bünyadov,14,0,0,Dumanlı,0,58
İstiqlaliyyət,17,6,1,Yağışlı,0,47
Babək,10,2,0,Qarlı,0,88
Babək,13,4,0,Açıq,0,36
Tbilisi,15,6,1,Yağışlı,0,68
Tbilisi,16,0,0,Dumanlı,0,62
Babək,1,4,0,Qarlı,0,55
Zərdabi,0,0,0,Açıq,0,26
Neftçilər,9,2,0,Dumanlı,1,100
Zərdabi,6,5,1,Yağışlı,1,61
Atatürk,8,0,0,Dumanlı,0,84
Rəşid Behbudov,23,3,0,Yağışlı,0,39
Atatürk,2,3,0,Dumanlı,0,37
Ziya Bünyadov,13,3,0,Yağışlı,1,81
Atatürk,21,5,1,Yağışlı,0,30
Zərdabi,17,2,0,Yağışlı,0,96
Tbilisi,11,0,0,Qarlı,0,74
İstiqlaliyyət,2,2,0,Dumanlı,0,25
Rəşid Behbudov,16,3,0,Dumanlı,0,47
Heydər Əliyev,22,2,0,Qarlı,0,50
Zərdabi,22,2,0,Yağışlı,0,40
Zərdabi,10,0,0,Qarlı,0,78
Neftçilər,22,0,0,Yağışlı,0,51
Neftçilər,4,2,0,Dumanlı,0,30
Rəşid Behbudov,8,4,0,Dumanlı,0,93
Zərdabi,6,1,0,Qarlı,0,44
Rəşid Behbudov,14,6,1,Yağışlı,0,58
Rəşid Behbudov,8,5,1,Qarlı,0,79
Tbilisi,22,2,0,Qarlı,0,57
Ziya Bünyadov,18,2,0,Dumanlı,0,98
Tbilisi,6,4,0,Qarlı,2,100
Tbilisi,19,2,0,Açıq,0,68
Neftçilər,22,2,0,Qarlı,2,91
Ziya Bünyadov,1,2,0,Açıq,0,40
Neftçilər,23,3,0,Yağışlı,0,33
Ziya Bünyadov,21,1,0,Yağışlı,0,46
Qara Qarayev,7,2,0,Qarlı,0,100
Atatürk,16,6,1,Qarlı,0,76
Heydər Əliyev,18,1,0,Yağışlı,0,100
Heydər Əliyev,4,0,0,Yağışlı,0,51
Tbilisi,5,0,0,Dumanlı,2,68
İstiqlaliyyət,19,2,0,Dumanlı,0,81
Ziya Bünyadov,13,5,1,Qarlı,2,100
Atatürk,13,0,0,Yağışlı,1,87
Babək,6,5,1,Açıq,0,26
Rəşid Behbudov,5,2,0,Açıq,0,18
İstiqlaliyyət,2,6,1,Qarlı,0,59
İstiqlaliyyət,8,6,1,Dumanlı,0,55
Zərdabi,3,6,1,Qarlı,0,55
Heydər Əliyev,13,3,0,Açıq,1,52
Neftçilər,21,1,0,Yağışlı,0,43
Rəşid Behbudov,10,1,0,Qarlı,0,90
Atatürk,16,2,0,Qarlı,0,70
Tbilisi,0,5,1,Açıq,0,24
Rəşid Behbudov,17,5,1,Dumanlı,0,44
Zərdabi,10,1,0,Yağışlı,0,54
İstiqlaliyyət,2,6,1,Açıq,0,25
Tbilisi,19,0,0,Açıq,0,84
İstiqlaliyyət,15,3,0,Açıq,0,28
Heydər Əliyev,8,1,0,Qarlı,0,97
Babək,1,1,0,Dumanlı,2,68
Babək,8,2,0,Dumanlı,0,74
Babək,23,2,0,Açıq,0,29
Rəşid Behbudov,8,6,1,Qarlı,0,50
Qara Qarayev,6,3,0,Yağışlı,0,40
Rəşid Behbudov,14,4,0,Yağışlı,0,54
Atatürk,18,5,1,Yağışlı,1,61
Rəşid Behbudov,21,4,0,Qarlı,0,55
Atatürk,16,5,1,Açıq,0,38
Zərdabi,17,0,0,Qarlı,0,90
Ziya Bünyadov,18,5,1,Qarlı,0,65
Neftçilər,1,2,0,Açıq,0,12
Qara Qarayev,18,4,0,Qarlı,1,100
Zərdabi,20,2,0,Açıq,1,92
Rəşid Behbudov,15,4,0,Qarlı,0,60
Qara Qarayev,13,2,0,Açıq,0,47
Tbilisi,9,2,0,Dumanlı,1,100
Zərdabi,4,4,0,Qarlı,0,54
İstiqlaliyyət,8,4,0,Açıq,0,59
Neftçilər,9,5,1,Qarlı,0,68
Babək,15,3,0,Açıq,0,47
Rəşid Behbudov,11,6,1,Yağışlı,0,47
Rəşid Behbudov,22,0,0,Yağışlı,0,51
Tbilisi,23,4,0,Qarlı,0,62
Heydər Əliyev,14,4,0,Açıq,0,35
Ziya Bünyadov,2,3,0,Qarlı,0,60
Babək,14,4,0,Yağışlı,0,50
Babək,1,3,0,Yağışlı,0,35
Ziya Bünyadov,8,5,1,Açıq,1,49
Babək,20,2,0,Qarlı,0,84
Ziya Bünyadov,6,5,1,Dumanlı,0,47
İstiqlaliyyət,0,6,1,Dumanlı,0,31
Heydər Əliyev,14,1,0,Açıq,0,33
Rəşid Behbudov,19,3,0,Dumanlı,0,84
Qara Qarayev,19,2,0,Yağışlı,0,83
Rəşid Behbudov,1,2,0,Açıq,0,27
Tbilisi,21,0,0,Yağışlı,0,44
Zərdabi,10,4,0,Yağışlı,0,72
Rəşid Behbudov,18,6,1,Dumanlı,0,50
Rəşid Behbudov,4,1,0,Qarlı,1,73
Qara Qarayev,23,6,1,Dumanlı,0,37
Qara Qarayev,12,1,0,Qarlı,0,78
Rəşid Behbudov,7,5,1,Yağışlı,0,65
Tbilisi,20,4,0,Qarlı,1,100
Babək,0,4,0,Qarlı,0,69
Atatürk,3,4,0,Qarlı,1,57
Rəşid Behbudov,2,3,0,Açıq,0,22
Heydər Əliyev,19,2,0,Yağışlı,0,96
Heydər Əliyev,22,4,0,Qarlı,0,67
Neftçilər,18,0,0,Dumanlı,0,78
Ziya Bünyadov,14,2,0,Yağışlı,0,83
Neftçilər,8,4,0,Dumanlı,1,99
Zərdabi,6,4,0,Açıq,0,24
Qara Qarayev,12,5,1,Qarlı,0,79
Heydər Əliyev,7,1,0,Dumanlı,0,83
Neftçilər,13,4,0,Qarlı,0,79
Zərdabi,17,1,0,Qarlı,0,100
Qara Qarayev,21,2,0,Dumanlı,2,64
Heydər Əliyev,13,4,0,Yağışlı,2,86
Qara Qarayev,8,4,0,Qarlı,0,91
Babək,4,4,0,Yağışlı,0,41
Neftçilər,13,0,0,Açıq,0,26
Neftçilər,21,4,0,Açıq,0,10
Tbilisi,3,3,0,Yağışlı,1,64
Neftçilər,10,4,0,Açıq,0,37
Rəşid Behbudov,17,3,0,Qarlı,2,100
Ziya Bünyadov,21,4,0,Yağışlı,0,62
Ziya Bünyadov,14,5,1,Yağışlı,1,74
İstiqlaliyyət,17,1,0,Qarlı,3,100
Ziya Bünyadov,15,6,1,Qarlı,0,82
Babək,12,6,1,Açıq,0,48
Neftçilər,6,0,0,Qarlı,0,48
Qara Qarayev,10,4,0,Yağışlı,0,62
Tbilisi,4,0,0,Yağışlı,0,31
Rəşid Behbudov,0,0,0,Qarlı,1,74
Zərdabi,5,6,1,Qarlı,0,57
Babək,14,6,1,Qarlı,0,74
Tbilisi,11,4,0,Dumanlı,0,51
Atatürk,13,2,0,Dumanlı,0,49
Ziya Bünyadov,19,5,1,Açıq,1,51
Zərdabi,13,0,0,Dumanlı,0,50
İstiqlaliyyət,5,5,1,Dumanlı,2,61
Tbilisi,1,6,1,Dumanlı,0,42
Neftçilər,17,1,0,Dumanlı,1,91
Neftçilər,17,0,0,Yağışlı,0,79
Neftçilər,2,6,1,Dumanlı,0,30
Heydər Əliyev,3,1,0,Açıq,0,20
Atatürk,7,3,0,Dumanlı,0,91
Heydər Əliyev,16,1,0,Dumanlı,1,82
Ziya Bünyadov,1,4,0,Dumanlı,1,62
Babək,7,5,1,Yağışlı,0,44
Qara Qarayev,7,6,1,Qarlı,0,71
Zərdabi,12,1,0,Yağışlı,0,62
Babək,5,4,0,Yağışlı,0,47
Babək,14,3,0,Qarlı,0,86
Ziya Bünyadov,9,5,1,Qarlı,0,89
Rəşid Behbudov,5,0,0,Qarlı,0,55
Heydər Əliyev,6,4,0,Dumanlı,0,37
Babək,1,3,0,Yağışlı,0,37
Ziya Bünyadov,2,6,1,Dumanlı,0,37
Atatürk,14,2,0,Qarlı,0,80
İstiqlaliyyət,20,5,1,Açıq,0,34
Qara Qarayev,6,0,0,Dumanlı,0,26
İstiqlaliyyət,0,3,0,Açıq,3,84
İstiqlaliyyət,12,6,1,Yağışlı,0,69
İstiqlaliyyət,14,4,0,Yağışlı,0,44
Ziya Bünyadov,17,6,1,Açıq,0,43
Rəşid Behbudov,7,5,1,Açıq,0,50
Neftçilər,23,5,1,Yağışlı,0,45
Ziya Bünyadov,15,0,0,Dumanlı,0,60
Tbilisi,8,3,0,Açıq,1,87
Qara Qarayev,17,2,0,Dumanlı,0,75
İstiqlaliyyət,13,6,1,Qarlı,0,78
Rəşid Behbudov,17,4,0,Qarlı,0,100
İstiqlaliyyət,10,3,0,Açıq,0,47
Tbilisi,12,1,0,Açıq,2,83
Zərdabi,6,5,1,Yağışlı,0,26
Qara Qarayev,21,3,0,Qarlı,0,56
Rəşid Behbudov,1,3,0,Yağışlı,2,61
Qara Qarayev,7,3,0,Yağışlı,0,95
Neftçilər,6,1,0,Açıq,0,25
Babək,7,4,0,Yağışlı,0,100
Heydər Əliyev,8,4,0,Yağışlı,0,90
Rəşid Behbudov,18,1,0,Açıq,1,84
Qara Qarayev,10,4,0,Qarlı,0,67
Qara Qarayev,14,5,1,Qarlı,2,100
Tbilisi,6,6,1,Yağışlı,0,43
Babək,20,0,0,Açıq,1,100
Atatürk,15,0,0,Dumanlı,0,51
İstiqlaliyyət,3,3,0,Dumanlı,0,42
Zərdabi,23,3,0,Qarlı,1,68
Ziya Bünyadov,13,6,1,Açıq,0,49
İstiqlaliyyət,5,4,0,Dumanlı,0,26
Neftçilər,22,5,1,Qarlı,0,50
Heydər Əliyev,8,0,0,Dumanlı,1,100
Neftçilər,15,6,1,Yağışlı,1,64
Rəşid Behbudov,23,0,0,Açıq,1,34
Tbilisi,9,2,0,Dumanlı,0,92
Tbilisi,3,5,1,Yağışlı,1,63
Heydər Əliyev,5,1,0,Açıq,1,32
Atatürk,2,6,1,Yağışlı,0,46
Rəşid Behbudov,11,2,0,Açıq,1,46
Zərdabi,3,1,0,Dumanlı,0,29
Babək,23,6,1,Qarlı,0,51
Ziya Bünyadov,8,0,0,Açıq,0,76
Zərdabi,6,3,0,Dumanlı,0,30
Babək,2,0,0,Açıq,2,65
İstiqlaliyyət,16,0,0,Açıq,0,53
Qara Qarayev,2,0,0,Dumanlı,0,33
İstiqlaliyyət,14,6,1,Yağışlı,0,69
Ziya Bünyadov,19,4,0,Qarlı,0,100
İstiqlaliyyət,0,3,0,Dumanlı,0,27
Tbilisi,6,2,0,Dumanlı,0,28
İstiqlaliyyət,16,1,0,Yağışlı,0,57
Rəşid Behbudov,20,6,1,Açıq,0,34
Babək,9,0,0,Dumanlı,0,100
Qara Qarayev,13,2,0,Dumanlı,0,49
Babək,1,2,0,Dumanlı,1,56
Babək,20,1,0,Açıq,0,73
Atatürk,13,1,0,Yağışlı,0,65
Rəşid Behbudov,22,1,0,Açıq,0,12
Rəşid Behbudov,23,0,0,Yağışlı,0,33
Rəşid Behbudov,17,1,0,Qarlı,0,100
Atatürk,19,0,0,Dumanlı,0,76
Heydər Əliyev,2,6,1,Yağışlı,0,43
Heydər Əliyev,23,2,0,Qarlı,0,54
Atatürk,20,6,1,Yağışlı,0,63
Heydər Əliyev,4,0,0,Dumanlı,0,20
Rəşid Behbudov,8,1,0,Açıq,1,86
Ziya Bünyadov,7,3,0,Dumanlı,0,100
İstiqlaliyyət,13,2,0,Açıq,0,39
Rəşid Behbudov,10,2,0,Yağışlı,0,69
Ziya Bünyadov,10,2,0,Dumanlı,0,68
Atatürk,4,0,0,Dumanlı,1,58
Qara Qarayev,12,0,0,Açıq,1,65
Atatürk,0,4,0,Açıq,0,29
Qara Qarayev,18,2,0,Yağışlı,1,100
Qara Qarayev,0,0,0,Açıq,0,21
Babək,13,4,0,Dumanlı,1,66
Qara Qarayev,1,5,1,Açıq,0,20
Zərdabi,22,6,1,Dumanlı,0,27
Ziya Bünyadov,21,0,0,Yağışlı,0,63
Babək,22,1,0,Dumanlı,0,30
Ziya Bünyadov,2,5,1,Qarlı,1,70
Atatürk,0,3,0,Qarlı,1,82
İstiqlaliyyət,2,0,0,Açıq,0,24
İstiqlaliyyət,21,3,0,Qarlı,0,47
Neftçilər,1,3,0,Açıq,1,39
Ziya Bünyadov,3,6,1,Dumanlı,0,35
Neftçilər,11,3,0,Qarlı,2,100
Tbilisi,14,0,0,Dumanlı,0,53
Zərdabi,3,2,0,Yağışlı,0,47
Heydər Əliyev,23,2,0,Açıq,2,47
Rəşid Behbudov,7,2,0,Qarlı,0,100
Babək,17,6,1,Yağışlı,1,63
Atatürk,0,2,0,Qarlı,2,92
Qara Qarayev,3,3,0,Dumanlı,0,37
İstiqlaliyyət,3,2,0,Açıq,0,22
İstiqlaliyyət,2,0,0,Yağışlı,1,75
Ziya Bünyadov,15,4,0,Qarlı,1,100
Heydər Əliyev,11,1,0,Dumanlı,0,57
Qara Qarayev,22,2,0,Yağışlı,0,47
Ziya Bünyadov,22,5,1,Açıq,0,23
Zərdabi,20,5,1,Dumanlı,0,54
Qara Qarayev,1,0,0,Dumanlı,0,40
Atatürk,17,0,0,Açıq,0,78
Rəşid Behbudov,7,2,0,Dumanlı,0,74
Atatürk,8,5,1,Yağışlı,2,97
Qara Qarayev,9,5,1,Dumanlı,1,78
İstiqlaliyyət,3,0,0,Qarlı,0,54
İstiqlaliyyət,15,5,1,Dumanlı,0,43
Zərdabi,10,2,0,Yağışlı,0,68
Atatürk,23,6,1,Dumanlı,0,37
Atatürk,22,2,0,Yağışlı,0,43
Rəşid Behbudov,4,0,0,Dumanlı,0,22
Atatürk,12,3,0,Qarlı,0,69
Zərdabi,23,2,0,Açıq,0,26
Zərdabi,21,1,0,Yağışlı,0,41
Neftçilər,13,3,0,Qarlı,1,94
Babək,12,3,0,Qarlı,0,62
Zərdabi,8,1,0,Açıq,1,94
Babək,0,0,0,Dumanlı,0,24
İstiqlaliyyət,16,4,0,Yağışlı,0,75
Tbilisi,15,2,0,Dumanlı,0,50
Neftçilər,3,6,1,Açıq,0,17
Ziya Bünyadov,3,5,1,Dumanlı,0,50
İstiqlaliyyət,22,1,0,Dumanlı,0,27
Neftçilər,11,5,1,Qarlı,0,92
İstiqlaliyyət,22,3,0,Yağışlı,0,53
Heydər Əliyev,14,2,0,Açıq,0,49
Atatürk,20,3,0,Açıq,0,54
Rəşid Behbudov,13,2,0,Dumanlı,0,58
Zərdabi,8,3,0,Dumanlı,0,65
Rəşid Behbudov,23,4,0,Dumanlı,2,84
Zərdabi,15,0,0,Dumanlı,0,62
Zərdabi,21,2,0,Qarlı,0,46
Heydər Əliyev,7,3,0,Dumanlı,1,100
Rəşid Behbudov,14,1,0,Dumanlı,0,54
Neftçilər,13,5,1,Qarlı,0,88
Atatürk,11,4,0,Dumanlı,0,43
Zərdabi,0,1,0,Qarlı,0,48
Ziya Bünyadov,13,1,0,Yağışlı,0,81
Babək,20,3,0,Qarlı,1,100
Neftçilər,2,1,0,Dumanlı,0,36
Rəşid Behbudov,11,5,1,Qarlı,0,82
Babək,6,1,0,Qarlı,0,51
Neftçilər,22,2,0,Açıq,0,29
Heydər Əliyev,14,3,0,Açıq,0,37
Atatürk,0,6,1,Qarlı,0,61
Qara Qarayev,22,1,0,Qarlı,0,43
Ziya Bünyadov,4,1,0,Açıq,0,27
Zərdabi,23,6,1,Dumanlı,0,31
Babək,15,6,1,Dumanlı,0,54
Heydər Əliyev,17,6,1,Açıq,0,26
Babək,20,2,0,Qarlı,1,100
Qara Qarayev,18,1,0,Dumanlı,0,94
İstiqlaliyyət,14,4,0,Qarlı,0,69
Ziya Bünyadov,7,5,1,Yağışlı,0,68
Heydər Əliyev,5,2,0,Yağışlı,1,56
Qara Qarayev,9,4,0,Dumanlı,1,91
Ziya Bünyadov,12,6,1,Açıq,0,53
Tbilisi,23,3,0,Açıq,0,18
Ziya Bünyadov,12,0,0,Yağışlı,0,64
Atatürk,11,3,0,Qarlı,0,69
Ziya Bünyadov,13,3,0,Açıq,0,63
Atatürk,10,6,1,Yağışlı,0,70
Zərdabi,13,2,0,Dumanlı,0,42
İstiqlaliyyət,11,2,0,Qarlı,1,90
İstiqlaliyyət,1,5,1,Açıq,0,17
Babək,20,3,0,Yağışlı,3,100
Atatürk,13,3,0,Açıq,2,74
İstiqlaliyyət,22,1,0,Açıq,0,12
Tbilisi,18,0,0,Dumanlı,0,97
Heydər Əliyev,11,3,0,Qarlı,3,100
Qara Qarayev,10,3,0,Qarlı,0,84
Tbilisi,16,6,1,Qarlı,0,74
Qara Qarayev,17,2,0,Dumanlı,0,92
Babək,0,0,0,Dumanlı,0,27
Heydər Əliyev,10,3,0,Açıq,0,38
İstiqlaliyyət,21,0,0,Yağışlı,1,68
Tbilisi,3,6,1,Açıq,0,24
Neftçilər,3,1,0,Yağışlı,1,53
İstiqlaliyyət,14,3,0,Dumanlı,0,53
Neftçilər,1,6,1,Yağışlı,1,66
Heydər Əliyev,5,1,0,Yağışlı,0,30
İstiqlaliyyət,0,3,0,Yağışlı,0,32
İstiqlaliyyət,19,4,0,Qarlı,0,97
Heydər Əliyev,11,5,1,Açıq,1,60
Ziya Bünyadov,0,3,0,Açıq,0,36
Neftçilər,17,5,1,Yağışlı,0,48
Ziya Bünyadov,12,2,0,Açıq,0,62
Neftçilər,2,0,0,Dumanlı,0,37
Atatürk,1,3,0,Yağışlı,0,53
Babək,3,1,0,Dumanlı,0,40
Qara Qarayev,22,5,1,Qarlı,0,68
Atatürk,13,1,0,Dumanlı,1,66
Heydər Əliyev,21,0,0,Yağışlı,0,34
Zərdabi,23,2,0,Dumanlı,0,29
Atatürk,23,1,0,Açıq,1,41
Ziya Bünyadov,2,3,0,Dumanlı,0,39
Rəşid Behbudov,12,6,1,Qarlı,0,71
Ziya Bünyadov,9,4,0,Dumanlı,0,74
Rəşid Behbudov,21,6,1,Yağışlı,0,42
Zərdabi,7,0,0,Yağışlı,0,76
Atatürk,22,0,0,Yağışlı,0,44
Atatürk,16,5,1,Dumanlı,0,68
Ziya Bünyadov,7,2,0,Qarlı,0,100
Babək,10,4,0,Dumanlı,0,70
Zərdabi,18,5,1,Açıq,0,35
Qara Qarayev,22,6,1,Açıq,0,21
Neftçilər,3,3,0,Yağışlı,0,52
Zərdabi,3,2,0,Açıq,0,12
Rəşid Behbudov,10,1,0,Açıq,0,34
Neftçilər,2,6,1,Dumanlı,2,66
Atatürk,21,2,0,Açıq,1,44
İstiqlaliyyət,18,1,0,Açıq,3,100
Neftçilər,13,6,1,Yağışlı,0,56
Rəşid Behbudov,22,5,1,Dumanlı,0,41
Atatürk,16,3,0,Yağışlı,0,62
Neftçilər,10,1,0,Yağışlı,1,85
Qara Qarayev,20,6,1,Açıq,0,47
Zərdabi,14,2,0,Qarlı,1,100
Zərdabi,20,4,0,Qarlı,0,100
Babək,20,5,1,Açıq,0,45
Ziya Bünyadov,4,3,0,Qarlı,0,60
Heydər Əliyev,1,1,0,Dumanlı,0,39
Ziya Bünyadov,0,5,1,Açıq,1,48
Neftçilər,14,6,1,Dumanlı,0,51
Qara Qarayev,5,6,1,Dumanlı,0,30
Babək,10,3,0,Qarlı,1,83
Heydər Əliyev,20,3,0,Qarlı,0,100
Neftçilər,7,3,0,Qarlı,0,100
Rəşid Behbudov,4,6,1,Açıq,0,11
Qara Qarayev,6,4,0,Dumanlı,0,32
Ziya Bünyadov,0,4,0,Açıq,0,27
Tbilisi,15,5,1,Qarlı,0,74
Atatürk,1,0,0,Yağışlı,2,83
Ziya Bünyadov,1,1,0,Yağışlı,0,49
Rəşid Behbudov,17,1,0,Açıq,0,72
Neftçilər,3,0,0,Qarlı,0,43
Babək,23,2,0,Dumanlı,1,47
İstiqlaliyyət,15,0,0,Dumanlı,0,46
Ziya Bünyadov,15,0,0,Dumanlı,0,54
Zərdabi,0,5,1,Yağışlı,1,53
Neftçilər,18,2,0,Dumanlı,2,100
Ziya Bünyadov,14,2,0,Açıq,0,49
Ziya Bünyadov,12,5,1,Yağışlı,0,67
Atatürk,15,0,0,Açıq,0,41
Tbilisi,3,0,0,Dumanlı,0,24
İstiqlaliyyət,22,3,0,Yağışlı,1,60
Qara Qarayev,20,6,1,Yağışlı,0,50
İstiqlaliyyət,4,0,0,Yağışlı,0,51
Zərdabi,19,2,0,Dumanlı,0,84
Zərdabi,7,0,0,Yağışlı,1,100
Qara Qarayev,10,5,1,Dumanlı,0,44
İstiqlaliyyət,2,2,0,Qarlı,0,46
Rəşid Behbudov,6,1,0,Yağışlı,0,47
Heydər Əliyev,16,6,1,Qarlı,0,81
İstiqlaliyyət,18,1,0,Dumanlı,0,76
İstiqlaliyyət,16,6,1,Dumanlı,1,68
Qara Qarayev,17,6,1,Qarlı,0,81
İstiqlaliyyət,22,1,0,Qarlı,0,46
Zərdabi,0,5,1,Yağışlı,1,58
Tbilisi,14,2,0,Açıq,0,39
Neftçilər,12,0,0,Qarlı,0,90
Atatürk,6,2,0,Yağışlı,1,61
Rəşid Behbudov,17,6,1,Dumanlı,0,42
Rəşid Behbudov,7,1,0,Açıq,0,66
Qara Qarayev,21,2,0,Yağışlı,0,35
Atatürk,14,1,0,Qarlı,1,83
İstiqlaliyyət,11,1,0,Qarlı,0,56
İstiqlaliyyət,2,2,0,Açıq,0,20
Babək,22,4,0,Açıq,1,32
Zərdabi,13,6,1,Qarlı,0,77
Tbilisi,2,0,0,Açıq,1,49
Heydər Əliyev,16,5,1,Yağışlı,1,76
Zərdabi,0,6,1,Açıq,0,19
Rəşid Behbudov,17,3,0,Açıq,0,74
Atatürk,0,3,0,Dumanlı,2,72
Heydər Əliyev,22,0,0,Yağışlı,0,38
Ziya Bünyadov,4,3,0,Qarlı,0,80
Heydər Əliyev,16,4,0,Açıq,0,41
Atatürk,9,3,0,Açıq,0,60
Rəşid Behbudov,4,1,0,Dumanlı,0,27
Babək,4,4,0,Açıq,0,16
Heydər Əliyev,2,1,0,Açıq,0,20
Qara Qarayev,19,6,1,Açıq,0,29
Qara Qarayev,7,0,0,Açıq,0,75
İstiqlaliyyət,1,3,0,Açıq,0,13
Rəşid Behbudov,3,6,1,Qarlı,0,59
Tbilisi,15,5,1,Qarlı,1,86
Heydər Əliyev,1,1,0,Yağışlı,0,55
Ziya Bünyadov,11,5,1,Yağışlı,1,83
Tbilisi,8,2,0,Yağışlı,1,100
Zərdabi,13,0,0,Qarlı,0,79
Qara Qarayev,8,6,1,Açıq,0,34
Tbilisi,16,1,0,Qarlı,0,64
Atatürk,0,6,1,Qarlı,0,52
Ziya Bünyadov,19,1,0,Dumanlı,0,87
Heydər Əliyev,13,3,0,Qarlı,0,66
Babək,15,2,0,Açıq,0,28
Rəşid Behbudov,17,6,1,Yağışlı,0,50
Babək,17,6,1,Dumanlı,1,67
Zərdabi,19,4,0,Qarlı,0,89
Heydər Əliyev,9,1,0,Qarlı,0,100
Rəşid Behbudov,18,3,0,Yağışlı,2,100
Qara Qarayev,21,2,0,Qarlı,0,67
Rəşid Behbudov,1,2,0,Açıq,1,38
Neftçilər,22,3,0,Qarlı,0,43
İstiqlaliyyət,17,4,0,Qarlı,0,100
Babək,5,4,0,Açıq,0,10
Babək,23,5,1,Açıq,1,48
Tbilisi,23,4,0,Yağışlı,0,52
Babək,18,4,0,Dumanlı,0,85
Heydər Əliyev,21,3,0,Yağışlı,0,40
Heydər Əliyev,13,2,0,Dumanlı,0,36
Babək,1,5,1,Qarlı,1,87
Qara Qarayev,9,4,0,Qarlı,0,100
Tbilisi,11,4,0,Açıq,1,53
Babək,13,0,0,Yağışlı,0,57
Tbilisi,13,2,0,Qarlı,0,75
Heydər Əliyev,18,4,0,Açıq,0,62
Qara Qarayev,14,2,0,Qarlı,0,64
Atatürk,15,0,0,Yağışlı,0,69
Qara Qarayev,12,0,0,Dumanlı,0,50
Tbilisi,6,5,1,Qarlı,0,54
Qara Qarayev,10,3,0,Yağışlı,0,61
Ziya Bünyadov,7,5,1,Açıq,0,58
İstiqlaliyyət,21,5,1,Qarlı,0,64
Babək,14,0,0,Dumanlı,0,39
Neftçilər,4,1,0,Qarlı,0,39
Atatürk,21,4,0,Dumanlı,1,54
İstiqlaliyyət,22,0,0,Dumanlı,0,40
Qara Qarayev,5,3,0,Qarlı,0,53
Babək,14,4,0,Dumanlı,0,49
Heydər Əliyev,11,0,0,Dumanlı,1,55
Heydər Əliyev,17,2,0,Qarlı,0,100
Zərdabi,16,5,1,Yağışlı,0,63
İstiqlaliyyət,22,1,0,Qarlı,0,48
Tbilisi,16,3,0,Dumanlı,0,39
Neftçilər,12,0,0,Yağışlı,0,65
Babək,18,0,0,Yağışlı,1,100
İstiqlaliyyət,11,2,0,Açıq,0,49
Tbilisi,11,2,0,Qarlı,0,60
İstiqlaliyyət,9,0,0,Yağışlı,0,94
Heydər Əliyev,0,4,0,Qarlı,1,55
Tbilisi,15,4,0,Dumanlı,0,71
Tbilisi,8,1,0,Yağışlı,1,100
Ziya Bünyadov,1,6,1,Dumanlı,0,31
Qara Qarayev,12,5,1,Dumanlı,0,72
Ziya Bünyadov,1,0,0,Yağışlı,1,69
Babək,0,1,0,Yağışlı,0,42
Babək,10,2,0,Açıq,0,38
Qara Qarayev,18,2,0,Açıq,0,62
Heydər Əliyev,23,6,1,Açıq,1,48
Rəşid Behbudov,8,0,0,Yağışlı,1,100
Atatürk,22,5,1,Yağışlı,0,31
Rəşid Behbudov,21,1,0,Yağışlı,0,42
Zərdabi,4,4,0,Açıq,0,10
Zərdabi,4,0,0,Yağışlı,0,34
Qara Qarayev,2,3,0,Qarlı,0,64
Tbilisi,9,1,0,Dumanlı,0,92
Tbilisi,0,6,1,Açıq,0,27
Qara Qarayev,6,1,0,Açıq,0,23
Zərdabi,23,3,0,Dumanlı,0,27
Zərdabi,22,4,0,Açıq,0,11
Heydər Əliyev,23,2,0,Yağışlı,0,26
İstiqlaliyyət,16,3,0,Dumanlı,0,52
Atatürk,7,0,0,Yağışlı,0,94
Neftçilər,15,4,0,Açıq,0,43
Heydər Əliyev,14,4,0,Dumanlı,0,72
Atatürk,23,0,0,Dumanlı,0,41
Zərdabi,22,5,1,Qarlı,0,57
Tbilisi,1,1,0,Dumanlı,0,27
Tbilisi,19,3,0,Yağışlı,0,73
Heydər Əliyev,7,2,0,Açıq,0,62
Babək,6,2,0,Yağışlı,0,30
Atatürk,16,6,1,Dumanlı,0,58
Babək,6,2,0,Açıq,0,17
Heydər Əliyev,7,2,0,Açıq,0,71
Ziya Bünyadov,2,4,0,Qarlı,1,75
Atatürk,17,0,0,Qarlı,0,99
Babək,7,3,0,Açıq,0,75
Ziya Bünyadov,5,4,0,Yağışlı,2,97
Tbilisi,15,6,1,Açıq,0,45
Rəşid Behbudov,13,2,0,Yağışlı,0,62
Neftçilər,12,1,0,Açıq,0,46
Babək,23,4,0,Yağışlı,0,42
Zərdabi,23,5,1,Yağışlı,1,59
Atatürk,3,0,0,Yağışlı,0,42
Tbilisi,4,0,0,Qarlı,2,93
Heydər Əliyev,17,0,0,Açıq,0,52
Zərdabi,15,5,1,Qarlı,0,76
Atatürk,4,3,0,Açıq,0,22
Heydər Əliyev,16,3,0,Açıq,0,58
Qara Qarayev,19,0,0,Yağışlı,0,100
Neftçilər,0,2,0,Yağışlı,0,39
Heydər Əliyev,9,1,0,Yağışlı,1,100
Rəşid Behbudov,17,2,0,Dumanlı,0,80
Tbilisi,3,3,0,Yağışlı,0,32
Rəşid Behbudov,13,2,0,Açıq,1,43
Babək,21,2,0,Yağışlı,0,32
Ziya Bünyadov,4,4,0,Açıq,1,37
Rəşid Behbudov,11,0,0,Açıq,0,34
Heydər Əliyev,3,0,0,Açıq,0,30
Tbilisi,7,6,1,Qarlı,0,68
İstiqlaliyyət,12,6,1,Dumanlı,0,45
Neftçilər,1,6,1,Açıq,1,35
Atatürk,21,3,0,Dumanlı,0,42
Atatürk,23,3,0,Açıq,0,19
Babək,10,6,1,Qarlı,0,55
Qara Qarayev,11,2,0,Açıq,0,31
Rəşid Behbudov,2,3,0,Qarlı,1,60
Zərdabi,0,3,0,Qarlı,0,41
Ziya Bünyadov,10,3,0,Yağışlı,0,54
Heydər Əliyev,10,2,0,Qarlı,1,97
Rəşid Behbudov,23,2,0,Dumanlı,0,40
Tbilisi,5,2,0,Açıq,0,22
Qara Qarayev,18,4,0,Açıq,0,58
Rəşid Behbudov,13,0,0,Qarlı,0,63
Neftçilər,15,4,0,Açıq,0,59
Ziya Bünyadov,1,1,0,Yağışlı,0,56
Zərdabi,5,6,1,Yağışlı,0,45
Atatürk,5,6,1,Yağışlı,0,40
Neftçilər,14,4,0,Dumanlı,0,48
Tbilisi,22,5,1,Yağışlı,1,52
Neftçilər,13,6,1,Yağışlı,1,73
Heydər Əliyev,15,3,0,Yağışlı,0,72
Qara Qarayev,13,4,0,Qarlı,2,100
Heydər Əliyev,21,4,0,Dumanlı,0,32
Atatürk,6,1,0,Qarlı,0,43
İstiqlaliyyət,15,4,0,Yağışlı,0,73
Qara Qarayev,1,4,0,Açıq,1,35
Rəşid Behbudov,12,6,1,Dumanlı,0,50
Heydər Əliyev,16,2,0,Qarlı,1,84
Rəşid Behbudov,5,3,0,Dumanlı,2,62
Zərdabi,2,6,1,Yağışlı,0,37
Heydər Əliyev,17,2,0,Dumanlı,0,93
Zərdabi,7,0,0,Açıq,0,63
Babək,20,6,1,Yağışlı,0,65
Tbilisi,2,4,0,Yağışlı,0,26
Tbilisi,15,6,1,Yağışlı,0,56
Ziya Bünyadov,4,5,1,Açıq,0,23
Tbilisi,18,0,0,Dumanlı,0,86
Babək,18,5,1,Dumanlı,2,94
Zərdabi,4,5,1,Yağışlı,0,41
İstiqlaliyyət,18,0,0,Qarlı,0,100
Neftçilər,17,5,1,Yağışlı,0,58
Babək,12,1,0,Açıq,0,40
Neftçilər,18,3,0,Dumanlı,0,72
Babək,16,1,0,Qarlı,0,75
Qara Qarayev,1,3,0,Yağışlı,0,42
Neftçilər,14,3,0,Dumanlı,0,54
Rəşid Behbudov,3,0,0,Yağışlı,0,27
Rəşid Behbudov,14,3,0,Açıq,0,24
Tbilisi,18,4,0,Dumanlı,0,83
Babək,12,2,0,Açıq,1,64
Babək,12,3,0,Açıq,0,29
Babək,5,1,0,Açıq,0,14
Zərdabi,14,2,0,Yağışlı,0,59
Neftçilər,19,4,0,Qarlı,0,97
Neftçilər,9,6,1,Qarlı,0,66
Heydər Əliyev,6,5,1,Qarlı,0,61
Qara Qarayev,13,6,1,Açıq,0,44
Qara Qarayev,5,0,0,Dumanlı,0,31
İstiqlaliyyət,11,3,0,Qarlı,0,68
Heydər Əliyev,3,4,0,Dumanlı,0,23
Heydər Əliyev,0,0,0,Dumanlı,0,34
Heydər Əliyev,12,4,0,Yağışlı,0,65
İstiqlaliyyət,9,5,1,Dumanlı,0,45
Ziya Bünyadov,7,3,0,Açıq,1,100
Ziya Bünyadov,21,1,0,Dumanlı,0,45
Qara Qarayev,22,1,0,Qarlı,0,46
Qara Qarayev,0,3,0,Yağışlı,0,46
Tbilisi,10,6,1,Qarlı,0,59
Rəşid Behbudov,4,1,0,Dumanlı,0,30
Atatürk,8,5,1,Qarlı,0,73
İstiqlaliyyət,3,2,0,Qarlı,0,55
İstiqlaliyyət,20,4,0,Yağışlı,1,100
Rəşid Behbudov,18,3,0,Qarlı,2,100
Atatürk,19,3,0,Qarlı,0,100
Neftçilər,18,5,1,Yağışlı,0,45
Zərdabi,20,5,1,Yağışlı,0,42
Atatürk,20,3,0,Qarlı,0,100
Atatürk,5,0,0,Yağışlı,1,55
Atatürk,6,4,0,Yağışlı,0,37
Qara Qarayev,12,0,0,Qarlı,0,76
Ziya Bünyadov,4,3,0,Qarlı,0,55
İstiqlaliyyət,17,4,0,Açıq,0,81
Babək,13,3,0,Qarlı,0,67
Ziya Bünyadov,19,3,0,Yağışlı,0,100
İstiqlaliyyət,21,2,0,Qarlı,0,51
Tbilisi,14,1,0,Qarlı,0,63
Heydər Əliyev,13,1,0,Yağışlı,0,60
Tbilisi,13,2,0,Yağışlı,1,100
İstiqlaliyyət,23,5,1,Dumanlı,0,27
Ziya Bünyadov,15,4,0,Qarlı,0,77
Qara Qarayev,1,5,1,Açıq,0,23
Qara Qarayev,0,4,0,Dumanlı,0,28
Tbilisi,17,3,0,Qarlı,2,100
Rəşid Behbudov,7,5,1,Dumanlı,0,33
Tbilisi,3,0,0,Qarlı,0,42
İstiqlaliyyət,7,6,1,Yağışlı,1,71
Babək,9,3,0,Dumanlı,0,82
Qara Qarayev,7,4,0,Qarlı,0,100
Rəşid Behbudov,9,1,0,Qarlı,0,100
Heydər Əliyev,17,1,0,Qarlı,0,90
Tbilisi,3,0,0,Açıq,0,14
Tbilisi,23,3,0,Dumanlı,0,36
Babək,16,0,0,Qarlı,0,64
Neftçilər,7,4,0,Açıq,1,80
Atatürk,3,1,0,Dumanlı,0,40
Rəşid Behbudov,3,3,0,Yağışlı,0,48
Ziya Bünyadov,23,0,0,Qarlı,0,56
Babək,4,2,0,Yağışlı,0,36
Zərdabi,11,2,0,Yağışlı,3,100
Qara Qarayev,2,6,1,Qarlı,0,59
Zərdabi,20,6,1,Qarlı,0,79
Neftçilər,6,3,0,Qarlı,0,40
İstiqlaliyyət,14,0,0,Yağışlı,0,69
Heydər Əliyev,21,5,1,Açıq,0,13
Heydər Əliyev,11,0,0,Qarlı,0,75
Heydər Əliyev,18,6,1,Yağışlı,0,59
Rəşid Behbudov,9,5,1,Dumanlı,0,45
Zərdabi,13,5,1,Dumanlı,0,52
Babək,14,3,0,Açıq,0,45
Atatürk,19,1,0,Yağışlı,1,100
Babək,3,2,0,Açıq,0,19
Babək,9,5,1,Qarlı,0,72
Zərdabi,12,2,0,Açıq,0,45
Atatürk,10,3,0,Qarlı,0,60
Tbilisi,9,3,0,Dumanlı,0,68
Tbilisi,5,5,1,Açıq,2,52
Atatürk,9,3,0,Açıq,0,72
Heydər Əliyev,8,3,0,Açıq,0,58
Qara Qarayev,7,2,0,Qarlı,0,100
Ziya Bünyadov,17,4,0,Açıq,0,80
Zərdabi,15,5,1,Yağışlı,0,64
Atatürk,16,5,1,Açıq,0,40
Babək,7,5,1,Yağışlı,0,70
Zərdabi,16,1,0,Yağışlı,0,61
İstiqlaliyyət,8,2,0,Qarlı,0,100
Heydər Əliyev,19,0,0,Qarlı,0,100
Atatürk,8,1,0,Açıq,0,76
Zərdabi,6,2,0,Açıq,0,12
Atatürk,12,0,0,Dumanlı,0,49
Tbilisi,11,1,0,Qarlı,0,77
Babək,2,5,1,Açıq,0,20
İstiqlaliyyət,19,4,0,Dumanlı,0,82
Neftçilər,18,4,0,Qarlı,0,100
Atatürk,0,3,0,Yağışlı,0,45
Qara Qarayev,11,4,0,Yağışlı,0,55
İstiqlaliyyət,15,4,0,Dumanlı,0,42
Neftçilər,20,1,0,Yağışlı,1,100
İstiqlaliyyət,19,1,0,Yağışlı,0,100
Neftçilər,8,2,0,Yağışlı,0,84
İstiqlaliyyət,11,1,0,Açıq,1,64
Tbilisi,12,5,1,Dumanlı,0,59
Zərdabi,12,3,0,Qarlı,1,94
İstiqlaliyyət,15,6,1,Yağışlı,0,71
Rəşid Behbudov,3,1,0,Açıq,2,58
Heydər Əliyev,19,4,0,Açıq,0,57
Rəşid Behbudov,15,3,0,Yağışlı,0,51
Rəşid Behbudov,22,4,0,Açıq,0,16
Rəşid Behbudov,10,6,1,Dumanlı,0,70
Tbilisi,10,2,0,Qarlı,0,84
Tbilisi,18,4,0,Qarlı,0,100
Heydər Əliyev,1,6,1,Açıq,0,20
İstiqlaliyyət,11,1,0,Yağışlı,0,55
Ziya Bünyadov,9,2,0,Yağışlı,0,98
Babək,14,6,1,Yağışlı,0,76
Rəşid Behbudov,17,1,0,Açıq,0,72
Ziya Bünyadov,6,5,1,Açıq,0,31
Tbilisi,21,3,0,Açıq,0,11
Neftçilər,18,0,0,Yağışlı,0,100
Ziya Bünyadov,17,4,0,Yağışlı,0,88
İstiqlaliyyət,17,0,0,Qarlı,0,100
Tbilisi,20,4,0,Yağışlı,0,80
Zərdabi,9,6,1,Qarlı,0,52
Babək,19,3,0,Açıq,0,67
Heydər Əliyev,8,1,0,Açıq,0,63
Atatürk,20,3,0,Açıq,0,73
İstiqlaliyyət,11,0,0,Açıq,0,35
Babək,17,0,0,Yağışlı,0,92
İstiqlaliyyət,18,1,0,Qarlı,0,96
Ziya Bünyadov,5,1,0,Qarlı,0,48
İstiqlaliyyət,1,4,0,Açıq,0,29
Tbilisi,2,0,0,Qarlı,0,49
Qara Qarayev,12,0,0,Açıq,0,40
Atatürk,6,3,0,Dumanlı,0,33
İstiqlaliyyət,2,4,0,Qarlı,0,59
Ziya Bünyadov,23,1,0,Yağışlı,1,79
Tbilisi,18,0,0,Yağışlı,0,94
Qara Qarayev,8,6,1,Qarlı,0,76
Atatürk,12,4,0,Yağışlı,0,54
Babək,14,3,0,Açıq,0,54
Ziya Bünyadov,10,3,0,Yağışlı,1,83
Neftçilər,17,4,0,Dumanlı,0,92
Babək,22,6,1,Dumanlı,0,34
Babək,14,4,0,Qarlı,0,71
Ziya Bünyadov,10,3,0,Yağışlı,0,59
İstiqlaliyyət,13,3,0,Yağışlı,0,65
Rəşid Behbudov,2,6,1,Qarlı,1,89
Babək,0,5,1,Qarlı,0,63
Atatürk,6,0,0,Açıq,0,23
Rəşid Behbudov,13,1,0,Açıq,0,38
Babək,18,1,0,Yağışlı,2,100
İstiqlaliyyət,5,6,1,Yağışlı,0,36
Heydər Əliyev,18,1,0,Dumanlı,2,100
Tbilisi,7,0,0,Yağışlı,0,96
Atatürk,3,4,0,Dumanlı,3,100
Rəşid Behbudov,8,6,1,Açıq,0,33
Rəşid Behbudov,18,0,0,Yağışlı,0,99
Neftçilər,5,2,0,Qarlı,0,50
Ziya Bünyadov,8,1,0,Dumanlı,0,100
Tbilisi,0,5,1,Qarlı,0,37
Neftçilər,6,4,0,Dumanlı,1,42
Babək,7,3,0,Yağışlı,0,92
Ziya Bünyadov,19,6,1,Yağışlı,1,94
Babək,15,0,0,Açıq,1,46
Qara Qarayev,0,5,1,Qarlı,0,57
Rəşid Behbudov,9,3,0,Açıq,0,78
Atatürk,9,1,0,Yağışlı,0,90
Tbilisi,17,6,1,Dumanlı,0,45
Ziya Bünyadov,5,4,0,Dumanlı,0,39
Rəşid Behbudov,23,0,0,Yağışlı,0,37
Ziya Bünyadov,20,3,0,Dumanlı,0,92
Qara Qarayev,22,3,0,Yağışlı,0,31
Tbilisi,9,0,0,Yağışlı,0,90
Atatürk,17,4,0,Açıq,1,95
Atatürk,16,5,1,Yağışlı,0,45
Qara Qarayev,17,3,0,Qarlı,0,100
Babək,2,0,0,Qarlı,1,67
Zərdabi,1,3,0,Yağışlı,0,34
Rəşid Behbudov,12,6,1,Açıq,1,62
Atatürk,15,1,0,Yağışlı,1,80
Qara Qarayev,2,6,1,Qarlı,0,52
Babək,23,3,0,Açıq,0,16
Babək,12,0,0,Yağışlı,0,71
Zərdabi,20,0,0,Açıq,0,59
Zərdabi,20,2,0,Dumanlı,0,76
Neftçilər,4,4,0,Yağışlı,0,47
Neftçilər,4,6,1,Yağışlı,0,49
Tbilisi,17,2,0,Açıq,0,70
Heydər Əliyev,21,1,0,Qarlı,0,36
Heydər Əliyev,0,1,0,Qarlı,0,38
Babək,10,3,0,Yağışlı,0,70
Heydər Əliyev,18,4,0,Dumanlı,1,100
Qara Qarayev,1,1,0,Qarlı,0,41
Zərdabi,23,6,1,Dumanlı,0,25
İstiqlaliyyət,8,5,1,Dumanlı,0,55
Rəşid Behbudov,13,2,0,Yağışlı,0,61
Tbilisi,15,1,0,Yağışlı,0,58
Neftçilər,6,4,0,Qarlı,0,55
Rəşid Behbudov,15,3,0,Qarlı,0,58
Atatürk,11,0,0,Yağışlı,0,44
Ziya Bünyadov,14,3,0,Qarlı,1,96
İstiqlaliyyət,8,6,1,Açıq,0,38
Neftçilər,22,5,1,Dumanlı,0,43
Tbilisi,14,1,0,Qarlı,0,92
Heydər Əliyev,13,6,1,Qarlı,0,76
Atatürk,2,6,1,Açıq,0,25
Neftçilər,9,0,0,Qarlı,0,100
Zərdabi,14,3,0,Qarlı,0,61
Tbilisi,21,2,0,Qarlı,0,42
Babək,11,5,1,Açıq,0,57
Heydər Əliyev,23,1,0,Açıq,1,46
İstiqlaliyyət,10,5,1,Açıq,0,44
Rəşid Behbudov,17,1,0,Qarlı,0,90
Tbilisi,2,6,1,Dumanlı,0,43
Ziya Bünyadov,22,1,0,Yağışlı,0,48
Babək,16,5,1,Dumanlı,0,61
Zərdabi,2,2,0,Qarlı,0,63
Neftçilər,3,3,0,Qarlı,2,93
Heydər Əliyev,15,0,0,Qarlı,0,76
Babək,5,0,0,Dumanlı,1,50
Heydər Əliyev,6,5,1,Qarlı,0,57
Heydər Əliyev,19,6,1,Açıq,1,56
Neftçilər,9,6,1,Dumanlı,0,34
Zərdabi,2,4,0,Açıq,0,15
Atatürk,20,1,0,Yağışlı,1,100
Babək,16,1,0,Dumanlı,0,49
Ziya Bünyadov,0,4,0,Dumanlı,2,81
Tbilisi,23,6,1,Yağışlı,0,46
Ziya Bünyadov,20,4,0,Açıq,0,84
Ziya Bünyadov,1,0,0,Açıq,1,62
Heydər Əliyev,14,0,0,Qarlı,0,76
Ziya Bünyadov,0,2,0,Açıq,0,23
Ziya Bünyadov,19,5,1,Dumanlı,0,48
İstiqlaliyyət,10,2,0,Yağışlı,0,65
Zərdabi,23,4,0,Dumanlı,2,87
Qara Qarayev,16,0,0,Açıq,0,47
Qara Qarayev,3,5,1,Dumanlı,0,31
Qara Qarayev,9,4,0,Açıq,0,59
Tbilisi,9,3,0,Yağışlı,0,100
Ziya Bünyadov,15,2,0,Yağışlı,0,69
Qara Qarayev,11,1,0,Açıq,0,38
İstiqlaliyyət,2,6,1,Dumanlı,0,43
Rəşid Behbudov,2,6,1,Yağışlı,0,40
Atatürk,4,2,0,Yağışlı,0,43
Babək,21,1,0,Açıq,2,66
Neftçilər,13,1,0,Dumanlı,0,37
Ziya Bünyadov,0,1,0,Yağışlı,0,63
Rəşid Behbudov,14,3,0,Qarlı,0,81
Qara Qarayev,9,1,0,Qarlı,0,100
Babək,16,2,0,Yağışlı,1,65
Ziya Bünyadov,10,5,1,Açıq,0,59
Ziya Bünyadov,10,1,0,Qarlı,0,95
Ziya Bünyadov,0,2,0,Dumanlı,0,43
Qara Qarayev,11,2,0,Dumanlı,0,44
İstiqlaliyyət,13,6,1,Qarlı,0,78
Neftçilər,0,5,1,Dumanlı,1,47
Rəşid Behbudov,14,6,1,Açıq,0,54
Tbilisi,16,4,0,Qarlı,0,74
Tbilisi,3,4,0,Dumanlı,0,33
Heydər Əliyev,12,5,1,Qarlı,0,79
Tbilisi,15,1,0,Açıq,1,71
Babək,10,2,0,Qarlı,0,72
Neftçilər,0,3,0,Açıq,1,52
Neftçilər,6,0,0,Yağışlı,1,64
Atatürk,9,5,1,Yağışlı,0,55
İstiqlaliyyət,9,3,0,Dumanlı,0,90
Heydər Əliyev,15,3,0,Dumanlı,0,60
Tbilisi,19,6,1,Açıq,0,48
Ziya Bünyadov,6,6,1,Qarlı,0,61
Qara Qarayev,10,6,1,Yağışlı,1,87
Atatürk,14,1,0,Dumanlı,0,51
Ziya Bünyadov,15,2,0,Qarlı,1,91
İstiqlaliyyət,13,1,0,Yağışlı,1,73
Atatürk,18,6,1,Yağışlı,1,94
Babək,4,3,0,Yağışlı,0,45
Rəşid Behbudov,6,6,1,Açıq,0,10
Neftçilər,5,2,0,Dumanlı,0,38
Zərdabi,5,1,0,Dumanlı,0,38
Qara Qarayev,23,0,0,Yağışlı,0,35
Neftçilər,17,0,0,Yağışlı,0,75
Qara Qarayev,19,1,0,Yağışlı,1,100
Tbilisi,17,4,0,Yağışlı,0,94
Ziya Bünyadov,14,6,1,Dumanlı,0,68
Babək,13,0,0,Qarlı,0,88
Neftçilər,8,3,0,Qarlı,0,94
Ziya Bünyadov,15,4,0,Açıq,0,43
Heydər Əliyev,5,6,1,Dumanlı,0,39
Rəşid Behbudov,10,3,0,Qarlı,0,72
Qara Qarayev,20,2,0,Yağışlı,0,91
Babək,12,4,0,Yağışlı,0,49
İstiqlaliyyət,21,4,0,Yağışlı,0,47
Neftçilər,9,2,0,Açıq,0,74
Zərdabi,16,6,1,Açıq,0,30
Ziya Bünyadov,21,1,0,Açıq,1,40
Neftçilər,22,0,0,Qarlı,0,61
Atatürk,2,5,1,Yağışlı,0,40
Zərdabi,18,2,0,Qarlı,0,100
Neftçilər,5,5,1,Açıq,0,26
Tbilisi,22,2,0,Açıq,0,16
Ziya Bünyadov,3,2,0,Yağışlı,0,57
Tbilisi,16,5,1,Açıq,0,51
Babək,11,0,0,Dumanlı,0,49
Tbilisi,10,2,0,Qarlı,0,75
Heydər Əliyev,5,0,0,Dumanlı,0,39
Zərdabi,16,2,0,Açıq,0,31
Zərdabi,6,5,1,Dumanlı,0,24
İstiqlaliyyət,13,0,0,Dumanlı,0,56
Rəşid Behbudov,23,0,0,Dumanlı,0,25
Rəşid Behbudov,16,5,1,Dumanlı,0,44
Zərdabi,8,1,0,Açıq,0,67
Atatürk,1,6,1,Qarlı,0,57
Rəşid Behbudov,22,0,0,Açıq,1,44
Heydər Əliyev,4,1,0,Dumanlı,0,24
Ziya Bünyadov,18,4,0,Qarlı,0,100
Atatürk,5,1,0,Açıq,0,30
İstiqlaliyyət,20,5,1,Yağışlı,0,54
Tbilisi,6,4,0,Açıq,0,19
Neftçilər,19,1,0,Dumanlı,1,100
Zərdabi,23,1,0,Dumanlı,0,37
Rəşid Behbudov,23,2,0,Dumanlı,0,35
Ziya Bünyadov,2,6,1,Açıq,0,37
Neftçilər,4,3,0,Qarlı,1,82
İstiqlaliyyət,22,5,1,Yağışlı,0,38
Babək,20,6,1,Yağışlı,0,59
Qara Qarayev,20,3,0,Açıq,0,64
Neftçilər,5,3,0,Dumanlı,0,38
İstiqlaliyyət,11,0,0,Yağışlı,1,75
Babək,7,1,0,Qarlı,2,100
Zərdabi,1,1,0,Yağışlı,0,27
Rəşid Behbudov,2,1,0,Açıq,0,25
İstiqlaliyyət,1,6,1,Qarlı,0,55
Neftçilər,10,1,0,Yağışlı,0,65
Babək,17,0,0,Dumanlı,1,100
Ziya Bünyadov,10,2,0,Açıq,0,49
Atatürk,23,4,0,Qarlı,0,53
Zərdabi,11,2,0,Yağışlı,0,67
Babək,2,6,1,Qarlı,0,52
Zərdabi,11,0,0,Dumanlı,0,39
Neftçilər,2,1,0,Yağışlı,0,51
Zərdabi,5,5,1,Yağışlı,1,67
Qara Qarayev,8,1,0,Qarlı,0,100
Qara Qarayev,10,4,0,Yağışlı,0,66
Ziya Bünyadov,21,5,1,Açıq,0,21
Zərdabi,4,1,0,Qarlı,0,69
Qara Qarayev,14,5,1,Qarlı,0,56
Zərdabi,9,1,0,Dumanlı,0,76
Qara Qarayev,18,3,0,Qarlı,1,100
Zərdabi,19,4,0,Dumanlı,0,65
İstiqlaliyyət,17,1,0,Dumanlı,0,95
Rəşid Behbudov,15,6,1,Açıq,2,90
Qara Qarayev,6,1,0,Dumanlı,2,70
Ziya Bünyadov,2,2,0,Dumanlı,0,39
Zərdabi,18,1,0,Dumanlı,0,80
Babək,14,1,0,Dumanlı,0,42
Rəşid Behbudov,23,3,0,Qarlı,0,38
Babək,7,1,0,Açıq,0,62
Ziya Bünyadov,13,4,0,Açıq,0,56
Babək,23,6,1,Açıq,0,23
İstiqlaliyyət,3,2,0,Dumanlı,0,23
Ziya Bünyadov,0,2,0,Yağışlı,1,61
Babək,20,5,1,Dumanlı,0,54
Atatürk,10,4,0,Dumanlı,0,46
Ziya Bünyadov,21,6,1,Dumanlı,0,49
Atatürk,23,2,0,Qarlı,0,66
Heydər Əliyev,10,6,1,Qarlı,0,72
Heydər Əliyev,22,0,0,Qarlı,0,46
Heydər Əliyev,12,1,0,Yağışlı,0,50
Ziya Bünyadov,13,0,0,Qarlı,1,100
Neftçilər,23,1,0,Dumanlı,0,45
Ziya Bünyadov,4,6,1,Açıq,0,38
Qara Qarayev,14,2,0,Yağışlı,0,61
Babək,9,6,1,Dumanlı,1,66
Rəşid Behbudov,19,6,1,Yağışlı,1,76
Tbilisi,16,1,0,Açıq,0,32
İstiqlaliyyət,7,4,0,Qarlı,1,100
Neftçilər,11,5,1,Qarlı,0,78
Ziya Bünyadov,14,6,1,Açıq,0,65
Neftçilər,12,5,1,Açıq,0,31
Rəşid Behbudov,23,4,0,Dumanlı,1,49
Babək,8,3,0,Açıq,0,61
Zərdabi,15,4,0,Açıq,0,30
Babək,15,6,1,Yağışlı,0,77
Zərdabi,10,2,0,Yağışlı,0,73
Atatürk,15,6,1,Yağışlı,0,51
Rəşid Behbudov,22,0,0,Dumanlı,0,25
Qara Qarayev,11,5,1,Yağışlı,0,64
Qara Qarayev,6,6,1,Qarlı,1,76
Heydər Əliyev,9,2,0,Açıq,0,68
Neftçilər,13,4,0,Qarlı,0,80
Atatürk,5,4,0,Yağışlı,0,39
Rəşid Behbudov,17,0,0,Dumanlı,0,64
Qara Qarayev,11,4,0,Yağışlı,0,74
Rəşid Behbudov,2,3,0,Qarlı,0,56
Atatürk,1,5,1,Açıq,1,31
Heydər Əliyev,16,0,0,Dumanlı,0,46
Rəşid Behbudov,13,0,0,Yağışlı,0,49
Rəşid Behbudov,0,6,1,Qarlı,0,37
Rəşid Behbudov,8,0,0,Dumanlı,0,83
Atatürk,3,2,0,Yağışlı,1,61
Babək,8,6,1,Qarlı,0,60
Ziya Bünyadov,12,4,0,Dumanlı,0,69
Heydər Əliyev,20,3,0,Açıq,0,71
Ziya Bünyadov,4,0,0,Dumanlı,0,47
Zərdabi,18,2,0,Dumanlı,0,86
Zərdabi,9,2,0,Yağışlı,0,86
Qara Qarayev,3,0,0,Dumanlı,3,99
Zərdabi,7,3,0,Açıq,0,52
Tbilisi,1,6,1,Açıq,0,22
Heydər Əliyev,17,4,0,Qarlı,1,100
Rəşid Behbudov,19,1,0,Açıq,0,69
Atatürk,22,0,0,Yağışlı,0,30
Rəşid Behbudov,22,1,0,Açıq,0,30
Tbilisi,4,4,0,Yağışlı,0,31
Neftçilər,19,3,0,Yağışlı,0,91
Neftçilər,5,5,1,Dumanlı,2,68
Ziya Bünyadov,23,4,0,Yağışlı,0,46
Tbilisi,8,6,1,Qarlı,0,65
Ziya Bünyadov,7,2,0,Qarlı,0,100
Babək,18,4,0,Yağışlı,0,100
Qara Qarayev,7,4,0,Yağışlı,0,89
Heydər Əliyev,2,2,0,Yağışlı,0,32
Rəşid Behbudov,9,4,0,Qarlı,0,100
Tbilisi,23,1,0,Dumanlı,0,34
Qara Qarayev,23,4,0,Açıq,0,29
Neftçilər,5,0,0,Dumanlı,0,35
Atatürk,3,5,1,Dumanlı,0,38
Neftçilər,8,2,0,Açıq,0,64
İstiqlaliyyət,6,2,0,Qarlı,0,52
İstiqlaliyyət,10,1,0,Açıq,0,36
Heydər Əliyev,18,6,1,Açıq,0,44
Heydər Əliyev,19,4,0,Dumanlı,1,100
İstiqlaliyyət,9,6,1,Yağışlı,0,49
Qara Qarayev,6,3,0,Açıq,0,17
Babək,19,0,0,Açıq,0,76
Babək,21,6,1,Yağışlı,0,43
İstiqlaliyyət,14,6,1,Yağışlı,0,63
Babək,18,5,1,Açıq,0,42
Babək,7,2,0,Yağışlı,0,68
Atatürk,21,2,0,Yağışlı,1,71
Atatürk,6,5,1,Yağışlı,0,45
Zərdabi,3,1,0,Qarlı,0,52
İstiqlaliyyət,20,0,0,Qarlı,0,94
Zərdabi,0,2,0,Açıq,0,24
Babək,15,5,1,Yağışlı,1,80
Babək,16,3,0,Qarlı,0,56
Atatürk,18,0,0,Dumanlı,0,74
Ziya Bünyadov,13,1,0,Qarlı,0,97
Rəşid Behbudov,2,1,0,Dumanlı,0,38
Neftçilər,19,2,0,Dumanlı,0,75
Zərdabi,5,6,1,Yağışlı,0,30
Tbilisi,4,5,1,Dumanlı,0,32
Atatürk,7,3,0,Yağışlı,2,100
Atatürk,1,5,1,Yağışlı,1,61
İstiqlaliyyət,14,0,0,Qarlı,0,75
Atatürk,18,0,0,Yağışlı,0,84
Qara Qarayev,7,5,1,Dumanlı,0,45
Heydər Əliyev,1,3,0,Açıq,1,47
Zərdabi,15,2,0,Yağışlı,0,67
Ziya Bünyadov,12,2,0,Qarlı,0,65
Tbilisi,5,4,0,Yağışlı,0,36
Heydər Əliyev,5,2,0,Qarlı,0,50
Tbilisi,20,6,1,Dumanlı,0,53
Atatürk,23,4,0,Qarlı,0,55
Babək,23,2,0,Yağışlı,0,34
Babək,0,1,0,Dumanlı,1,55
Ziya Bünyadov,3,1,0,Yağışlı,0,44
Rəşid Behbudov,9,4,0,Yağışlı,0,98
Heydər Əliyev,3,2,0,Yağışlı,0,54
İstiqlaliyyət,15,6,1,Dumanlı,0,53
Rəşid Behbudov,23,5,1,Dumanlı,0,39
Atatürk,1,6,1,Yağışlı,0,39
İstiqlaliyyət,10,1,0,Dumanlı,0,33
Babək,3,5,1,Yağışlı,0,28
Atatürk,16,5,1,Açıq,0,52
Neftçilər,2,4,0,Dumanlı,0,23
Neftçilər,21,3,0,Dumanlı,0,31
Neftçilər,14,2,0,Yağışlı,0,65
Heydər Əliyev,19,0,0,Açıq,0,78
Ziya Bünyadov,13,0,0,Açıq,0,53
Tbilisi,4,0,0,Qarlı,2,89
Qara Qarayev,5,5,1,Dumanlı,0,36
Tbilisi,2,0,0,Dumanlı,0,25
İstiqlaliyyət,17,0,0,Açıq,1,91
Rəşid Behbudov,9,0,0,Yağışlı,0,82
Babək,17,4,0,Qarlı,0,100
Ziya Bünyadov,13,6,1,Yağışlı,0,62
Atatürk,23,2,0,Qarlı,2,93
Heydər Əliyev,6,1,0,Dumanlı,1,58
Neftçilər,1,5,1,Dumanlı,0,24
Babək,13,3,0,Açıq,0,46
Tbilisi,2,1,0,Açıq,0,14
Ziya Bünyadov,19,4,0,Yağışlı,0,100
Heydər Əliyev,21,4,0,Dumanlı,0,22
Tbilisi,10,1,0,Dumanlı,0,60
Tbilisi,9,0,0,Yağışlı,2,100
Qara Qarayev,9,3,0,Dumanlı,1,96
İstiqlaliyyət,12,5,1,Yağışlı,0,65
Heydər Əliyev,14,1,0,Açıq,0,44
Ziya Bünyadov,20,3,0,Qarlı,0,97
Heydər Əliyev,2,1,0,Qarlı,0,48
Rəşid Behbudov,12,5,1,Açıq,1,43
Tbilisi,4,0,0,Yağışlı,0,43
İstiqlaliyyət,18,5,1,Yağışlı,0,54
Qara Qarayev,16,4,0,Yağışlı,0,61
Heydər Əliyev,13,3,0,Dumanlı,0,64
Atatürk,16,1,0,Qarlı,0,67
İstiqlaliyyət,9,6,1,Açıq,0,36
Tbilisi,3,3,0,Yağışlı,0,44
Atatürk,1,1,0,Qarlı,0,45
Neftçilər,4,5,1,Açıq,0,16
Atatürk,6,2,0,Yağışlı,0,33
Atatürk,9,5,1,Yağışlı,1,73
Rəşid Behbudov,9,1,0,Açıq,0,70
Ziya Bünyadov,6,6,1,Qarlı,1,65
Qara Qarayev,13,5,1,Yağışlı,1,75
Heydər Əliyev,19,3,0,Qarlı,0,100
İstiqlaliyyət,7,1,0,Qarlı,0,95
Tbilisi,19,5,1,Qarlı,0,65
Qara Qarayev,7,3,0,Qarlı,0,91
Neftçilər,14,1,0,Dumanlı,0,47
Tbilisi,20,0,0,Açıq,0,68
İstiqlaliyyət,23,3,0,Açıq,0,17
Tbilisi,3,4,0,Yağışlı,0,48
Rəşid Behbudov,1,6,1,Dumanlı,0,34
Qara Qarayev,19,4,0,Qarlı,1,100
İstiqlaliyyət,4,3,0,Qarlı,0,55
Rəşid Behbudov,11,2,0,Yağışlı,0,58
Qara Qarayev,1,1,0,Açıq,0,16
Heydər Əliyev,10,4,0,Yağışlı,0,56
Babək,17,5,1,Dumanlı,1,76
İstiqlaliyyət,20,4,0,Yağışlı,0,84
İstiqlaliyyət,5,4,0,Açıq,0,10
Ziya Bünyadov,5,4,0,Açıq,0,30
Rəşid Behbudov,2,3,0,Açıq,0,17
Qara Qarayev,20,4,0,Yağışlı,1,100
Zərdabi,23,5,1,Qarlı,1,64
Tbilisi,7,4,0,Qarlı,1,100
Ziya Bünyadov,12,5,1,Qarlı,0,84
Neftçilər,2,1,0,Açıq,0,29
İstiqlaliyyət,21,0,0,Dumanlı,1,48
Atatürk,8,1,0,Qarlı,0,100
Ziya Bünyadov,5,1,0,Qarlı,0,79
Ziya Bünyadov,2,2,0,Yağışlı,0,50
Ziya Bünyadov,5,1,0,Yağışlı,0,55
Neftçilər,0,3,0,Yağışlı,0,40
Tbilisi,15,2,0,Dumanlı,0,35
Heydər Əliyev,11,0,0,Dumanlı,1,57
Zərdabi,11,0,0,Açıq,0,31
İstiqlaliyyət,16,0,0,Açıq,2,68
Heydər Əliyev,1,6,1,Dumanlı,0,25
İstiqlaliyyət,16,2,0,Dumanlı,0,40
Ziya Bünyadov,6,1,0,Yağışlı,0,54
İstiqlaliyyət,17,1,0,Yağışlı,0,99
İstiqlaliyyət,3,4,0,Yağışlı,0,37
İstiqlaliyyət,9,4,0,Dumanlı,0,76
Ziya Bünyadov,13,3,0,Dumanlı,0,61
Babək,4,2,0,Qarlı,0,43
Atatürk,0,4,0,Açıq,0,21
Neftçilər,23,2,0,Qarlı,1,61
Neftçilər,17,0,0,Qarlı,0,100
Tbilisi,14,0,0,Dumanlı,0,46
Babək,23,4,0,Dumanlı,0,40
İstiqlaliyyət,0,1,0,Dumanlı,0,36
Ziya Bünyadov,13,0,0,Dumanlı,0,46
Rəşid Behbudov,23,0,0,Dumanlı,0,42
İstiqlaliyyət,12,5,1,Yağışlı,0,47
Babək,9,2,0,Yağışlı,0,72
Neftçilər,8,5,1,Qarlı,1,100
Rəşid Behbudov,18,5,1,Yağışlı,0,53
Rəşid Behbudov,17,5,1,Qarlı,0,77
Atatürk,0,2,0,Qarlı,0,40
Ziya Bünyadov,8,2,0,Açıq,0,78
Atatürk,7,3,0,Açıq,0,70
Rəşid Behbudov,22,1,0,Açıq,0,14
Atatürk,17,3,0,Yağışlı,1,100
İstiqlaliyyət,19,3,0,Dumanlı,0,91
Tbilisi,5,6,1,Açıq,0,22
Rəşid Behbudov,10,0,0,Yağışlı,0,47
Heydər Əliyev,15,2,0,Dumanlı,1,60
Heydər Əliyev,14,0,0,Qarlı,0,72
Atatürk,11,6,1,Qarlı,2,100
Tbilisi,13,6,1,Qarlı,0,63
Qara Qarayev,9,1,0,Yağışlı,0,95
Rəşid Behbudov,17,5,1,Açıq,0,37
Rəşid Behbudov,10,3,0,Dumanlı,0,40
Neftçilər,16,6,1,Açıq,0,47
Qara Qarayev,14,3,0,Qarlı,0,62
Atatürk,13,6,1,Yağışlı,0,54
İstiqlaliyyət,0,4,0,Açıq,0,16
Babək,5,3,0,Açıq,0,24
Zərdabi,4,2,0,Yağışlı,0,48
Rəşid Behbudov,12,3,0,Yağışlı,0,46
Qara Qarayev,12,2,0,Yağışlı,0,63
İstiqlaliyyət,3,5,1,Yağışlı,0,35
Qara Qarayev,10,4,0,Yağışlı,0,53
Neftçilər,1,0,0,Dumanlı,0,27
İstiqlaliyyət,17,4,0,Qarlı,0,100
Tbilisi,11,2,0,Yağışlı,0,58
Qara Qarayev,15,6,1,Qarlı,0,78
Tbilisi,3,4,0,Dumanlı,0,32
Qara Qarayev,8,0,0,Qarlı,0,100
İstiqlaliyyət,15,5,1,Açıq,1,47
İstiqlaliyyət,2,6,1,Dumanlı,0,34
Qara Qarayev,11,2,0,Dumanlı,1,87
Neftçilər,15,0,0,Dumanlı,0,56
İstiqlaliyyət,6,3,0,Açıq,0,26
Zərdabi,16,2,0,Yağışlı,0,71
İstiqlaliyyət,3,0,0,Yağışlı,0,37
İstiqlaliyyət,12,4,0,Yağışlı,0,51
Ziya Bünyadov,8,6,1,Dumanlı,0,51
Zərdabi,10,3,0,Açıq,0,30
Zərdabi,15,1,0,Dumanlı,0,61
Heydər Əliyev,6,4,0,Yağışlı,0,37
Atatürk,18,4,0,Açıq,0,69
Babək,20,2,0,Dumanlı,0,82
Heydər Əliyev,15,5,1,Qarlı,0,71
İstiqlaliyyət,2,6,1,Açıq,0,21
Zərdabi,11,5,1,Dumanlı,0,58
Tbilisi,7,4,0,Dumanlı,0,85
Neftçilər,2,1,0,Açıq,0,17
Neftçilər,22,2,0,Qarlı,0,66
Ziya Bünyadov,16,3,0,Qarlı,0,69
Rəşid Behbudov,19,3,0,Dumanlı,0,83
Rəşid Behbudov,15,6,1,Qarlı,0,52
Ziya Bünyadov,18,0,0,Açıq,0,72
Heydər Əliyev,2,6,1,Yağışlı,0,42
Babək,9,3,0,Yağışlı,0,92
Tbilisi,12,1,0,Yağışlı,0,62
Rəşid Behbudov,20,5,1,Dumanlı,0,41
Atatürk,2,3,0,Yağışlı,0,46
Zərdabi,7,5,1,Dumanlı,0,51
Tbilisi,4,0,0,Açıq,0,25
Zərdabi,12,2,0,Dumanlı,0,53
Rəşid Behbudov,19,1,0,Dumanlı,0,100
Tbilisi,20,6,1,Açıq,0,47
Ziya Bünyadov,22,5,1,Açıq,0,27
Heydər Əliyev,19,2,0,Qarlı,0,100
Tbilisi,20,4,0,Yağışlı,0,76
Babək,4,4,0,Dumanlı,0,27
Heydər Əliyev,21,0,0,Dumanlı,0,35
İstiqlaliyyət,17,4,0,Qarlı,0,100
Rəşid Behbudov,17,5,1,Açıq,1,45
Zərdabi,15,2,0,Dumanlı,1,66
Babək,12,6,1,Qarlı,0,58
Heydər Əliyev,5,0,0,Yağışlı,1,65
Rəşid Behbudov,6,3,0,Qarlı,0,54
Tbilisi,2,5,1,Açıq,0,12
Atatürk,18,3,0,Qarlı,0,100
Babək,17,2,0,Dumanlı,0,75
Zərdabi,13,5,1,Yağışlı,0,72
Tbilisi,12,0,0,Qarlı,0,97
Heydər Əliyev,9,1,0,Qarlı,0,100
Tbilisi,15,4,0,Açıq,0,30
Heydər Əliyev,21,0,0,Qarlı,0,62
Tbilisi,3,6,1,Yağışlı,0,34
Babək,21,6,1,Dumanlı,0,39
Zərdabi,22,1,0,Dumanlı,0,26
Neftçilər,8,3,0,Yağışlı,1,100
Qara Qarayev,5,2,0,Dumanlı,0,43
Neftçilər,6,4,0,Yağışlı,0,46
Qara Qarayev,20,0,0,Qarlı,1,100
Heydər Əliyev,7,1,0,Qarlı,0,100
Rəşid Behbudov,2,0,0,Yağışlı,1,69
Heydər Əliyev,22,0,0,Yağışlı,0,29
Zərdabi,1,3,0,Açıq,0,25
Zərdabi,16,2,0,Qarlı,1,87
İstiqlaliyyət,3,1,0,Dumanlı,2,88
Heydər Əliyev,12,2,0,Açıq,0,29
Babək,19,6,1,Açıq,0,26
Heydər Əliyev,3,0,0,Qarlı,1,72
Heydər Əliyev,14,0,0,Yağışlı,0,66
Neftçilər,7,2,0,Dumanlı,0,80
Babək,8,3,0,Dumanlı,0,67
Neftçilər,6,6,1,Yağışlı,0,49
Neftçilər,1,2,0,Yağışlı,0,39
Qara Qarayev,2,6,1,Dumanlı,0,38
Neftçilər,17,0,0,Qarlı,0,96
Babək,11,2,0,Qarlı,0,63
Rəşid Behbudov,7,0,0,Dumanlı,0,82
Neftçilər,9,3,0,Qarlı,0,100
Atatürk,21,3,0,Yağışlı,0,42
Qara Qarayev,16,1,0,Dumanlı,0,58
Qara Qarayev,12,4,0,Yağışlı,0,57
Tbilisi,14,1,0,Yağışlı,1,95
Atatürk,3,4,0,Qarlı,0,43
Heydər Əliyev,14,6,1,Açıq,0,26
Tbilisi,19,4,0,Dumanlı,0,72
Qara Qarayev,16,3,0,Qarlı,1,97
Rəşid Behbudov,12,6,1,Qarlı,0,73
Rəşid Behbudov,19,0,0,Açıq,0,63
Rəşid Behbudov,13,6,1,Dumanlı,1,87
Heydər Əliyev,16,3,0,Yağışlı,0,56
İstiqlaliyyət,16,5,1,Qarlı,0,70
Atatürk,6,3,0,Dumanlı,0,41
Zərdabi,19,3,0,Dumanlı,0,71
Qara Qarayev,6,4,0,Yağışlı,1,55
Tbilisi,1,2,0,Yağışlı,0,33
Neftçilər,4,6,1,Dumanlı,0,28
Neftçilər,18,1,0,Qarlı,0,100
İstiqlaliyyət,14,2,0,Qarlı,0,81
İstiqlaliyyət,17,2,0,Yağışlı,1,91
Babək,5,2,0,Açıq,1,31
Zərdabi,17,0,0,Dumanlı,0,87
Zərdabi,4,0,0,Dumanlı,0,34
Atatürk,20,3,0,Açıq,0,88
İstiqlaliyyət,8,4,0,Qarlı,1,100
Rəşid Behbudov,1,2,0,Qarlı,0,39
Ziya Bünyadov,11,1,0,Dumanlı,0,71
Neftçilər,15,4,0,Yağışlı,0,71
Heydər Əliyev,21,4,0,Açıq,0,13
Atatürk,9,6,1,Dumanlı,0,51
Rəşid Behbudov,10,4,0,Qarlı,0,76
Neftçilər,6,4,0,Açıq,1,41
İstiqlaliyyət,5,1,0,Dumanlı,0,34
İstiqlaliyyət,3,3,0,Dumanlı,0,23
Qara Qarayev,12,0,0,Qarlı,0,82
Tbilisi,14,5,1,Açıq,0,34
Heydər Əliyev,11,2,0,Açıq,1,57
Ziya Bünyadov,5,6,1,Dumanlı,0,36
Heydər Əliyev,8,2,0,Qarlı,0,83
Atatürk,16,2,0,Qarlı,0,71
Neftçilər,13,5,1,Dumanlı,0,44
Atatürk,12,4,0,Açıq,2,79
Ziya Bünyadov,1,3,0,Qarlı,0,57
Zərdabi,0,5,1,Açıq,1,42
Heydər Əliyev,4,4,0,Qarlı,0,66
Babək,19,5,1,Qarlı,0,71
Qara Qarayev,16,3,0,Yağışlı,1,87
Neftçilər,15,4,0,Dumanlı,0,48
Heydər Əliyev,1,5,1,Dumanlı,0,27
Neftçilər,6,6,1,Qarlı,1,85
Babək,16,1,0,Qarlı,0,72
Qara Qarayev,20,4,0,Yağışlı,0,87
Rəşid Behbudov,20,0,0,Dumanlı,0,94
Atatürk,8,1,0,Dumanlı,0,66
İstiqlaliyyət,3,5,1,Dumanlı,0,22
Qara Qarayev,8,4,0,Açıq,0,70
Qara Qarayev,3,4,0,Açıq,1,34
Ziya Bünyadov,6,3,0,Dumanlı,3,100
Atatürk,20,2,0,Yağışlı,0,85
Babək,20,3,0,Yağışlı,0,100
Zərdabi,2,3,0,Dumanlı,0,25
Heydər Əliyev,22,1,0,Qarlı,0,59
Babək,11,4,0,Açıq,0,43
Ziya Bünyadov,1,1,0,Qarlı,1,70
Ziya Bünyadov,17,4,0,Açıq,1,100
Zərdabi,23,0,0,Dumanlı,0,41
Rəşid Behbudov,21,6,1,Yağışlı,0,35
Babək,23,6,1,Qarlı,0,61
İstiqlaliyyət,19,0,0,Açıq,0,72
Rəşid Behbudov,6,4,0,Açıq,0,15
Rəşid Behbudov,17,1,0,Açıq,0,70
Tbilisi,7,1,0,Qarlı,0,100
İstiqlaliyyət,17,1,0,Dumanlı,0,95
Tbilisi,11,2,0,Açıq,0,50
Tbilisi,22,2,0,Dumanlı,0,24
Babək,0,4,0,Yağışlı,0,27
Neftçilər,7,6,1,Yağışlı,0,52
Atatürk,11,2,0,Açıq,1,63
Ziya Bünyadov,3,1,0,Dumanlı,0,49
Babək,17,1,0,Qarlı,0,100
İstiqlaliyyət,13,1,0,Açıq,0,50
Zərdabi,14,1,0,Yağışlı,0,73
Neftçilər,0,2,0,Dumanlı,1,53
Babək,16,0,0,Açıq,0,29
Qara Qarayev,23,1,0,Yağışlı,3,79
Rəşid Behbudov,5,3,0,Yağışlı,0,36
Tbilisi,15,0,0,Yağışlı,0,63
Heydər Əliyev,10,1,0,Açıq,0,31
Ziya Bünyadov,10,2,0,Açıq,0,42
Heydər Əliyev,0,2,0,Açıq,0,24
Ziya Bünyadov,2,1,0,Açıq,1,63
Tbilisi,17,5,1,Yağışlı,0,59
Zərdabi,15,6,1,Açıq,0,41
Neftçilər,7,1,0,Qarlı,0,100
Rəşid Behbudov,15,0,0,Açıq,0,57
Zərdabi,0,5,1,Açıq,0,28
Neftçilər,17,4,0,Dumanlı,0,84
Tbilisi,18,2,0,Açıq,0,89
Qara Qarayev,9,5,1,Yağışlı,0,50
İstiqlaliyyət,15,6,1,Yağışlı,0,54
Ziya Bünyadov,10,4,0,Qarlı,0,86
Neftçilər,4,5,1,Yağışlı,0,46
Babək,17,4,0,Açıq,1,79
İstiqlaliyyət,14,5,1,Qarlı,0,63
Neftçilər,6,5,1,Qarlı,0,53
Rəşid Behbudov,4,2,0,Qarlı,0,64
Rəşid Behbudov,6,6,1,Yağışlı,0,43
Rəşid Behbudov,17,3,0,Açıq,0,69
Qara Qarayev,21,3,0,Dumanlı,0,36
Rəşid Behbudov,16,4,0,Yağışlı,0,43
İstiqlaliyyət,23,0,0,Dumanlı,0,23
Atatürk,19,6,1,Açıq,0,25
Ziya Bünyadov,13,2,0,Açıq,0,64
Tbilisi,5,4,0,Yağışlı,0,27
Ziya Bünyadov,8,6,1,Dumanlı,0,63
Neftçilər,2,4,0,Yağışlı,0,47
Ziya Bünyadov,7,4,0,Dumanlı,0,100
Ziya Bünyadov,4,2,0,Açıq,0,31
İstiqlaliyyət,9,2,0,Yağışlı,0,100
Tbilisi,9,4,0,Dumanlı,0,83
Ziya Bünyadov,0,2,0,Qarlı,0,66
Ziya Bünyadov,15,5,1,Yağışlı,0,66
Heydər Əliyev,21,5,1,Açıq,1,41
Tbilisi,7,3,0,Yağışlı,0,100
Rəşid Behbudov,0,1,0,Yağışlı,1,72
Heydər Əliyev,2,4,0,Açıq,1,26
İstiqlaliyyət,16,3,0,Dumanlı,0,40
Tbilisi,7,1,0,Açıq,0,62
Ziya Bünyadov,17,6,1,Yağışlı,0,73
Babək,4,5,1,Açıq,0,29
Qara Qarayev,18,5,1,Açıq,0,21
Atatürk,0,1,0,Qarlı,0,49
İstiqlaliyyət,22,1,0,Yağışlı,0,52
Qara Qarayev,19,1,0,Yağışlı,0,81
Heydər Əliyev,17,4,0,Açıq,2,100
Tbilisi,16,1,0,Qarlı,0,65
Rəşid Behbudov,22,0,0,Qarlı,0,53
Tbilisi,0,3,0,Yağışlı,0,42
Zərdabi,7,1,0,Qarlı,0,100
Ziya Bünyadov,12,0,0,Yağışlı,0,57
Heydər Əliyev,13,3,0,Yağışlı,0,52
Babək,21,3,0,Açıq,1,35
İstiqlaliyyət,15,0,0,Açıq,0,44
Babək,21,6,1,Qarlı,0,57
Qara Qarayev,13,3,0,Yağışlı,0,72
Rəşid Behbudov,21,0,0,Yağışlı,0,38
Qara Qarayev,5,5,1,Dumanlı,0,26
Heydər Əliyev,2,3,0,Dumanlı,1,57
Ziya Bünyadov,23,4,0,Yağışlı,2,91
Neftçilər,18,1,0,Qarlı,0,100
Ziya Bünyadov,23,2,0,Yağışlı,0,54
Zərdabi,5,4,0,Qarlı,0,55
Tbilisi,8,3,0,Yağışlı,0,99
İstiqlaliyyət,1,0,0,Dumanlı,0,31
Zərdabi,12,4,0,Dumanlı,2,77
Rəşid Behbudov,12,5,1,Yağışlı,0,59
Qara Qarayev,11,5,1,Yağışlı,0,79
Atatürk,9,4,0,Yağışlı,1,100
Ziya Bünyadov,15,5,1,Yağışlı,1,90
Neftçilər,8,4,0,Açıq,0,80
Zərdabi,7,3,0,Qarlı,0,100
İstiqlaliyyət,17,0,0,Qarlı,0,96
Ziya Bünyadov,2,0,0,Dumanlı,0,40
Qara Qarayev,16,4,0,Qarlı,0,57
Babək,23,2,0,Yağışlı,1,67
Neftçilər,6,6,1,Qarlı,0,51
Atatürk,5,3,0,Yağışlı,1,65
Rəşid Behbudov,5,6,1,Yağışlı,1,48
Heydər Əliyev,14,6,1,Dumanlı,1,75
Atatürk,3,0,0,Yağışlı,1,61
Neftçilər,22,2,0,Dumanlı,0,23
Tbilisi,17,5,1,Yağışlı,0,69
Babək,8,4,0,Yağışlı,0,100
Rəşid Behbudov,10,0,0,Dumanlı,0,48
Qara Qarayev,20,0,0,Qarlı,0,100
Qara Qarayev,16,1,0,Dumanlı,0,48
Atatürk,19,5,1,Yağışlı,0,54
Zərdabi,10,5,1,Qarlı,0,67
Ziya Bünyadov,23,6,1,Qarlı,1,87
Rəşid Behbudov,20,6,1,Dumanlı,0,41
Rəşid Behbudov,15,2,0,Yağışlı,0,50
Ziya Bünyadov,15,0,0,Qarlı,0,79
Rəşid Behbudov,3,3,0,Dumanlı,0,41
Zərdabi,13,0,0,Yağışlı,1,63
Neftçilər,6,1,0,Yağışlı,0,45
Neftçilər,20,6,1,Yağışlı,0,50
Tbilisi,1,0,0,Yağışlı,0,46
Heydər Əliyev,17,6,1,Yağışlı,0,63
Zərdabi,7,2,0,Qarlı,1,100
Tbilisi,7,5,1,Dumanlı,1,64
Zərdabi,6,6,1,Açıq,0,23
Neftçilər,23,1,0,Açıq,2,62
Babək,18,6,1,Qarlı,0,57
Zərdabi,3,6,1,Qarlı,0,57
Heydər Əliyev,15,4,0,Yağışlı,2,100
Tbilisi,21,3,0,Açıq,2,61
Rəşid Behbudov,14,0,0,Dumanlı,0,54
Zərdabi,15,0,0,Açıq,0,44
Atatürk,2,0,0,Dumanlı,0,31
Heydər Əliyev,5,2,0,Yağışlı,0,28
Zərdabi,19,4,0,Dumanlı,0,82
Heydər Əliyev,21,6,1,Qarlı,0,59
Tbilisi,17,6,1,Dumanlı,0,43
Zərdabi,7,1,0,Açıq,0,59
Ziya Bünyadov,5,2,0,Qarlı,0,68
Neftçilər,16,0,0,Açıq,0,47
Rəşid Behbudov,16,5,1,Qarlı,0,74
Neftçilər,10,5,1,Yağışlı,0,65
Heydər Əliyev,7,6,1,Qarlı,0,71
Zərdabi,15,5,1,Yağışlı,0,52
İstiqlaliyyət,21,6,1,Açıq,0,28
Neftçilər,4,5,1,Qarlı,0,52
Babək,9,3,0,Yağışlı,0,79
İstiqlaliyyət,11,5,1,Yağışlı,0,77
Babək,18,3,0,Qarlı,0,100
Rəşid Behbudov,9,3,0,Yağışlı,0,95
Atatürk,13,5,1,Yağışlı,0,62
Heydər Əliyev,1,1,0,Qarlı,0,61
Neftçilər,8,4,0,Yağışlı,0,98
Tbilisi,5,0,0,Açıq,0,25
Rəşid Behbudov,3,2,0,Açıq,0,10
Qara Qarayev,13,2,0,Yağışlı,0,55
Ziya Bünyadov,17,1,0,Açıq,0,90
Zərdabi,8,4,0,Yağışlı,0,100
Atatürk,22,4,0,Yağışlı,0,41
Ziya Bünyadov,11,4,0,Qarlı,0,93
Ziya Bünyadov,5,1,0,Dumanlı,0,39
Atatürk,7,0,0,Açıq,0,81
Atatürk,15,1,0,Açıq,0,32
Babək,4,0,0,Yağışlı,0,33
Zərdabi,16,5,1,Açıq,0,46
Ziya Bünyadov,18,4,0,Dumanlı,0,84
Babək,20,2,0,Yağışlı,0,91
Atatürk,13,2,0,Dumanlı,0,65
Heydər Əliyev,2,2,0,Yağışlı,0,50
Neftçilər,7,0,0,Yağışlı,0,100
Neftçilər,8,3,0,Yağışlı,0,100
Ziya Bünyadov,19,1,0,Açıq,0,84
Qara Qarayev,0,6,1,Yağışlı,0,26
Heydər Əliyev,23,1,0,Yağışlı,1,52
Neftçilər,11,4,0,Qarlı,1,96
Zərdabi,14,5,1,Qarlı,1,81
Qara Qarayev,5,5,1,Qarlı,0,41
Ziya Bünyadov,21,0,0,Qarlı,0,61
Zərdabi,14,5,1,Qarlı,2,100
Atatürk,22,5,1,Yağışlı,0,44
Zərdabi,3,5,1,Açıq,0,15
Atatürk,14,1,0,Dumanlı,0,48
Heydər Əliyev,14,3,0,Dumanlı,0,41
Atatürk,8,1,0,Dumanlı,0,86
Babək,7,3,0,Qarlı,0,97
Rəşid Behbudov,8,6,1,Yağışlı,0,60
Qara Qarayev,8,4,0,Açıq,0,55
Qara Qarayev,6,1,0,Yağışlı,0,30
Atatürk,18,6,1,Açıq,0,42
Atatürk,4,0,0,Dumanlı,0,38
Rəşid Behbudov,17,5,1,Açıq,1,51
Zərdabi,22,4,0,Dumanlı,0,31
Babək,21,6,1,Qarlı,0,53
Babək,8,6,1,Dumanlı,0,51
Tbilisi,15,5,1,Yağışlı,0,71
Tbilisi,8,6,1,Dumanlı,0,56
Rəşid Behbudov,6,6,1,Qarlı,0,48
Zərdabi,13,3,0,Qarlı,0,65
Qara Qarayev,20,1,0,Yağışlı,1,100
Qara Qarayev,23,5,1,Açıq,0,28
Zərdabi,10,3,0,Açıq,0,45
Rəşid Behbudov,13,2,0,Açıq,0,34
Rəşid Behbudov,15,4,0,Açıq,0,26
Tbilisi,1,0,0,Dumanlı,0,40
Qara Qarayev,0,5,1,Dumanlı,0,27
Qara Qarayev,14,0,0,Qarlı,0,73
Zərdabi,18,5,1,Dumanlı,0,43
Tbilisi,23,0,0,Yağışlı,0,37
Atatürk,21,6,1,Dumanlı,0,32
Heydər Əliyev,18,3,0,Dumanlı,1,100
Qara Qarayev,9,3,0,Yağışlı,0,75
Atatürk,3,1,0,Qarlı,0,48
Ziya Bünyadov,10,6,1,Dumanlı,0,74
Tbilisi,23,6,1,Dumanlı,0,34
Atatürk,23,6,1,Açıq,0,29
Ziya Bünyadov,5,2,0,Qarlı,0,49
Ziya Bünyadov,17,3,0,Yağışlı,0,100
Rəşid Behbudov,1,5,1,Dumanlı,0,40
Heydər Əliyev,1,3,0,Açıq,0,25
Heydər Əliyev,3,2,0,Açıq,0,14
Qara Qarayev,12,4,0,Dumanlı,1,71
Babək,0,4,0,Yağışlı,1,74
Atatürk,14,4,0,Yağışlı,0,46
Rəşid Behbudov,6,5,1,Yağışlı,2,75
Rəşid Behbudov,20,4,0,Yağışlı,0,84
İstiqlaliyyət,1,6,1,Qarlı,3,100
İstiqlaliyyət,19,4,0,Qarlı,0,95
Qara Qarayev,2,2,0,Dumanlı,0,39
Ziya Bünyadov,9,6,1,Qarlı,0,83
Zərdabi,18,0,0,Yağışlı,3,100
Tbilisi,10,4,0,Yağışlı,1,100
Atatürk,19,6,1,Yağışlı,1,72
İstiqlaliyyət,0,0,0,Yağışlı,1,56
Heydər Əliyev,14,2,0,Qarlı,0,68
Rəşid Behbudov,21,5,1,Dumanlı,1,57
Ziya Bünyadov,16,0,0,Qarlı,0,85
Babək,5,1,0,Açıq,0,19
Ziya Bünyadov,5,3,0,Açıq,0,25
Rəşid Behbudov,6,5,1,Dumanlı,0,24
Neftçilər,3,3,0,Dumanlı,0,31
Rəşid Behbudov,21,0,0,Qarlı,0,52
Qara Qarayev,4,6,1,Yağışlı,0,34
Tbilisi,18,2,0,Açıq,1,100
Babək,16,0,0,Açıq,0,39
Ziya Bünyadov,2,3,0,Qarlı,0,65
Zərdabi,6,3,0,Yağışlı,0,46
Heydər Əliyev,7,5,1,Açıq,1,53
Qara Qarayev,1,4,0,Qarlı,0,67
Tbilisi,4,1,0,Açıq,0,30
Qara Qarayev,6,1,0,Yağışlı,0,48
Neftçilər,23,6,1,Yağışlı,1,60
Babək,8,3,0,Dumanlı,0,85
Tbilisi,0,3,0,Yağışlı,0,37
İstiqlaliyyət,2,4,0,Açıq,0,25
Heydər Əliyev,3,5,1,Qarlı,0,40
Ziya Bünyadov,20,6,1,Yağışlı,0,75
Rəşid Behbudov,15,1,0,Dumanlı,0,60
Neftçilər,0,5,1,Açıq,0,26
Qara Qarayev,15,4,0,Qarlı,0,57
Qara Qarayev,0,0,0,Qarlı,0,49
Qara Qarayev,5,4,0,Dumanlı,0,33
Atatürk,0,4,0,Yağışlı,0,39
Ziya Bünyadov,12,6,1,Yağışlı,0,77
Zərdabi,0,4,0,Dumanlı,0,40
Tbilisi,10,0,0,Dumanlı,0,53
İstiqlaliyyət,20,1,0,Yağışlı,0,87
Tbilisi,8,3,0,Dumanlı,1,97
Heydər Əliyev,6,6,1,Dumanlı,0,42
Qara Qarayev,0,3,0,Qarlı,0,57
Tbilisi,23,4,0,Açıq,3,98
Atatürk,18,6,1,Yağışlı,1,83
Qara Qarayev,22,5,1,Qarlı,1,76
Babək,1,0,0,Dumanlı,0,28
Rəşid Behbudov,19,1,0,Yağışlı,0,83
Atatürk,20,2,0,Yağışlı,1,100
Rəşid Behbudov,6,4,0,Qarlı,0,36
İstiqlaliyyət,6,0,0,Qarlı,0,54
Rəşid Behbudov,14,1,0,Dumanlı,0,48
Zərdabi,11,6,1,Açıq,0,35
Neftçilər,19,3,0,Qarlı,0,100
Atatürk,21,3,0,Yağışlı,0,53
Tbilisi,6,3,0,Dumanlı,0,40
Rəşid Behbudov,16,6,1,Açıq,0,45
Tbilisi,14,5,1,Açıq,0,50
Neftçilər,7,2,0,Açıq,1,100
Tbilisi,13,0,0,Yağışlı,0,75
Heydər Əliyev,4,6,1,Yağışlı,0,33
Neftçilər,21,6,1,Yağışlı,0,47
Atatürk,5,6,1,Açıq,0,25
Tbilisi,0,5,1,Yağışlı,1,55
Tbilisi,6,4,0,Açıq,0,16
Heydər Əliyev,1,1,0,Qarlı,0,56
Neftçilər,13,0,0,Açıq,0,38
Neftçilər,19,4,0,Dumanlı,0,78
Qara Qarayev,11,3,0,Qarlı,0,79
İstiqlaliyyət,19,6,1,Dumanlı,0,53
İstiqlaliyyət,15,6,1,Açıq,0,50
Atatürk,19,6,1,Yağışlı,0,55
Zərdabi,2,2,0,Açıq,0,22
Babək,0,1,0,Açıq,0,27
İstiqlaliyyət,22,2,0,Açıq,1,41
Heydər Əliyev,11,0,0,Açıq,0,41
Atatürk,1,5,1,Dumanlı,0,37
Heydər Əliyev,8,4,0,Yağışlı,0,82
Heydər Əliyev,15,4,0,Qarlı,0,66
Babək,1,4,0,Qarlı,1,65
Babək,14,1,0,Açıq,0,43
İstiqlaliyyət,12,4,0,Dumanlı,0,57
Qara Qarayev,17,0,0,Yağışlı,0,93
Rəşid Behbudov,6,1,0,Açıq,0,20
Rəşid Behbudov,19,4,0,Açıq,0,74
Ziya Bünyadov,20,2,0,Yağışlı,0,92
İstiqlaliyyət,3,1,0,Dumanlı,0,36
Zərdabi,11,3,0,Qarlı,0,60
Ziya Bünyadov,2,2,0,Açıq,0,23
İstiqlaliyyət,20,0,0,Yağışlı,0,100
Heydər Əliyev,12,0,0,Dumanlı,0,52
Neftçilər,18,5,1,Qarlı,0,80
Babək,9,4,0,Açıq,0,64
Zərdabi,15,1,0,Yağışlı,0,68
Heydər Əliyev,22,5,1,Qarlı,1,75
Babək,22,6,1,Yağışlı,0,53
Zərdabi,16,1,0,Yağışlı,0,58
Heydər Əliyev,23,6,1,Açıq,1,40
Ziya Bünyadov,2,4,0,Açıq,0,31
Tbilisi,5,6,1,Dumanlı,0,41
Zərdabi,3,5,1,Yağışlı,0,35
Heydər Əliyev,15,2,0,Yağışlı,0,63
Qara Qarayev,12,5,1,Açıq,0,39
Ziya Bünyadov,17,6,1,Yağışlı,0,59
Qara Qarayev,1,6,1,Dumanlı,0,29
Zərdabi,9,5,1,Açıq,1,48
Heydər Əliyev,18,4,0,Açıq,1,87
Rəşid Behbudov,18,2,0,Yağışlı,0,81
Rəşid Behbudov,6,2,0,Qarlı,0,58
Zərdabi,18,5,1,Yağışlı,0,47
Babək,8,4,0,Dumanlı,1,100
Babək,1,4,0,Qarlı,0,49
Atatürk,3,4,0,Yağışlı,0,46
Neftçilər,11,6,1,Yağışlı,3,100
Heydər Əliyev,0,1,0,Qarlı,1,82
Atatürk,5,0,0,Qarlı,1,59
Heydər Əliyev,18,5,1,Yağışlı,0,59
Zərdabi,0,2,0,Qarlı,0,58
Heydər Əliyev,17,5,1,Yağışlı,0,67
İstiqlaliyyət,5,0,0,Dumanlı,1,52
Babək,10,0,0,Dumanlı,0,46
Rəşid Behbudov,15,0,0,Açıq,0,58
Babək,18,2,0,Qarlı,0,97
Babək,4,2,0,Açıq,0,10
İstiqlaliyyət,18,5,1,Açıq,0,32
Heydər Əliyev,20,3,0,Dumanlı,1,80
Babək,7,6,1,Dumanlı,0,43
Qara Qarayev,7,4,0,Dumanlı,0,93
Neftçilər,11,4,0,Yağışlı,1,76
İstiqlaliyyət,10,5,1,Qarlı,0,69
Atatürk,6,4,0,Dumanlı,0,33
Babək,11,6,1,Açıq,0,25
Ziya Bünyadov,17,4,0,Yağışlı,0,94
İstiqlaliyyət,17,5,1,Qarlı,0,66
Neftçilər,1,4,0,Qarlı,0,46
Zərdabi,18,1,0,Yağışlı,0,100
Tbilisi,22,4,0,Açıq,0,21
İstiqlaliyyət,17,6,1,Yağışlı,0,64
İstiqlaliyyət,0,2,0,Qarlı,0,54
Ziya Bünyadov,1,5,1,Açıq,0,25
Heydər Əliyev,18,0,0,Dumanlı,0,88
Zərdabi,17,5,1,Yağışlı,0,41
Tbilisi,1,0,0,Dumanlı,0,39
İstiqlaliyyət,10,5,1,Qarlı,0,81
Tbilisi,7,2,0,Yağışlı,0,99
Tbilisi,21,4,0,Dumanlı,0,26
Rəşid Behbudov,5,2,0,Dumanlı,0,25
Babək,13,6,1,Açıq,0,24
Zərdabi,13,2,0,Yağışlı,0,55
İstiqlaliyyət,8,4,0,Dumanlı,0,75
Rəşid Behbudov,2,2,0,Yağışlı,0,44
Tbilisi,3,3,0,Açıq,0,27
Zərdabi,12,1,0,Dumanlı,0,65
Rəşid Behbudov,5,2,0,Yağışlı,0,29
Neftçilər,16,3,0,Açıq,0,42
Babək,12,2,0,Açıq,0,22
Neftçilər,12,1,0,Açıq,0,38
Tbilisi,5,4,0,Yağışlı,0,43
İstiqlaliyyət,3,6,1,Dumanlı,0,37
Qara Qarayev,22,2,0,Açıq,0,28
Heydər Əliyev,22,4,0,Dumanlı,0,30
Tbilisi,18,6,1,Açıq,1,66
Neftçilər,2,0,0,Qarlı,0,51
Qara Qarayev,5,2,0,Yağışlı,0,34
Ziya Bünyadov,22,4,0,Açıq,0,39
İstiqlaliyyət,16,4,0,Dumanlı,0,63
Tbilisi,10,4,0,Qarlı,0,58
Rəşid Behbudov,4,3,0,Açıq,0,14
Heydər Əliyev,9,4,0,Dumanlı,1,100
Neftçilər,20,0,0,Qarlı,0,100
İstiqlaliyyət,3,2,0,Dumanlı,0,32
Babək,1,4,0,Dumanlı,0,31
Babək,8,3,0,Qarlı,0,100
Atatürk,16,2,0,Qarlı,0,83
İstiqlaliyyət,19,5,1,Açıq,0,23
İstiqlaliyyət,4,0,0,Yağışlı,0,51
Babək,1,0,0,Qarlı,0,57
Neftçilər,20,4,0,Dumanlı,0,84
Atatürk,19,1,0,Yağışlı,0,87
Atatürk,4,4,0,Yağışlı,0,47
İstiqlaliyyət,1,0,0,Dumanlı,0,39
Babək,19,0,0,Qarlı,0,100
Heydər Əliyev,6,3,0,Açıq,0,15
Ziya Bünyadov,21,5,1,Dumanlı,2,81
Qara Qarayev,16,5,1,Açıq,0,35
Atatürk,9,2,0,Açıq,0,65
Heydər Əliyev,19,6,1,Yağışlı,0,55
Zərdabi,12,5,1,Qarlı,2,100
Zərdabi,10,1,0,Qarlı,0,62
Qara Qarayev,7,2,0,Yağışlı,0,82
Heydər Əliyev,8,1,0,Açıq,0,61
İstiqlaliyyət,6,2,0,Dumanlı,0,38
Heydər Əliyev,5,6,1,Açıq,0,25
Atatürk,17,1,0,Açıq,0,68
Neftçilər,6,4,0,Dumanlı,0,20
Heydər Əliyev,12,4,0,Dumanlı,0,40
Atatürk,8,1,0,Yağışlı,0,88
İstiqlaliyyət,22,0,0,Qarlı,0,46
Qara Qarayev,14,6,1,Açıq,0,26
Ziya Bünyadov,1,3,0,Açıq,2,69
Neftçilər,11,2,0,Yağışlı,0,71
Ziya Bünyadov,1,4,0,Açıq,0,36
Qara Qarayev,12,0,0,Açıq,0,51
Zərdabi,20,1,0,Yağışlı,0,91
Qara Qarayev,10,2,0,Açıq,0,39
Zərdabi,13,1,0,Yağışlı,0,51
Zərdabi,1,4,0,Yağışlı,0,32
Tbilisi,3,6,1,Qarlı,1,70
Babək,15,1,0,Dumanlı,0,55
Babək,8,4,0,Dumanlı,0,81
Atatürk,0,2,0,Yağışlı,0,44
Babək,15,1,0,Açıq,0,48
Heydər Əliyev,11,0,0,Dumanlı,0,52
Zərdabi,13,5,1,Dumanlı,0,44
Heydər Əliyev,21,3,0,Qarlı,0,50
Neftçilər,7,3,0,Qarlı,0,100
Atatürk,21,5,1,Qarlı,0,40
Heydər Əliyev,5,5,1,Qarlı,0,64
Atatürk,4,1,0,Yağışlı,0,44
Zərdabi,23,5,1,Yağışlı,0,51
İstiqlaliyyət,22,3,0,Qarlı,0,61
Rəşid Behbudov,17,6,1,Yağışlı,0,41
Atatürk,10,3,0,Dumanlı,0,59
Heydər Əliyev,10,1,0,Qarlı,0,87
Babək,6,2,0,Yağışlı,0,42
Atatürk,12,3,0,Dumanlı,0,56
Zərdabi,22,6,1,Açıq,1,39
Babək,17,3,0,Qarlı,0,100
Ziya Bünyadov,2,2,0,Yağışlı,0,57
Rəşid Behbudov,2,3,0,Qarlı,0,63
Atatürk,18,2,0,Açıq,1,92
Rəşid Behbudov,19,4,0,Açıq,1,83
İstiqlaliyyət,17,0,0,Yağışlı,0,78
Atatürk,11,5,1,Qarlı,1,88
Ziya Bünyadov,13,4,0,Yağışlı,0,76
Tbilisi,15,6,1,Yağışlı,1,90
Qara Qarayev,0,3,0,Yağışlı,1,70
Atatürk,16,5,1,Açıq,0,25
Heydər Əliyev,23,2,0,Yağışlı,0,31
Tbilisi,18,1,0,Qarlı,2,100
Rəşid Behbudov,20,5,1,Açıq,1,64
Atatürk,10,1,0,Dumanlı,0,63
İstiqlaliyyət,19,2,0,Yağışlı,0,100
Qara Qarayev,1,4,0,Yağışlı,0,32
Babək,13,6,1,Yağışlı,0,58
Neftçilər,18,3,0,Açıq,0,70
İstiqlaliyyət,17,1,0,Qarlı,0,100
Heydər Əliyev,3,0,0,Qarlı,0,56
Qara Qarayev,10,2,0,Qarlı,0,60
Babək,2,2,0,Dumanlı,0,30
Heydər Əliyev,17,5,1,Qarlı,0,76
Zərdabi,0,3,0,Yağışlı,0,38
Atatürk,7,3,0,Qarlı,0,100
Atatürk,21,1,0,Yağışlı,0,41
Neftçilər,3,0,0,Yağışlı,0,28
Heydər Əliyev,13,5,1,Dumanlı,0,52
Ziya Bünyadov,22,2,0,Açıq,1,56
Babək,13,0,0,Açıq,0,55
Atatürk,2,0,0,Dumanlı,1,48
Rəşid Behbudov,21,0,0,Yağışlı,0,46
Heydər Əliyev,23,1,0,Qarlı,0,55
Zərdabi,5,2,0,Yağışlı,1,49
Zərdabi,13,5,1,Yağışlı,0,64
Babək,8,3,0,Yağışlı,0,96
Zərdabi,3,2,0,Yağışlı,0,52
Babək,20,2,0,Qarlı,0,100
Rəşid Behbudov,0,6,1,Açıq,0,24
Qara Qarayev,4,1,0,Qarlı,0,60
Qara Qarayev,4,4,0,Dumanlı,0,36
Qara Qarayev,1,4,0,Yağışlı,1,51
Babək,13,3,0,Açıq,0,41
Atatürk,8,2,0,Dumanlı,0,76
İstiqlaliyyət,4,6,1,Yağışlı,0,50
Qara Qarayev,18,3,0,Dumanlı,0,94
Neftçilər,1,6,1,Yağışlı,0,36
Neftçilər,19,0,0,Açıq,0,84
Babək,10,5,1,Yağışlı,0,59
İstiqlaliyyət,17,0,0,Yağışlı,0,94
İstiqlaliyyət,8,6,1,Dumanlı,0,64
İstiqlaliyyət,2,0,0,Dumanlı,0,29
Qara Qarayev,1,1,0,Dumanlı,0,22
Ziya Bünyadov,1,1,0,Açıq,0,33
Ziya Bünyadov,11,3,0,Açıq,0,43
Tbilisi,12,6,1,Qarlı,0,77
Zərdabi,5,6,1,Dumanlı,0,32
Neftçilər,23,6,1,Dumanlı,2,74
Rəşid Behbudov,20,1,0,Qarlı,0,100
Atatürk,6,6,1,Açıq,0,22
Heydər Əliyev,3,1,0,Qarlı,0,51
Zərdabi,16,0,0,Açıq,0,51
Babək,20,3,0,Yağışlı,0,96
Zərdabi,16,6,1,Qarlı,0,81
Rəşid Behbudov,3,0,0,Dumanlı,0,28
Tbilisi,10,2,0,Yağışlı,0,62
Ziya Bünyadov,15,2,0,Qarlı,0,70
Neftçilər,9,0,0,Açıq,0,52
Rəşid Behbudov,0,4,0,Qarlı,0,51
Qara Qarayev,20,4,0,Yağışlı,0,89
Babək,16,6,1,Yağışlı,0,52
Ziya Bünyadov,23,6,1,Qarlı,0,68
Babək,8,6,1,Açıq,0,43
Qara Qarayev,3,1,0,Yağışlı,0,34
Rəşid Behbudov,2,6,1,Yağışlı,2,98
Neftçilər,2,1,0,Dumanlı,0,23
Tbilisi,11,5,1,Yağışlı,0,70
Heydər Əliyev,4,0,0,Qarlı,0,64
Rəşid Behbudov,17,1,0,Yağışlı,0,98
Zərdabi,2,0,0,Qarlı,1,93
Tbilisi,18,4,0,Açıq,0,62
Neftçilər,6,6,1,Açıq,0,22
Rəşid Behbudov,21,3,0,Dumanlı,0,29
Ziya Bünyadov,16,2,0,Dumanlı,0,57
Rəşid Behbudov,11,5,1,Yağışlı,0,59
İstiqlaliyyət,4,4,0,Dumanlı,0,28
Heydər Əliyev,7,2,0,Yağışlı,0,99
İstiqlaliyyət,8,1,0,Yağışlı,0,84
Ziya Bünyadov,22,0,0,Yağışlı,0,35
Tbilisi,22,6,1,Dumanlı,0,37
Neftçilər,12,0,0,Açıq,0,43
Rəşid Behbudov,7,5,1,Yağışlı,0,55
Ziya Bünyadov,10,3,0,Açıq,0,59
Rəşid Behbudov,7,0,0,Dumanlı,1,91
Babək,4,4,0,Dumanlı,0,42
Ziya Bünyadov,14,6,1,Qarlı,0,75
Heydər Əliyev,2,5,1,Dumanlı,0,24
Atatürk,5,0,0,Qarlı,0,48
Qara Qarayev,6,3,0,Açıq,0,13
Neftçilər,7,1,0,Dumanlı,0,78
Neftçilər,21,5,1,Açıq,0,22
Qara Qarayev,8,4,0,Açıq,1,100
Qara Qarayev,8,3,0,Qarlı,0,100
Ziya Bünyadov,5,0,0,Açıq,0,26
Rəşid Behbudov,6,1,0,Yağışlı,0,30
Babək,10,4,0,Qarlı,0,65
Rəşid Behbudov,13,6,1,Yağışlı,0,69
Zərdabi,5,1,0,Dumanlı,0,40
Tbilisi,9,3,0,Açıq,1,93
Qara Qarayev,6,2,0,Dumanlı,0,36
Rəşid Behbudov,11,6,1,Açıq,0,49
İstiqlaliyyət,3,6,1,Qarlı,0,45
Atatürk,15,5,1,Dumanlı,0,59
Neftçilər,8,1,0,Qarlı,0,100
Heydər Əliyev,17,1,0,Qarlı,0,93
İstiqlaliyyət,3,0,0,Dumanlı,0,32
Heydər Əliyev,19,3,0,Açıq,0,70
Atatürk,23,2,0,Qarlı,0,47
Heydər Əliyev,15,2,0,Açıq,0,28
Babək,4,0,0,Açıq,1,41
Neftçilər,23,0,0,Açıq,0,24
Ziya Bünyadov,15,6,1,Yağışlı,0,59
Tbilisi,11,0,0,Açıq,0,39
Tbilisi,2,1,0,Qarlı,0,53
Babək,8,3,0,Qarlı,0,100
Ziya Bünyadov,10,4,0,Açıq,1,63
Tbilisi,16,6,1,Yağışlı,0,46
Rəşid Behbudov,2,1,0,Dumanlı,0,30
Atatürk,15,6,1,Açıq,0,23
Qara Qarayev,20,3,0,Yağışlı,0,85
Tbilisi,6,1,0,Yağışlı,0,35
İstiqlaliyyət,14,1,0,Qarlı,0,60
Zərdabi,8,6,1,Qarlı,1,74
Heydər Əliyev,18,2,0,Açıq,0,67
Neftçilər,15,2,0,Yağışlı,1,56
Neftçilər,19,4,0,Dumanlı,0,71
Zərdabi,9,2,0,Yağışlı,0,100
Atatürk,10,2,0,Açıq,2,75
İstiqlaliyyət,2,3,0,Yağışlı,0,45
Babək,20,3,0,Yağışlı,0,85
Ziya Bünyadov,14,5,1,Dumanlı,0,59
Tbilisi,12,0,0,Qarlı,0,62
Heydər Əliyev,3,6,1,Dumanlı,0,40
Tbilisi,15,6,1,Dumanlı,0,68
Atatürk,23,0,0,Yağışlı,0,38
Tbilisi,12,5,1,Yağışlı,0,72
Neftçilər,0,2,0,Açıq,0,17
İstiqlaliyyət,18,1,0,Açıq,0,79
Rəşid Behbudov,13,3,0,Açıq,0,27
Zərdabi,6,0,0,Açıq,1,29
Zərdabi,22,2,0,Dumanlı,0,36
Babək,19,3,0,Dumanlı,0,82
Zərdabi,10,6,1,Yağışlı,0,62
Tbilisi,20,2,0,Yağışlı,0,100
İstiqlaliyyət,16,3,0,Açıq,0,38
Neftçilər,17,4,0,Dumanlı,1,100
Heydər Əliyev,14,3,0,Açıq,0,40
Ziya Bünyadov,4,2,0,Açıq,0,29
Tbilisi,15,0,0,Açıq,0,32
Neftçilər,11,5,1,Dumanlı,0,57
Tbilisi,11,0,0,Qarlı,0,81
Heydər Əliyev,19,1,0,Açıq,1,100
Tbilisi,1,3,0,Dumanlı,0,44
Babək,8,5,1,Yağışlı,0,65
Heydər Əliyev,3,4,0,Yağışlı,0,49
Atatürk,6,3,0,Dumanlı,0,32
Rəşid Behbudov,18,0,0,Dumanlı,2,100
Zərdabi,6,1,0,Yağışlı,0,42
Heydər Əliyev,18,3,0,Açıq,0,65
Neftçilər,10,4,0,Açıq,0,27
Ziya Bünyadov,4,0,0,Dumanlı,0,43
Ziya Bünyadov,4,4,0,Açıq,2,56
Zərdabi,0,2,0,Qarlı,0,57
Rəşid Behbudov,9,3,0,Açıq,0,80
Babək,5,0,0,Qarlı,0,57
İstiqlaliyyət,6,0,0,Açıq,0,11
Babək,17,3,0,Yağışlı,0,98
Rəşid Behbudov,0,0,0,Açıq,0,18
Babək,16,1,0,Dumanlı,0,50
Babək,16,0,0,Açıq,1,57
Atatürk,7,1,0,Yağışlı,1,100
Heydər Əliyev,22,5,1,Yağışlı,0,28
Zərdabi,17,4,0,Dumanlı,0,70
Babək,21,1,0,Dumanlı,1,60
Qara Qarayev,3,1,0,Açıq,0,22
Rəşid Behbudov,2,3,0,Yağışlı,0,26
Atatürk,9,1,0,Dumanlı,1,97
Rəşid Behbudov,14,5,1,Açıq,0,46
Qara Qarayev,22,0,0,Qarlı,1,70
Qara Qarayev,4,3,0,Qarlı,0,40
Tbilisi,16,1,0,Qarlı,0,81
Heydər Əliyev,12,5,1,Dumanlı,0,34
Tbilisi,4,5,1,Açıq,0,24
Ziya Bünyadov,9,4,0,Açıq,1,96
Qara Qarayev,0,4,0,Dumanlı,0,39
Qara Qarayev,6,6,1,Yağışlı,0,42
Qara Qarayev,17,6,1,Qarlı,1,82
Babək,15,6,1,Dumanlı,0,54
Zərdabi,22,5,1,Yağışlı,0,39
Tbilisi,21,3,0,Qarlı,0,44
Neftçilər,17,5,1,Açıq,0,27
Qara Qarayev,2,6,1,Yağışlı,1,56
Tbilisi,9,6,1,Dumanlı,0,49
Ziya Bünyadov,4,6,1,Dumanlı,0,40
Babək,14,0,0,Yağışlı,1,74
Zərdabi,18,2,0,Qarlı,1,100
Ziya Bünyadov,7,3,0,Qarlı,0,100
Atatürk,14,5,1,Açıq,0,30
Qara Qarayev,15,3,0,Açıq,1,58
Tbilisi,13,2,0,Açıq,1,57
İstiqlaliyyət,16,4,0,Yağışlı,0,48
İstiqlaliyyət,2,4,0,Yağışlı,0,30
Zərdabi,12,4,0,Yağışlı,0,70
Zərdabi,21,4,0,Dumanlı,0,35
Tbilisi,4,1,0,Yağışlı,0,42
Atatürk,17,1,0,Yağışlı,0,92
Zərdabi,1,2,0,Qarlı,0,60
Neftçilər,20,1,0,Qarlı,0,100
Neftçilər,1,0,0,Açıq,1,47
Zərdabi,20,3,0,Qarlı,0,78
Tbilisi,15,1,0,Dumanlı,3,89
İstiqlaliyyət,23,0,0,Qarlı,0,62
Ziya Bünyadov,1,0,0,Yağışlı,1,71
Qara Qarayev,0,1,0,Açıq,0,18
İstiqlaliyyət,14,6,1,Dumanlı,0,53
Ziya Bünyadov,3,1,0,Yağışlı,2,89
İstiqlaliyyət,4,6,1,Açıq,0,22
İstiqlaliyyət,5,6,1,Qarlı,0,55
Heydər Əliyev,3,6,1,Dumanlı,0,37
Ziya Bünyadov,17,3,0,Qarlı,0,100
Tbilisi,22,3,0,Qarlı,0,54
Atatürk,23,0,0,Açıq,0,18
Ziya Bünyadov,15,1,0,Dumanlı,0,63
İstiqlaliyyət,23,1,0,Dumanlı,0,28
Neftçilər,14,6,1,Yağışlı,0,56
Atatürk,6,0,0,Açıq,0,23
Heydər Əliyev,5,0,0,Dumanlı,0,23
Atatürk,10,5,1,Qarlı,2,94
Ziya Bünyadov,14,4,0,Yağışlı,0,67
Atatürk,19,2,0,Yağışlı,0,100
Babək,7,2,0,Qarlı,0,100
Atatürk,15,6,1,Qarlı,2,100
İstiqlaliyyət,12,4,0,Yağışlı,0,53
Tbilisi,1,0,0,Qarlı,0,48
Ziya Bünyadov,21,0,0,Yağışlı,0,60
Zərdabi,3,2,0,Dumanlı,0,30
Atatürk,22,2,0,Qarlı,1,82
Tbilisi,20,4,0,Qarlı,1,100
Zərdabi,1,5,1,Yağışlı,0,32
Babək,2,1,0,Açıq,0,27
Heydər Əliyev,0,5,1,Qarlı,2,100
İstiqlaliyyət,10,4,0,Yağışlı,0,48
Zərdabi,20,3,0,Qarlı,0,89
Neftçilər,1,2,0,Dumanlı,0,32
Rəşid Behbudov,22,2,0,Açıq,0,30
Qara Qarayev,19,4,0,Dumanlı,0,90
Qara Qarayev,11,2,0,Dumanlı,1,67
İstiqlaliyyət,15,6,1,Qarlı,0,72
Babək,15,6,1,Dumanlı,0,47
Zərdabi,20,1,0,Yağışlı,0,82
Zərdabi,10,3,0,Qarlı,0,78
Neftçilər,2,4,0,Yağışlı,0,29
Tbilisi,3,1,0,Dumanlı,0,27
Tbilisi,6,4,0,Qarlı,0,51
İstiqlaliyyət,0,2,0,Dumanlı,0,40
Atatürk,7,2,0,Qarlı,1,100
Neftçilər,8,6,1,Qarlı,1,88
İstiqlaliyyət,18,2,0,Açıq,0,73
Qara Qarayev,2,2,0,Açıq,0,28
Heydər Əliyev,1,0,0,Yağışlı,1,59
Babək,9,5,1,Dumanlı,1,75
Babək,23,4,0,Açıq,2,68
İstiqlaliyyət,12,5,1,Açıq,0,45
Zərdabi,13,1,0,Qarlı,0,62
Zərdabi,16,3,0,Dumanlı,0,59
Neftçilər,9,5,1,Açıq,1,63
Ziya Bünyadov,11,0,0,Qarlı,0,84
Atatürk,0,4,0,Yağışlı,0,33
Babək,10,4,0,Qarlı,0,64
Rəşid Behbudov,13,2,0,Qarlı,1,93
Neftçilər,4,0,0,Açıq,0,10
Babək,23,2,0,Dumanlı,0,38
İstiqlaliyyət,3,2,0,Dumanlı,0,41
Tbilisi,17,0,0,Dumanlı,0,74
Atatürk,3,2,0,Qarlı,0,59
Zərdabi,19,5,1,Açıq,0,21
Atatürk,22,0,0,Qarlı,2,100
Atatürk,1,2,0,Dumanlı,1,44
Zərdabi,15,4,0,Açıq,3,100
İstiqlaliyyət,18,0,0,Yağışlı,0,100
Heydər Əliyev,21,3,0,Dumanlı,0,30
İstiqlaliyyət,1,0,0,Yağışlı,0,37
İstiqlaliyyət,12,2,0,Açıq,0,50
Qara Qarayev,15,4,0,Dumanlı,1,61
Heydər Əliyev,0,5,1,Açıq,0,27
Tbilisi,3,1,0,Yağışlı,0,44
Ziya Bünyadov,11,4,0,Qarlı,0,66
Rəşid Behbudov,15,4,0,Yağışlı,0,43
Ziya Bünyadov,2,5,1,Açıq,0,21
Qara Qarayev,23,4,0,Qarlı,0,46
Rəşid Behbudov,0,2,0,Dumanlı,0,25
Atatürk,15,3,0,Açıq,0,44
Babək,10,6,1,Qarlı,3,100
Ziya Bünyadov,23,5,1,Dumanlı,0,34
Ziya Bünyadov,21,1,0,Qarlı,0,68
Heydər Əliyev,7,6,1,Yağışlı,0,71
Qara Qarayev,2,6,1,Qarlı,0,61
Neftçilər,21,2,0,Açıq,3,85
Qara Qarayev,23,0,0,Qarlı,0,46
Rəşid Behbudov,19,1,0,Açıq,2,100
Neftçilər,14,4,0,Açıq,0,33
Ziya Bünyadov,22,4,0,Açıq,1,53
Ziya Bünyadov,19,5,1,Yağışlı,2,84
Qara Qarayev,13,0,0,Qarlı,1,96
Ziya Bünyadov,14,2,0,Açıq,1,70
Rəşid Behbudov,23,6,1,Qarlı,0,54
Atatürk,20,6,1,Yağışlı,0,65
Ziya Bünyadov,0,1,0,Qarlı,0,64
Tbilisi,3,5,1,Açıq,0,28
Rəşid Behbudov,15,5,1,Açıq,0,44
Tbilisi,8,0,0,Yağışlı,1,100
İstiqlaliyyət,7,3,0,Açıq,2,100
Heydər Əliyev,12,6,1,Yağışlı,1,82
Tbilisi,16,4,0,Dumanlı,1,78
Heydər Əliyev,8,1,0,Qarlı,0,100
Zərdabi,22,6,1,Dumanlı,0,35
Zərdabi,21,1,0,Yağışlı,0,53
İstiqlaliyyət,11,1,0,Qarlı,0,87
Ziya Bünyadov,16,1,0,Qarlı,0,96
Qara Qarayev,23,4,0,Açıq,2,60
Atatürk,10,0,0,Dumanlı,0,43
Babək,11,5,1,Açıq,0,37
Babək,23,1,0,Qarlı,0,64
Ziya Bünyadov,4,2,0,Qarlı,0,73
Heydər Əliyev,4,0,0,Açıq,0,30
Neftçilər,2,5,1,Açıq,0,20
Atatürk,1,3,0,Qarlı,0,59
Babək,14,4,0,Yağışlı,0,66
Tbilisi,4,4,0,Dumanlı,0,28
Neftçilər,6,4,0,Qarlı,0,57
Qara Qarayev,7,3,0,Dumanlı,0,70
Babək,21,3,0,Yağışlı,0,28
Babək,15,4,0,Açıq,0,42
Babək,4,0,0,Dumanlı,0,25
Atatürk,13,0,0,Açıq,0,39
Babək,9,0,0,Qarlı,0,100
İstiqlaliyyət,8,5,1,Qarlı,0,82
Tbilisi,9,0,0,Yağışlı,0,91
İstiqlaliyyət,8,2,0,Qarlı,0,100
İstiqlaliyyət,23,6,1,Dumanlı,0,28
Ziya Bünyadov,20,4,0,Qarlı,0,100
Neftçilər,14,1,0,Dumanlı,0,55
Qara Qarayev,13,6,1,Qarlı,0,75
Zərdabi,21,6,1,Yağışlı,1,60
Neftçilər,8,5,1,Açıq,0,32
Babək,16,3,0,Qarlı,0,66
Neftçilər,4,4,0,Dumanlı,0,24
Zərdabi,5,2,0,Qarlı,0,44
Qara Qarayev,20,4,0,Yağışlı,0,97
Rəşid Behbudov,9,3,0,Qarlı,0,91
Qara Qarayev,11,3,0,Qarlı,1,94
İstiqlaliyyət,12,1,0,Açıq,2,88
Tbilisi,9,6,1,Qarlı,0,77
Heydər Əliyev,17,2,0,Dumanlı,1,99
Atatürk,13,1,0,Dumanlı,0,56
Neftçilər,7,2,0,Yağışlı,1,100
Qara Qarayev,1,3,0,Dumanlı,0,35
Rəşid Behbudov,10,3,0,Yağışlı,0,64
Ziya Bünyadov,13,5,1,Açıq,0,59
Rəşid Behbudov,8,5,1,Qarlı,0,70
Atatürk,19,0,0,Yağışlı,0,85
Babək,0,0,0,Qarlı,0,49
Neftçilər,12,3,0,Dumanlı,1,77
Atatürk,11,6,1,Dumanlı,0,61
Ziya Bünyadov,23,5,1,Dumanlı,0,51
Neftçilər,7,3,0,Qarlı,0,96
Rəşid Behbudov,15,2,0,Yağışlı,0,59
Qara Qarayev,10,2,0,Yağışlı,0,48
İstiqlaliyyət,18,6,1,Açıq,0,27
Babək,23,1,0,Açıq,0,18
Qara Qarayev,23,0,0,Qarlı,0,39
Neftçilər,18,6,1,Açıq,0,34
Heydər Əliyev,6,3,0,Dumanlı,0,37
Heydər Əliyev,20,0,0,Açıq,0,63
Qara Qarayev,5,3,0,Açıq,0,15
Atatürk,22,3,0,Qarlı,0,46
İstiqlaliyyət,10,4,0,Açıq,0,38
Tbilisi,7,2,0,Dumanlı,1,100
Ziya Bünyadov,18,1,0,Yağışlı,0,100
Rəşid Behbudov,11,3,0,Açıq,0,44
Rəşid Behbudov,19,1,0,Qarlı,0,93
Zərdabi,2,6,1,Qarlı,0,64
Zərdabi,13,4,0,Yağışlı,0,55
Tbilisi,11,1,0,Açıq,1,53
Rəşid Behbudov,12,0,0,Qarlı,0,78
Ziya Bünyadov,11,6,1,Dumanlı,0,75
Ziya Bünyadov,6,0,0,Açıq,0,26
Neftçilər,14,3,0,Qarlı,1,100
Babək,0,6,1,Yağışlı,0,44
Tbilisi,16,1,0,Açıq,0,24
Qara Qarayev,0,0,0,Dumanlı,0,28
İstiqlaliyyət,7,1,0,Yağışlı,0,93
Rəşid Behbudov,17,3,0,Yağışlı,0,100
Tbilisi,18,4,0,Açıq,0,67
Zərdabi,23,5,1,Qarlı,0,51
İstiqlaliyyət,12,4,0,Dumanlı,0,58
Neftçilər,2,5,1,Dumanlı,1,45
Neftçilər,15,5,1,Açıq,0,44
Ziya Bünyadov,4,0,0,Dumanlı,0,45
Ziya Bünyadov,9,4,0,Açıq,0,81
Neftçilər,21,3,0,Yağışlı,0,38
İstiqlaliyyət,17,1,0,Qarlı,0,100
Atatürk,1,5,1,Açıq,0,11
Zərdabi,3,3,0,Dumanlı,1,42
Tbilisi,13,4,0,Qarlı,0,88
Ziya Bünyadov,3,0,0,Qarlı,0,73
Zərdabi,23,4,0,Açıq,0,23
Zərdabi,1,4,0,Yağışlı,0,42
Zərdabi,6,1,0,Yağışlı,0,51
Tbilisi,6,0,0,Dumanlı,1,40
Rəşid Behbudov,1,6,1,Açıq,0,13
Atatürk,18,5,1,Dumanlı,0,58
Ziya Bünyadov,9,6,1,Yağışlı,1,81
Rəşid Behbudov,16,0,0,Dumanlı,0,52
Babək,21,6,1,Dumanlı,0,35
Heydər Əliyev,2,0,0,Yağışlı,2,76
Babək,17,6,1,Qarlı,0,74
Babək,17,3,0,Qarlı,0,100
Heydər Əliyev,9,3,0,Qarlı,0,96
Rəşid Behbudov,20,2,0,Yağışlı,0,86
Atatürk,3,4,0,Qarlı,0,59
Heydər Əliyev,12,4,0,Yağışlı,0,52
Heydər Əliyev,21,3,0,Yağışlı,0,47
Atatürk,22,0,0,Qarlı,0,44
Babək,10,5,1,Açıq,0,46
Neftçilər,0,1,0,Qarlı,0,56
Rəşid Behbudov,21,3,0,Dumanlı,0,32
Qara Qarayev,3,4,0,Qarlı,3,100
İstiqlaliyyət,6,3,0,Açıq,0,17
Heydər Əliyev,20,6,1,Açıq,0,34
Neftçilər,4,5,1,Yağışlı,0,36
Rəşid Behbudov,2,6,1,Qarlı,0,52
Atatürk,15,1,0,Qarlı,0,82
İstiqlaliyyət,2,4,0,Yağışlı,0,39
Babək,2,2,0,Açıq,0,28
Babək,1,6,1,Dumanlı,0,27
Babək,2,6,1,Açıq,0,26
Heydər Əliyev,3,4,0,Yağışlı,0,50
Babək,4,2,0,Açıq,0,29
Heydər Əliyev,12,6,1,Dumanlı,0,53
Neftçilər,11,4,0,Qarlı,0,80
Neftçilər,14,6,1,Yağışlı,0,59
Qara Qarayev,4,4,0,Qarlı,0,51
Tbilisi,10,6,1,Dumanlı,0,46
İstiqlaliyyət,10,0,0,Qarlı,0,72
Tbilisi,18,4,0,Açıq,0,78
İstiqlaliyyət,5,1,0,Açıq,0,13
Neftçilər,12,1,0,Yağışlı,0,63
Zərdabi,13,6,1,Qarlı,0,68
Tbilisi,6,3,0,Yağışlı,0,35
Neftçilər,22,1,0,Yağışlı,0,34
Heydər Əliyev,13,2,0,Açıq,0,23
Atatürk,6,0,0,Qarlı,0,59
Rəşid Behbudov,22,4,0,Açıq,0,19
Qara Qarayev,2,0,0,Dumanlı,1,51
Ziya Bünyadov,0,6,1,Dumanlı,0,43
Qara Qarayev,9,5,1,Qarlı,0,56
Zərdabi,5,2,0,Dumanlı,0,35
İstiqlaliyyət,10,0,0,Açıq,0,42
Rəşid Behbudov,7,5,1,Qarlı,0,51
Babək,10,4,0,Qarlı,0,72
Neftçilər,3,4,0,Açıq,0,11
Babək,13,4,0,Yağışlı,0,61
Zərdabi,22,2,0,Yağışlı,0,28
Atatürk,20,3,0,Qarlı,0,93
İstiqlaliyyət,1,6,1,Dumanlı,1,51
İstiqlaliyyət,18,0,0,Yağışlı,0,97
İstiqlaliyyət,2,0,0,Qarlı,0,60
Ziya Bünyadov,12,3,0,Dumanlı,1,77
Atatürk,7,4,0,Açıq,0,81
Neftçilər,9,4,0,Yağışlı,0,79
İstiqlaliyyət,11,0,0,Açıq,0,43
Ziya Bünyadov,8,1,0,Yağışlı,0,100
Qara Qarayev,18,3,0,Yağışlı,0,91
Tbilisi,11,0,0,Qarlı,0,61
Zərdabi,8,4,0,Qarlı,0,100
İstiqlaliyyət,23,3,0,Qarlı,0,48
Babək,5,5,1,Qarlı,0,51
İstiqlaliyyət,23,1,0,Açıq,0,10
İstiqlaliyyət,4,6,1,Qarlı,1,73
Rəşid Behbudov,3,6,1,Yağışlı,0,29
Rəşid Behbudov,19,5,1,Yağışlı,0,43
Heydər Əliyev,6,1,0,Yağışlı,0,50
Zərdabi,12,0,0,Qarlı,0,82
Neftçilər,18,1,0,Yağışlı,1,100
Ziya Bünyadov,0,3,0,Qarlı,0,59
Ziya Bünyadov,20,4,0,Yağışlı,1,100
Rəşid Behbudov,20,0,0,Açıq,0,84
İstiqlaliyyət,15,6,1,Qarlı,0,84
Rəşid Behbudov,2,2,0,Açıq,0,11
Ziya Bünyadov,13,6,1,Açıq,0,60
Rəşid Behbudov,23,6,1,Açıq,0,11
Rəşid Behbudov,18,3,0,Yağışlı,0,100
Ziya Bünyadov,12,0,0,Yağışlı,0,66
Babək,18,4,0,Dumanlı,2,100
Heydər Əliyev,14,5,1,Qarlı,1,98
Atatürk,5,4,0,Dumanlı,0,36
Babək,17,5,1,Qarlı,0,65
Qara Qarayev,7,6,1,Yağışlı,0,58
Babək,1,4,0,Dumanlı,0,21
Rəşid Behbudov,21,6,1,Dumanlı,0,35
Zərdabi,7,0,0,Yağışlı,0,90
Neftçilər,22,5,1,Dumanlı,1,47
Heydər Əliyev,23,3,0,Yağışlı,1,55
Babək,15,2,0,Açıq,2,82
Zərdabi,2,0,0,Açıq,0,26
Tbilisi,22,1,0,Dumanlı,0,31
Zərdabi,10,3,0,Qarlı,0,62
Tbilisi,18,3,0,Dumanlı,1,90
Babək,13,5,1,Qarlı,0,72
Ziya Bünyadov,19,5,1,Yağışlı,1,100
Atatürk,2,4,0,Yağışlı,0,44
Neftçilər,10,6,1,Qarlı,0,84
Ziya Bünyadov,3,5,1,Dumanlı,0,53
Zərdabi,6,2,0,Yağışlı,0,43
Heydər Əliyev,0,5,1,Açıq,0,17
Rəşid Behbudov,1,2,0,Yağışlı,0,39
Qara Qarayev,4,1,0,Yağışlı,0,31
Heydər Əliyev,20,4,0,Açıq,0,59
İstiqlaliyyət,4,2,0,Yağışlı,0,36
Qara Qarayev,22,3,0,Yağışlı,1,61
Tbilisi,20,6,1,Qarlı,0,81
İstiqlaliyyət,8,5,1,Dumanlı,1,72
Ziya Bünyadov,18,2,0,Açıq,0,79
Babək,19,4,0,Yağışlı,0,85
Tbilisi,22,0,0,Qarlı,0,53
Babək,6,4,0,Dumanlı,1,60
Atatürk,17,4,0,Yağışlı,0,100
Qara Qarayev,14,0,0,Açıq,0,43
Heydər Əliyev,19,1,0,Yağışlı,0,100
Ziya Bünyadov,15,5,1,Qarlı,0,84
Heydər Əliyev,13,0,0,Açıq,0,53
Zərdabi,18,4,0,Açıq,0,87
İstiqlaliyyət,15,2,0,Yağışlı,0,51
Neftçilər,5,2,0,Qarlı,0,62
Babək,8,1,0,Açıq,2,100
İstiqlaliyyət,22,0,0,Yağışlı,1,71
Qara Qarayev,21,3,0,Dumanlı,0,24
Neftçilər,17,3,0,Yağışlı,0,81
Tbilisi,13,2,0,Qarlı,0,69
Tbilisi,2,6,1,Yağışlı,0,33
Ziya Bünyadov,0,5,1,Yağışlı,1,56
Neftçilər,20,4,0,Dumanlı,0,79
Atatürk,1,3,0,Qarlı,0,39
Atatürk,4,5,1,Açıq,0,21
Zərdabi,4,5,1,Dumanlı,0,28
Zərdabi,22,0,0,Açıq,2,64
Tbilisi,7,1,0,Dumanlı,0,93
Heydər Əliyev,14,5,1,Yağışlı,0,57
Neftçilər,3,2,0,Açıq,0,25
Rəşid Behbudov,14,4,0,Açıq,1,58
Atatürk,19,2,0,Dumanlı,0,84
Babək,19,2,0,Dumanlı,0,71
İstiqlaliyyət,6,4,0,Dumanlı,0,27
Rəşid Behbudov,1,4,0,Yağışlı,0,37
Atatürk,10,6,1,Açıq,0,42
İstiqlaliyyət,23,0,0,Dumanlı,0,37
Qara Qarayev,8,2,0,Açıq,0,65
Rəşid Behbudov,18,1,0,Dumanlı,1,90
İstiqlaliyyət,10,0,0,Yağışlı,0,47
Atatürk,11,0,0,Qarlı,0,75
Ziya Bünyadov,8,3,0,Dumanlı,0,80
Rəşid Behbudov,18,2,0,Qarlı,0,89
Babək,12,5,1,Yağışlı,0,66
Zərdabi,23,5,1,Yağışlı,0,39
Heydər Əliyev,21,2,0,Açıq,1,41
İstiqlaliyyət,6,5,1,Dumanlı,0,37
Ziya Bünyadov,6,3,0,Qarlı,0,66
Heydər Əliyev,17,6,1,Qarlı,0,71
Tbilisi,0,1,0,Qarlı,1,68
Rəşid Behbudov,16,0,0,Qarlı,2,87
Qara Qarayev,22,0,0,Yağışlı,0,37
Ziya Bünyadov,12,0,0,Dumanlı,0,60
Neftçilər,23,1,0,Açıq,0,11
Zərdabi,17,4,0,Yağışlı,0,92
Babək,22,4,0,Yağışlı,1,69
Heydər Əliyev,11,5,1,Açıq,0,47
Tbilisi,1,0,0,Yağışlı,0,30
İstiqlaliyyət,12,2,0,Yağışlı,0,56
İstiqlaliyyət,18,4,0,Qarlı,0,100
Babək,17,6,1,Yağışlı,0,60
Ziya Bünyadov,6,5,1,Dumanlı,0,42
Heydər Əliyev,7,1,0,Açıq,0,76
Zərdabi,9,1,0,Açıq,0,81
Babək,7,0,0,Açıq,1,84
Zərdabi,3,0,0,Açıq,0,18
Rəşid Behbudov,16,6,1,Qarlı,0,74
Atatürk,12,3,0,Açıq,0,29
Heydər Əliyev,20,3,0,Yağışlı,0,87
İstiqlaliyyət,20,2,0,Qarlı,0,100
Neftçilər,12,3,0,Açıq,0,22
Ziya Bünyadov,13,2,0,Qarlı,1,97
Zərdabi,14,0,0,Açıq,1,65
Zərdabi,19,3,0,Dumanlı,0,79
Qara Qarayev,15,5,1,Açıq,1,63
Rəşid Behbudov,1,6,1,Dumanlı,0,38
Ziya Bünyadov,20,4,0,Yağışlı,2,100
Tbilisi,0,1,0,Açıq,2,45
Atatürk,1,2,0,Dumanlı,0,23
Qara Qarayev,12,0,0,Yağışlı,0,61
Atatürk,19,4,0,Yağışlı,0,84
Heydər Əliyev,17,0,0,Açıq,0,76
Tbilisi,1,0,0,Qarlı,1,69
Heydər Əliyev,18,0,0,Açıq,0,54
İstiqlaliyyət,20,5,1,Qarlı,0,70
Ziya Bünyadov,11,2,0,Yağışlı,0,77
Heydər Əliyev,16,4,0,Yağışlı,2,100
Neftçilər,16,5,1,Qarlı,0,73
İstiqlaliyyət,15,4,0,Açıq,0,40
İstiqlaliyyət,12,5,1,Dumanlı,3,100
İstiqlaliyyət,3,2,0,Yağışlı,0,46
Heydər Əliyev,0,6,1,Açıq,0,10
Qara Qarayev,19,0,0,Qarlı,0,100
Ziya Bünyadov,7,0,0,Açıq,0,91
Heydər Əliyev,5,0,0,Açıq,0,16
Zərdabi,17,4,0,Yağışlı,0,83
İstiqlaliyyət,15,4,0,Qarlı,1,84
Atatürk,16,4,0,Açıq,0,38
Zərdabi,17,0,0,Dumanlı,1,100
Zərdabi,9,1,0,Qarlı,0,98
Heydər Əliyev,19,4,0,Açıq,0,72
Rəşid Behbudov,17,2,0,Açıq,2,100
Ziya Bünyadov,6,2,0,Yağışlı,0,54
Ziya Bünyadov,13,4,0,Açıq,0,46
Heydər Əliyev,20,2,0,Qarlı,0,100
Babək,3,0,0,Açıq,1,47
İstiqlaliyyət,22,2,0,Qarlı,1,71
İstiqlaliyyət,6,0,0,Yağışlı,0,48
Babək,14,6,1,Qarlı,0,55
Babək,5,2,0,Qarlı,0,43
Babək,22,5,1,Yağışlı,0,32
İstiqlaliyyət,14,2,0,Dumanlı,0,30
Tbilisi,0,6,1,Dumanlı,0,34
Heydər Əliyev,20,6,1,Açıq,1,56
İstiqlaliyyət,5,0,0,Yağışlı,1,64
Tbilisi,15,0,0,Dumanlı,1,83
Heydər Əliyev,17,4,0,Yağışlı,1,100
Atatürk,12,0,0,Qarlı,0,86
Ziya Bünyadov,7,6,1,Dumanlı,2,100
Atatürk,8,5,1,Açıq,1,50
Ziya Bünyadov,21,2,0,Dumanlı,0,44
İstiqlaliyyət,20,4,0,Yağışlı,0,80
Qara Qarayev,19,1,0,Dumanlı,0,80
İstiqlaliyyət,7,3,0,Dumanlı,0,70
Neftçilər,16,0,0,Açıq,0,29
Atatürk,16,5,1,Dumanlı,0,56
Zərdabi,19,5,1,Açıq,0,36
İstiqlaliyyət,10,1,0,Yağışlı,0,46
Zərdabi,12,1,0,Dumanlı,0,59
Tbilisi,2,5,1,Yağışlı,0,44
Rəşid Behbudov,18,1,0,Yağışlı,0,100
Babək,6,1,0,Dumanlı,1,53
Qara Qarayev,3,0,0,Dumanlı,0,27
Babək,20,6,1,Qarlı,1,71
Tbilisi,6,3,0,Yağışlı,0,43
Heydər Əliyev,7,1,0,Qarlı,0,94
Qara Qarayev,3,3,0,Dumanlı,0,29
Qara Qarayev,10,4,0,Dumanlı,0,56
İstiqlaliyyət,4,4,0,Açıq,0,15
Tbilisi,16,4,0,Yağışlı,1,95
Babək,19,3,0,Qarlı,0,94
Heydər Əliyev,5,4,0,Qarlı,0,52
Qara Qarayev,4,0,0,Yağışlı,1,58
Babək,8,2,0,Açıq,0,88
Qara Qarayev,5,2,0,Qarlı,0,63
Atatürk,19,0,0,Qarlı,0,93
Neftçilər,21,1,0,Yağışlı,0,39
Qara Qarayev,17,6,1,Dumanlı,0,42
Babək,14,0,0,Yağışlı,0,66
Zərdabi,23,3,0,Yağışlı,0,45
Tbilisi,17,6,1,Qarlı,0,67
Rəşid Behbudov,12,5,1,Dumanlı,0,61
Neftçilər,2,6,1,Yağışlı,0,48
Atatürk,19,2,0,Yağışlı,0,84
Zərdabi,13,1,0,Yağışlı,0,51
İstiqlaliyyət,6,3,0,Yağışlı,0,49
Babək,0,6,1,Açıq,0,22
Rəşid Behbudov,5,0,0,Dumanlı,2,68
Atatürk,7,6,1,Qarlı,0,64
İstiqlaliyyət,8,2,0,Açıq,1,90
Neftçilər,6,2,0,Dumanlı,0,30
Tbilisi,10,3,0,Yağışlı,0,70
Babək,6,3,0,Yağışlı,0,41
Rəşid Behbudov,0,5,1,Yağışlı,0,41
Tbilisi,22,6,1,Qarlı,1,74
Ziya Bünyadov,11,0,0,Dumanlı,1,81
Tbilisi,8,2,0,Dumanlı,1,98
Tbilisi,15,0,0,Qarlı,0,79
Heydər Əliyev,7,3,0,Yağışlı,0,83
Babək,9,6,1,Yağışlı,0,65
Neftçilər,13,6,1,Qarlı,0,84
Ziya Bünyadov,1,0,0,Qarlı,1,81
Zərdabi,12,3,0,Qarlı,0,66
Tbilisi,19,2,0,Dumanlı,0,91
Heydər Əliyev,1,1,0,Yağışlı,0,37
Rəşid Behbudov,4,5,1,Qarlı,0,60
Atatürk,13,3,0,Yağışlı,0,61
Ziya Bünyadov,5,3,0,Qarlı,0,60
Neftçilər,22,6,1,Dumanlı,2,77
Heydər Əliyev,10,4,0,Açıq,1,63
Tbilisi,22,3,0,Qarlı,1,63
Babək,23,6,1,Yağışlı,0,28
Zərdabi,8,4,0,Qarlı,1,100
Neftçilər,11,1,0,Dumanlı,0,38
İstiqlaliyyət,17,1,0,Yağışlı,0,100
Neftçilər,23,2,0,Açıq,0,27
Heydər Əliyev,7,5,1,Açıq,0,36
Rəşid Behbudov,23,3,0,Qarlı,0,41
Heydər Əliyev,1,4,0,Dumanlı,0,34
Tbilisi,1,2,0,Qarlı,1,71
Heydər Əliyev,5,0,0,Dumanlı,0,21
Neftçilər,14,5,1,Yağışlı,0,73
Rəşid Behbudov,14,2,0,Yağışlı,1,73
Babək,10,6,1,Yağışlı,0,70
İstiqlaliyyət,14,2,0,Yağışlı,0,54
Babək,1,0,0,Açıq,0,29
İstiqlaliyyət,9,1,0,Qarlı,0,100
Babək,15,0,0,Dumanlı,2,78
Zərdabi,10,6,1,Yağışlı,0,64
Atatürk,22,4,0,Açıq,1,47
Neftçilər,21,0,0,Qarlı,0,65
Babək,13,0,0,Qarlı,0,79
Babək,18,4,0,Yağışlı,0,81
Qara Qarayev,15,6,1,Yağışlı,1,79
Ziya Bünyadov,13,0,0,Qarlı,0,88
Heydər Əliyev,2,6,1,Dumanlı,2,89
Qara Qarayev,13,1,0,Qarlı,0,78
Babək,16,6,1,Açıq,0,30
Ziya Bünyadov,16,5,1,Açıq,0,58
Tbilisi,10,4,0,Yağışlı,0,74
Qara Qarayev,3,4,0,Yağışlı,1,46
Rəşid Behbudov,13,4,0,Dumanlı,0,46
Qara Qarayev,23,5,1,Qarlı,0,54
Qara Qarayev,16,1,0,Yağışlı,0,76
Heydər Əliyev,18,2,0,Dumanlı,1,100
Babək,19,5,1,Yağışlı,0,63
Atatürk,2,4,0,Dumanlı,0,44
İstiqlaliyyət,17,2,0,Qarlı,0,86
Rəşid Behbudov,13,1,0,Qarlı,0,77
Ziya Bünyadov,17,6,1,Yağışlı,1,98
Rəşid Behbudov,23,2,0,Qarlı,1,76
Qara Qarayev,7,2,0,Dumanlı,0,75
Qara Qarayev,19,0,0,Açıq,0,66
Heydər Əliyev,15,2,0,Dumanlı,0,44
Heydər Əliyev,22,2,0,Yağışlı,0,46
İstiqlaliyyət,15,0,0,Dumanlı,0,41
Babək,10,2,0,Yağışlı,1,80
İstiqlaliyyət,12,0,0,Qarlı,0,91
Babək,11,1,0,Yağışlı,0,49
Neftçilər,11,5,1,Yağışlı,0,58
Babək,19,4,0,Yağışlı,1,100
Ziya Bünyadov,9,3,0,Dumanlı,0,86
Atatürk,3,4,0,Yağışlı,0,41
Zərdabi,10,1,0,Qarlı,0,83
Neftçilər,8,2,0,Açıq,0,64
Ziya Bünyadov,2,0,0,Qarlı,1,83
Zərdabi,13,1,0,Dumanlı,0,37
Qara Qarayev,12,3,0,Dumanlı,0,56
Rəşid Behbudov,0,1,0,Dumanlı,0,25
Ziya Bünyadov,8,6,1,Açıq,0,42
Heydər Əliyev,3,4,0,Yağışlı,0,54
Heydər Əliyev,16,4,0,Dumanlı,0,57
Heydər Əliyev,17,6,1,Yağışlı,0,51
Babək,10,6,1,Qarlı,0,51
İstiqlaliyyət,7,1,0,Açıq,0,70
Neftçilər,9,0,0,Yağışlı,1,89
Atatürk,18,5,1,Qarlı,0,59
Neftçilər,23,1,0,Yağışlı,0,42
Heydər Əliyev,12,2,0,Yağışlı,1,84
Heydər Əliyev,18,2,0,Açıq,0,72
Ziya Bünyadov,21,4,0,Yağışlı,1,74
İstiqlaliyyət,20,6,1,Açıq,1,62
Ziya Bünyadov,11,3,0,Yağışlı,0,70
Neftçilər,18,2,0,Açıq,1,82
Babək,18,6,1,Açıq,0,29
Atatürk,1,2,0,Açıq,0,19
Ziya Bünyadov,15,2,0,Açıq,0,48
İstiqlaliyyət,23,3,0,Yağışlı,0,45
Tbilisi,20,0,0,Açıq,0,70
Zərdabi,0,3,0,Açıq,0,30
Rəşid Behbudov,3,2,0,Qarlı,0,61
Zərdabi,15,5,1,Dumanlı,0,41
Atatürk,9,2,0,Dumanlı,2,100
Rəşid Behbudov,4,5,1,Açıq,0,14
Ziya Bünyadov,7,6,1,Açıq,0,31
Heydər Əliyev,3,5,1,Dumanlı,2,60
Rəşid Behbudov,23,6,1,Yağışlı,1,58
Atatürk,23,5,1,Yağışlı,0,35
Ziya Bünyadov,8,5,1,Dumanlı,0,58
Heydər Əliyev,7,0,0,Dumanlı,0,76
Tbilisi,20,4,0,Qarlı,0,100
Heydər Əliyev,21,5,1,Dumanlı,0,43
Tbilisi,22,5,1,Yağışlı,1,56
Heydər Əliyev,23,6,1,Qarlı,1,66
Rəşid Behbudov,8,2,0,Qarlı,0,100
İstiqlaliyyət,8,3,0,Dumanlı,0,87
Babək,3,0,0,Yağışlı,0,47
Atatürk,4,1,0,Açıq,1,28
Qara Qarayev,11,2,0,Dumanlı,0,52
Ziya Bünyadov,19,0,0,Açıq,0,84
Heydər Əliyev,10,2,0,Dumanlı,1,67
Atatürk,12,1,0,Qarlı,0,70
Neftçilər,14,2,0,Yağışlı,0,62
Heydər Əliyev,18,3,0,Dumanlı,0,76
Babək,17,2,0,Açıq,0,83
Zərdabi,0,0,0,Açıq,0,17
Tbilisi,1,6,1,Qarlı,0,66
Tbilisi,0,0,0,Dumanlı,0,30
Neftçilər,12,4,0,Qarlı,0,79
Heydər Əliyev,8,5,1,Yağışlı,0,52
Babək,12,1,0,Yağışlı,0,60
Zərdabi,4,2,0,Dumanlı,0,31
Ziya Bünyadov,0,0,0,Qarlı,1,74
Zərdabi,19,1,0,Açıq,0,63
Qara Qarayev,15,6,1,Yağışlı,0,54
Ziya Bünyadov,4,4,0,Açıq,0,31
Rəşid Behbudov,17,4,0,Yağışlı,0,98
Zərdabi,1,5,1,Açıq,3,70
Zərdabi,11,1,0,Açıq,0,28
Babək,6,4,0,Açıq,0,21
Zərdabi,21,3,0,Yağışlı,0,42
Atatürk,17,2,0,Yağışlı,0,87
Babək,8,4,0,Qarlı,0,100
Ziya Bünyadov,23,2,0,Dumanlı,1,61
Heydər Əliyev,6,2,0,Dumanlı,0,27
Tbilisi,9,3,0,Dumanlı,0,80
Tbilisi,13,0,0,Açıq,0,45
Rəşid Behbudov,9,6,1,Açıq,0,36
Atatürk,20,6,1,Qarlı,0,60
Tbilisi,12,6,1,Dumanlı,0,67
Ziya Bünyadov,8,2,0,Açıq,1,100
Qara Qarayev,17,3,0,Yağışlı,1,100
Babək,19,3,0,Qarlı,0,100
Babək,10,0,0,Yağışlı,0,65
Rəşid Behbudov,18,2,0,Yağışlı,0,73
Ziya Bünyadov,15,0,0,Açıq,1,75
Neftçilər,23,6,1,Qarlı,0,50
Atatürk,10,2,0,Açıq,0,42
Rəşid Behbudov,10,4,0,Açıq,0,34
Qara Qarayev,8,0,0,Açıq,0,78
Babək,0,5,1,Qarlı,0,44
Atatürk,9,1,0,Qarlı,0,97
Atatürk,11,4,0,Yağışlı,0,64
Rəşid Behbudov,6,1,0,Qarlı,0,55
Zərdabi,15,4,0,Açıq,0,43
Babək,22,4,0,Açıq,1,41
Neftçilər,13,4,0,Dumanlı,0,47
Atatürk,19,3,0,Qarlı,0,99
İstiqlaliyyət,20,6,1,Qarlı,0,78
Neftçilər,17,2,0,Yağışlı,0,100
Tbilisi,22,0,0,Dumanlı,1,47
İstiqlaliyyət,20,3,0,Qarlı,0,98
Ziya Bünyadov,10,3,0,Açıq,0,49
Qara Qarayev,10,2,0,Dumanlı,0,59
Atatürk,20,2,0,Yağışlı,0,96
Tbilisi,1,1,0,Yağışlı,0,37
Neftçilər,20,5,1,Açıq,0,40
İstiqlaliyyət,18,5,1,Yağışlı,1,70
İstiqlaliyyət,10,5,1,Açıq,0,38
Tbilisi,9,4,0,Qarlı,0,81
İstiqlaliyyət,0,4,0,Qarlı,1,85
Ziya Bünyadov,15,6,1,Açıq,0,49
Ziya Bünyadov,8,2,0,Qarlı,0,100
Ziya Bünyadov,6,3,0,Qarlı,2,100
Rəşid Behbudov,0,6,1,Qarlı,0,54
Neftçilər,20,0,0,Yağışlı,0,73
Atatürk,6,6,1,Dumanlı,0,35
Neftçilər,19,5,1,Yağışlı,0,54
Ziya Bünyadov,22,1,0,Açıq,0,32
İstiqlaliyyət,18,1,0,Açıq,0,63
Neftçilər,19,2,0,Dumanlı,2,100
Rəşid Behbudov,23,4,0,Dumanlı,0,42
Neftçilər,0,4,0,Dumanlı,0,27
Ziya Bünyadov,17,4,0,Açıq,0,72
Neftçilər,1,1,0,Açıq,0,19
Tbilisi,18,2,0,Yağışlı,0,77
Ziya Bünyadov,18,5,1,Qarlı,0,80
Rəşid Behbudov,4,1,0,Yağışlı,0,40
Neftçilər,21,4,0,Qarlı,0,51
Qara Qarayev,4,6,1,Dumanlı,0,28
Zərdabi,3,5,1,Dumanlı,0,30
Neftçilər,15,3,0,Dumanlı,0,52
Atatürk,13,0,0,Dumanlı,0,59
Rəşid Behbudov,23,5,1,Açıq,0,20
Heydər Əliyev,2,3,0,Açıq,1,36
Ziya Bünyadov,21,6,1,Qarlı,0,66
Rəşid Behbudov,1,6,1,Qarlı,0,50
Atatürk,23,6,1,Yağışlı,1,74
Heydər Əliyev,21,1,0,Yağışlı,0,44
Atatürk,20,4,0,Qarlı,2,100
Tbilisi,13,6,1,Qarlı,0,89
Babək,21,1,0,Dumanlı,0,32
Babək,19,0,0,Yağışlı,0,100
Babək,14,3,0,Dumanlı,0,57
İstiqlaliyyət,8,4,0,Yağışlı,0,79
Ziya Bünyadov,16,1,0,Dumanlı,0,63
Zərdabi,21,2,0,Yağışlı,1,60
Rəşid Behbudov,16,1,0,Dumanlı,0,63
Tbilisi,20,0,0,Açıq,0,63
Babək,14,5,1,Açıq,0,46
Neftçilər,20,6,1,Qarlı,0,64
Babək,4,0,0,Qarlı,0,64
Ziya Bünyadov,15,6,1,Açıq,0,54
Neftçilər,7,3,0,Yağışlı,1,99
Rəşid Behbudov,17,3,0,Yağışlı,0,96
Ziya Bünyadov,23,4,0,Yağışlı,2,100
Heydər Əliyev,11,3,0,Yağışlı,0,60
Ziya Bünyadov,17,3,0,Qarlı,1,100
Rəşid Behbudov,15,6,1,Dumanlı,0,41
İstiqlaliyyət,15,4,0,Dumanlı,0,69
Rəşid Behbudov,15,0,0,Qarlı,0,79
İstiqlaliyyət,11,1,0,Qarlı,0,75
Neftçilər,12,4,0,Qarlı,0,82
Tbilisi,7,1,0,Açıq,0,78
Heydər Əliyev,13,5,1,Qarlı,0,68
Qara Qarayev,1,4,0,Yağışlı,0,41
Heydər Əliyev,22,1,0,Yağışlı,0,43
İstiqlaliyyət,20,6,1,Açıq,0,33
Qara Qarayev,14,2,0,Açıq,0,35
İstiqlaliyyət,12,1,0,Açıq,1,61
Heydər Əliyev,4,2,0,Qarlı,0,54
Atatürk,12,2,0,Yağışlı,0,72
Neftçilər,0,3,0,Dumanlı,0,32
Atatürk,9,3,0,Qarlı,2,100
Ziya Bünyadov,14,4,0,Dumanlı,0,80
Atatürk,21,0,0,Qarlı,0,53
Tbilisi,8,5,1,Qarlı,1,72
Heydər Əliyev,9,6,1,Açıq,0,44
Atatürk,12,1,0,Dumanlı,0,54
Tbilisi,19,2,0,Dumanlı,0,75
Qara Qarayev,4,5,1,Açıq,1,43
Heydər Əliyev,16,3,0,Yağışlı,1,62
Atatürk,2,3,0,Açıq,2,61
Neftçilər,13,2,0,Qarlı,0,59
Rəşid Behbudov,15,1,0,Qarlı,1,85
Qara Qarayev,8,5,1,Açıq,0,47
İstiqlaliyyət,10,1,0,Açıq,0,53
Zərdabi,19,5,1,Açıq,0,42
Babək,21,6,1,Yağışlı,0,41
Heydər Əliyev,18,2,0,Yağışlı,0,100
Ziya Bünyadov,3,2,0,Dumanlı,0,43
Ziya Bünyadov,14,6,1,Dumanlı,3,100
Qara Qarayev,1,5,1,Qarlı,0,49
Tbilisi,6,0,0,Açıq,0,18
Zərdabi,2,6,1,Qarlı,0,62
Zərdabi,20,5,1,Açıq,0,38
Neftçilər,22,3,0,Dumanlı,0,33
Ziya Bünyadov,19,3,0,Dumanlı,2,100
Atatürk,17,6,1,Yağışlı,0,59
Qara Qarayev,0,5,1,Dumanlı,0,32
Neftçilər,12,0,0,Dumanlı,0,68
Tbilisi,16,0,0,Dumanlı,0,47
Heydər Əliyev,16,6,1,Yağışlı,0,74
Babək,13,0,0,Dumanlı,0,56
Neftçilər,20,4,0,Yağışlı,0,82
Neftçilər,6,5,1,Yağışlı,1,59
Atatürk,8,5,1,Qarlı,1,74
Heydər Əliyev,5,4,0,Yağışlı,1,57
Qara Qarayev,6,0,0,Yağışlı,0,53
Zərdabi,6,3,0,Dumanlı,1,58
Zərdabi,21,1,0,Qarlı,0,51
Qara Qarayev,20,3,0,Yağışlı,0,84
Neftçilər,15,0,0,Yağışlı,2,99
Babək,0,1,0,Açıq,0,26
Neftçilər,11,0,0,Açıq,0,35
Tbilisi,3,0,0,Yağışlı,2,95
Heydər Əliyev,5,3,0,Açıq,0,26
Atatürk,13,4,0,Dumanlı,0,42
Atatürk,8,0,0,Dumanlı,0,72
Rəşid Behbudov,20,0,0,Yağışlı,0,88
İstiqlaliyyət,9,0,0,Açıq,0,73
Rəşid Behbudov,21,5,1,Açıq,0,24
Babək,18,3,0,Qarlı,0,94
İstiqlaliyyət,17,6,1,Açıq,0,34
Zərdabi,6,2,0,Qarlı,0,40
Neftçilər,16,3,0,Açıq,1,73
Zərdabi,0,5,1,Yağışlı,1,71
Ziya Bünyadov,23,2,0,Açıq,0,28
Rəşid Behbudov,8,2,0,Açıq,0,70
Neftçilər,11,2,0,Yağışlı,0,64
Atatürk,23,0,0,Açıq,2,58
Neftçilər,8,2,0,Dumanlı,0,91
Zərdabi,19,4,0,Yağışlı,1,100
Rəşid Behbudov,18,1,0,Qarlı,0,98
Babək,5,1,0,Açıq,0,12
Zərdabi,4,1,0,Qarlı,1,70
Ziya Bünyadov,23,1,0,Qarlı,1,74
Ziya Bünyadov,7,6,1,Yağışlı,0,52
Rəşid Behbudov,7,2,0,Dumanlı,0,77
Qara Qarayev,11,4,0,Dumanlı,1,62
Tbilisi,1,3,0,Yağışlı,0,41
İstiqlaliyyət,4,4,0,Dumanlı,2,66
Qara Qarayev,10,1,0,Dumanlı,1,75
Tbilisi,20,0,0,Dumanlı,0,92
Babək,20,0,0,Dumanlı,0,66
Neftçilər,3,6,1,Dumanlı,0,26
Qara Qarayev,6,6,1,Dumanlı,0,36
Qara Qarayev,13,2,0,Qarlı,2,100
Ziya Bünyadov,12,2,0,Yağışlı,0,71
Heydər Əliyev,8,6,1,Qarlı,0,57
Ziya Bünyadov,9,4,0,Yağışlı,0,100
Atatürk,9,3,0,Açıq,0,74
Neftçilər,7,3,0,Açıq,0,69
Tbilisi,11,5,1,Dumanlı,0,62
Babək,11,1,0,Dumanlı,0,64
Babək,22,6,1,Açıq,0,27
Atatürk,22,6,1,Dumanlı,0,29
Neftçilər,18,1,0,Qarlı,1,100
Atatürk,21,5,1,Dumanlı,0,40
Neftçilər,18,4,0,Dumanlı,0,77
Qara Qarayev,18,1,0,Qarlı,0,100
Tbilisi,2,4,0,Dumanlı,0,45
İstiqlaliyyət,13,0,0,Qarlı,0,66
Babək,19,3,0,Qarlı,0,100
Qara Qarayev,9,5,1,Yağışlı,1,80
Rəşid Behbudov,9,3,0,Açıq,2,100
Babək,17,2,0,Qarlı,0,100
Qara Qarayev,12,0,0,Dumanlı,0,55
Atatürk,17,6,1,Dumanlı,0,39
Babək,3,2,0,Qarlı,0,56
Qara Qarayev,22,2,0,Yağışlı,1,58
Heydər Əliyev,4,4,0,Qarlı,0,47
İstiqlaliyyət,19,4,0,Yağışlı,0,99
Zərdabi,10,3,0,Açıq,0,24
Qara Qarayev,19,2,0,Yağışlı,0,99
İstiqlaliyyət,23,5,1,Qarlı,1,55
İstiqlaliyyət,8,2,0,Yağışlı,0,100
Zərdabi,5,5,1,Yağışlı,0,48
Heydər Əliyev,21,0,0,Yağışlı,0,33
İstiqlaliyyət,8,3,0,Açıq,0,71
Neftçilər,8,3,0,Dumanlı,0,82
Atatürk,11,2,0,Açıq,0,44
Rəşid Behbudov,18,2,0,Dumanlı,0,64
Atatürk,10,3,0,Yağışlı,0,70
Atatürk,20,1,0,Açıq,0,84
Rəşid Behbudov,9,1,0,Yağışlı,1,100
Heydər Əliyev,13,2,0,Dumanlı,0,52
Qara Qarayev,12,0,0,Açıq,0,55
Babək,20,0,0,Açıq,0,79
İstiqlaliyyət,21,3,0,Açıq,0,19
Qara Qarayev,19,5,1,Yağışlı,0,59
Rəşid Behbudov,14,6,1,Qarlı,1,83
Neftçilər,4,3,0,Dumanlı,0,35
Heydər Əliyev,18,3,0,Qarlı,0,100
Atatürk,23,1,0,Dumanlı,0,28
Ziya Bünyadov,11,6,1,Yağışlı,0,76
Zərdabi,23,5,1,Açıq,0,17
Ziya Bünyadov,9,1,0,Qarlı,1,100
Qara Qarayev,4,3,0,Yağışlı,0,43
Babək,19,5,1,Açıq,0,39
Rəşid Behbudov,10,0,0,Açıq,3,91
Heydər Əliyev,8,3,0,Yağışlı,0,81
İstiqlaliyyət,15,2,0,Qarlı,0,84
İstiqlaliyyət,4,3,0,Açıq,0,28
Heydər Əliyev,11,1,0,Dumanlı,0,50
Qara Qarayev,0,5,1,Dumanlı,1,58
Rəşid Behbudov,9,4,0,Açıq,0,66
İstiqlaliyyət,2,0,0,Yağışlı,0,53
Babək,11,1,0,Açıq,0,45
Heydər Əliyev,3,1,0,Dumanlı,0,40
Heydər Əliyev,0,3,0,Açıq,1,50
Tbilisi,6,2,0,Qarlı,0,55
Tbilisi,1,0,0,Açıq,0,20
Babək,6,4,0,Dumanlı,0,41
Neftçilər,10,3,0,Dumanlı,0,58
Zərdabi,22,3,0,Açıq,0,28
Neftçilər,8,1,0,Açıq,0,55
Atatürk,22,1,0,Yağışlı,1,54
Qara Qarayev,11,3,0,Dumanlı,0,59
Zərdabi,13,6,1,Qarlı,1,88
Heydər Əliyev,2,4,0,Dumanlı,0,36
Tbilisi,9,0,0,Qarlı,0,99
Babək,3,2,0,Dumanlı,0,37
Babək,16,5,1,Qarlı,0,79
Tbilisi,5,6,1,Dumanlı,0,37
Zərdabi,12,6,1,Yağışlı,0,64
Ziya Bünyadov,3,5,1,Dumanlı,0,42
Ziya Bünyadov,18,5,1,Yağışlı,0,70
Zərdabi,16,0,0,Yağışlı,0,76
Atatürk,6,2,0,Qarlı,0,56
Qara Qarayev,1,3,0,Açıq,0,29
Ziya Bünyadov,4,5,1,Dumanlı,0,31
Atatürk,21,0,0,Dumanlı,1,54
Neftçilər,8,3,0,Qarlı,0,100
Zərdabi,17,0,0,Yağışlı,0,97
Heydər Əliyev,6,2,0,Yağışlı,0,45
Zərdabi,18,2,0,Yağışlı,1,100
Rəşid Behbudov,15,6,1,Dumanlı,0,55
Zərdabi,8,3,0,Qarlı,0,80
Qara Qarayev,1,6,1,Qarlı,0,63
Heydər Əliyev,13,4,0,Dumanlı,2,92
Atatürk,9,1,0,Dumanlı,0,76
Tbilisi,7,3,0,Dumanlı,0,76
Qara Qarayev,22,1,0,Dumanlı,0,36
Ziya Bünyadov,4,5,1,Yağışlı,0,55
Zərdabi,20,6,1,Qarlı,0,59
Babək,12,0,0,Yağışlı,0,61
Ziya Bünyadov,2,4,0,Dumanlı,0,39
Neftçilər,10,4,0,Açıq,0,35
Tbilisi,19,1,0,Açıq,0,80
Ziya Bünyadov,12,6,1,Qarlı,0,83
Atatürk,23,6,1,Dumanlı,0,31
Neftçilər,8,0,0,Dumanlı,0,82
Rəşid Behbudov,6,0,0,Qarlı,0,49
Heydər Əliyev,6,0,0,Yağışlı,0,51
Tbilisi,16,4,0,Yağışlı,1,68
Qara Qarayev,15,1,0,Açıq,0,40
İstiqlaliyyət,8,2,0,Qarlı,0,100
Zərdabi,8,4,0,Qarlı,0,90
Rəşid Behbudov,19,5,1,Qarlı,0,60
Neftçilər,13,2,0,Yağışlı,0,63
Ziya Bünyadov,8,3,0,Açıq,0,83
Qara Qarayev,1,2,0,Açıq,1,47
Zərdabi,23,3,0,Qarlı,0,42
Neftçilər,10,3,0,Qarlı,0,61
İstiqlaliyyət,6,1,0,Qarlı,0,42
Rəşid Behbudov,7,4,0,Açıq,0,64
Rəşid Behbudov,17,5,1,Dumanlı,0,42
Ziya Bünyadov,4,5,1,Qarlı,0,57
Tbilisi,13,6,1,Dumanlı,2,100
Zərdabi,2,0,0,Yağışlı,0,31
Zərdabi,15,1,0,Açıq,0,26
Heydər Əliyev,3,0,0,Açıq,0,27
Heydər Əliyev,14,2,0,Yağışlı,0,51
Qara Qarayev,14,4,0,Qarlı,0,49
Atatürk,2,3,0,Yağışlı,0,42
Neftçilər,5,6,1,Qarlı,0,49
Rəşid Behbudov,20,6,1,Dumanlı,0,51
Heydər Əliyev,21,2,0,Qarlı,0,50
Babək,20,3,0,Yağışlı,0,92
İstiqlaliyyət,2,0,0,Açıq,0,25
Zərdabi,14,0,0,Qarlı,0,67
Atatürk,0,1,0,Dumanlı,0,31
Babək,5,2,0,Qarlı,0,52
Neftçilər,7,4,0,Dumanlı,0,85
İstiqlaliyyət,2,2,0,Qarlı,0,65
Atatürk,21,3,0,Açıq,0,16
Rəşid Behbudov,12,2,0,Yağışlı,0,56
İstiqlaliyyət,14,4,0,Yağışlı,0,71
Neftçilər,15,1,0,Qarlı,0,58
Neftçilər,2,4,0,Yağışlı,2,78
Babək,13,0,0,Qarlı,0,73
Rəşid Behbudov,21,6,1,Yağışlı,0,34
Rəşid Behbudov,0,3,0,Açıq,3,86
İstiqlaliyyət,22,2,0,Dumanlı,0,23
Neftçilər,15,5,1,Açıq,1,47
Rəşid Behbudov,13,5,1,Açıq,1,53
Qara Qarayev,3,1,0,Dumanlı,0,32
Qara Qarayev,4,3,0,Qarlı,0,56
Babək,20,6,1,Qarlı,0,57
Rəşid Behbudov,22,0,0,Yağışlı,0,41
Zərdabi,1,2,0,Dumanlı,0,41
Ziya Bünyadov,7,4,0,Yağışlı,0,100
Qara Qarayev,19,0,0,Dumanlı,0,80
Ziya Bünyadov,5,6,1,Yağışlı,0,48
Babək,4,4,0,Qarlı,0,50
Neftçilər,18,6,1,Qarlı,2,95
Heydər Əliyev,1,1,0,Dumanlı,0,22
Rəşid Behbudov,19,3,0,Qarlı,0,100
Qara Qarayev,8,2,0,Yağışlı,0,77
Heydər Əliyev,17,5,1,Açıq,0,26
İstiqlaliyyət,13,0,0,Dumanlı,0,52
Atatürk,18,5,1,Yağışlı,0,58
Heydər Əliyev,10,3,0,Qarlı,0,86
Ziya Bünyadov,22,3,0,Yağışlı,0,38
Tbilisi,2,1,0,Qarlı,0,50
Rəşid Behbudov,13,5,1,Açıq,0,48
Atatürk,1,3,0,Açıq,0,12
Neftçilər,12,0,0,Qarlı,0,78
Ziya Bünyadov,21,0,0,Qarlı,1,93
Heydər Əliyev,10,0,0,Dumanlı,1,85
Qara Qarayev,3,2,0,Dumanlı,0,20
Babək,2,1,0,Qarlı,2,94
Zərdabi,3,5,1,Qarlı,0,50
Qara Qarayev,10,3,0,Qarlı,0,93
Ziya Bünyadov,14,5,1,Açıq,0,48
Zərdabi,4,2,0,Açıq,0,13
İstiqlaliyyət,19,2,0,Dumanlı,0,96
Neftçilər,1,1,0,Dumanlı,0,24
Heydər Əliyev,9,1,0,Dumanlı,0,86
Tbilisi,3,3,0,Qarlı,0,53
Qara Qarayev,13,3,0,Qarlı,0,53
Neftçilər,6,6,1,Dumanlı,0,25
Qara Qarayev,19,0,0,Qarlı,1,100
Heydər Əliyev,6,1,0,Qarlı,0,55
Qara Qarayev,12,6,1,Qarlı,0,67
Ziya Bünyadov,3,6,1,Yağışlı,0,47
Ziya Bünyadov,0,2,0,Yağışlı,0,47
Qara Qarayev,18,4,0,Yağışlı,0,85
Rəşid Behbudov,7,4,0,Dumanlı,0,93
Neftçilər,23,6,1,Açıq,0,15
Neftçilər,12,4,0,Dumanlı,0,40
Neftçilər,6,3,0,Dumanlı,0,28
Atatürk,18,3,0,Qarlı,0,92
Neftçilər,14,1,0,Açıq,0,47
Tbilisi,19,6,1,Dumanlı,0,48
Rəşid Behbudov,19,0,0,Dumanlı,2,100
Rəşid Behbudov,1,4,0,Yağışlı,0,36
Zərdabi,11,6,1,Yağışlı,1,73
Neftçilər,8,3,0,Dumanlı,0,73
Zərdabi,9,3,0,Qarlı,0,98
İstiqlaliyyət,22,1,0,Yağışlı,0,41
Babək,11,5,1,Dumanlı,0,49
Atatürk,22,4,0,Açıq,0,27
Tbilisi,16,6,1,Açıq,0,30
Babək,21,1,0,Yağışlı,1,51
Zərdabi,20,6,1,Açıq,0,25
Heydər Əliyev,6,0,0,Dumanlı,0,26
Heydər Əliyev,10,5,1,Qarlı,0,84
Qara Qarayev,12,3,0,Dumanlı,0,52
Heydər Əliyev,13,0,0,Qarlı,2,100
Atatürk,18,5,1,Yağışlı,0,48
Heydər Əliyev,20,6,1,Açıq,0,36
Tbilisi,19,3,0,Yağışlı,1,100
Babək,3,2,0,Açıq,0,30
Tbilisi,2,5,1,Qarlı,0,46
Qara Qarayev,12,4,0,Açıq,0,35
Rəşid Behbudov,20,2,0,Yağışlı,1,100
Zərdabi,10,5,1,Qarlı,0,58
İstiqlaliyyət,4,5,1,Qarlı,1,64
Atatürk,15,6,1,Yağışlı,0,58
Ziya Bünyadov,23,1,0,Dumanlı,0,47
Rəşid Behbudov,15,1,0,Dumanlı,2,96
Rəşid Behbudov,15,1,0,Yağışlı,1,81
İstiqlaliyyət,18,0,0,Yağışlı,1,100
Babək,4,6,1,Yağışlı,0,32
Neftçilər,21,6,1,Açıq,0,14
Heydər Əliyev,14,1,0,Qarlı,0,79
Babək,15,0,0,Qarlı,0,71
Ziya Bünyadov,16,3,0,Yağışlı,0,68
İstiqlaliyyət,19,0,0,Yağışlı,0,93
Heydər Əliyev,5,5,1,Qarlı,1,69
Tbilisi,5,1,0,Yağışlı,2,79
Qara Qarayev,14,5,1,Dumanlı,0,47
İstiqlaliyyət,3,5,1,Açıq,0,11
Rəşid Behbudov,0,6,1,Açıq,0,11
Tbilisi,2,3,0,Açıq,0,24
Rəşid Behbudov,20,2,0,Açıq,0,66
Zərdabi,16,4,0,Açıq,0,40
Atatürk,2,0,0,Yağışlı,1,63
Qara Qarayev,11,0,0,Yağışlı,1,77
Atatürk,8,4,0,Açıq,1,79
Tbilisi,20,2,0,Açıq,0,70
Tbilisi,16,1,0,Dumanlı,0,41
Tbilisi,0,5,1,Yağışlı,0,37
Ziya Bünyadov,19,5,1,Dumanlı,1,84
Atatürk,0,1,0,Dumanlı,1,50
Tbilisi,17,3,0,Qarlı,1,100
Atatürk,7,5,1,Açıq,0,36
Neftçilər,11,5,1,Qarlı,0,66
İstiqlaliyyət,2,5,1,Qarlı,0,57
Ziya Bünyadov,19,3,0,Açıq,0,96
Ziya Bünyadov,22,6,1,Açıq,0,20
Qara Qarayev,8,1,0,Yağışlı,0,87
İstiqlaliyyət,7,5,1,Yağışlı,0,62
Ziya Bünyadov,14,3,0,Açıq,0,46
Neftçilər,0,4,0,Açıq,0,26
Neftçilər,15,1,0,Qarlı,2,100
Qara Qarayev,19,3,0,Qarlı,1,100
Atatürk,4,5,1,Dumanlı,0,34
Neftçilər,22,3,0,Açıq,0,30
Zərdabi,2,4,0,Açıq,0,22
Heydər Əliyev,15,5,1,Dumanlı,0,53
Qara Qarayev,3,4,0,Yağışlı,0,42
Ziya Bünyadov,16,4,0,Qarlı,0,88
Atatürk,23,2,0,Dumanlı,0,35
Atatürk,22,1,0,Qarlı,0,62
Qara Qarayev,0,5,1,Açıq,1,26
Atatürk,14,3,0,Açıq,0,34
İstiqlaliyyət,13,1,0,Yağışlı,0,68
İstiqlaliyyət,22,2,0,Qarlı,2,94
Tbilisi,1,3,0,Yağışlı,0,53
Ziya Bünyadov,22,5,1,Dumanlı,0,40
Babək,16,3,0,Qarlı,0,68
Babək,13,5,1,Qarlı,0,86
Rəşid Behbudov,13,4,0,Dumanlı,0,66
Heydər Əliyev,16,0,0,Qarlı,0,75
Heydər Əliyev,19,3,0,Qarlı,0,97
Neftçilər,9,4,0,Yağışlı,0,98
Zərdabi,14,2,0,Qarlı,0,68
Qara Qarayev,12,2,0,Dumanlı,0,45
İstiqlaliyyət,9,4,0,Yağışlı,0,95
Ziya Bünyadov,20,0,0,Yağışlı,0,98
Rəşid Behbudov,3,6,1,Dumanlı,0,39
Neftçilər,6,6,1,Yağışlı,0,42
Babək,23,0,0,Dumanlı,0,45
Qara Qarayev,19,3,0,Dumanlı,0,76
Rəşid Behbudov,14,4,0,Dumanlı,0,58
Atatürk,17,2,0,Dumanlı,0,77
Qara Qarayev,15,4,0,Dumanlı,1,75
Qara Qarayev,7,5,1,Dumanlı,0,59
Babək,19,3,0,Yağışlı,0,95
Rəşid Behbudov,6,2,0,Açıq,0,17
Neftçilər,4,3,0,Açıq,0,22
Atatürk,13,6,1,Yağışlı,0,56
Qara Qarayev,12,0,0,Qarlı,0,71
Zərdabi,2,2,0,Açıq,0,13
Rəşid Behbudov,4,4,0,Qarlı,0,43
Qara Qarayev,5,4,0,Açıq,1,28
Atatürk,20,3,0,Açıq,0,70
Tbilisi,3,3,0,Qarlı,0,63
Ziya Bünyadov,10,2,0,Yağışlı,0,75
Rəşid Behbudov,0,5,1,Açıq,1,30
Heydər Əliyev,7,2,0,Yağışlı,0,100
Ziya Bünyadov,7,6,1,Dumanlı,1,79
Atatürk,13,0,0,Dumanlı,0,49
Zərdabi,2,3,0,Dumanlı,0,31
Rəşid Behbudov,2,2,0,Açıq,0,19
Neftçilər,18,0,0,Açıq,0,67
Qara Qarayev,7,5,1,Açıq,0,29
Rəşid Behbudov,23,0,0,Dumanlı,0,31
Qara Qarayev,9,0,0,Qarlı,0,100
Rəşid Behbudov,18,5,1,Yağışlı,0,68
Zərdabi,4,4,0,Dumanlı,0,32
Babək,22,2,0,Açıq,0,26
Babək,22,6,1,Yağışlı,0,38
Tbilisi,20,5,1,Açıq,0,37
Heydər Əliyev,15,4,0,Açıq,0,41
Tbilisi,14,0,0,Açıq,1,51
Ziya Bünyadov,9,5,1,Yağışlı,1,75
İstiqlaliyyət,23,1,0,Yağışlı,0,50
Qara Qarayev,11,1,0,Qarlı,0,65
Heydər Əliyev,18,5,1,Açıq,0,38
Babək,2,5,1,Qarlı,0,42
Babək,0,0,0,Qarlı,0,41
Ziya Bünyadov,3,5,1,Yağışlı,0,52
Heydər Əliyev,23,1,0,Qarlı,0,55
Ziya Bünyadov,13,0,0,Qarlı,0,88
Atatürk,11,0,0,Açıq,0,48
Babək,22,6,1,Dumanlı,0,32
Babək,14,2,0,Dumanlı,0,41
İstiqlaliyyət,3,3,0,Qarlı,0,42
Atatürk,2,2,0,Qarlı,0,50
Neftçilər,21,0,0,Dumanlı,0,37
Tbilisi,9,4,0,Açıq,0,67
Qara Qarayev,10,2,0,Yağışlı,0,60
Neftçilər,10,3,0,Dumanlı,1,91
Heydər Əliyev,10,5,1,Qarlı,1,93
Heydər Əliyev,10,1,0,Açıq,0,34
Heydər Əliyev,13,4,0,Qarlı,0,69
Atatürk,18,5,1,Qarlı,3,100
Qara Qarayev,2,4,0,Dumanlı,0,24
İstiqlaliyyət,13,4,0,Yağışlı,0,59
Ziya Bünyadov,16,5,1,Yağışlı,2,100
Zərdabi,1,1,0,Dumanlı,0,27
Qara Qarayev,16,4,0,Yağışlı,0,62
Babək,7,5,1,Qarlı,0,71
Zərdabi,10,0,0,Açıq,1,74
Neftçilər,20,6,1,Yağışlı,0,71
Babək,12,4,0,Qarlı,0,82
Heydər Əliyev,15,4,0,Yağışlı,0,47
Zərdabi,22,2,0,Yağışlı,0,46
Zərdabi,18,5,1,Qarlı,0,74
Heydər Əliyev,19,3,0,Açıq,0,59
İstiqlaliyyət,9,2,0,Açıq,0,57
Rəşid Behbudov,19,0,0,Açıq,0,61
Heydər Əliyev,19,4,0,Yağışlı,0,100
Ziya Bünyadov,12,3,0,Açıq,0,39
Qara Qarayev,18,0,0,Yağışlı,1,100
Neftçilər,15,1,0,Dumanlı,3,100
Heydər Əliyev,20,0,0,Yağışlı,0,88
İstiqlaliyyət,4,5,1,Açıq,0,24
Rəşid Behbudov,1,6,1,Dumanlı,1,49
Tbilisi,13,1,0,Qarlı,0,68
Zərdabi,12,2,0,Açıq,0,23
Zərdabi,15,2,0,Yağışlı,0,41
Ziya Bünyadov,13,5,1,Qarlı,0,96
Tbilisi,9,3,0,Yağışlı,0,85
Heydər Əliyev,5,1,0,Açıq,0,27
İstiqlaliyyət,6,4,0,Yağışlı,0,43
İstiqlaliyyət,16,0,0,Dumanlı,0,51
Atatürk,12,6,1,Açıq,0,45
Rəşid Behbudov,13,5,1,Yağışlı,0,64
Heydər Əliyev,8,3,0,Açıq,0,72
Atatürk,5,1,0,Qarlı,0,50
Zərdabi,13,5,1,Yağışlı,0,58
Zərdabi,1,4,0,Yağışlı,0,32
Atatürk,12,4,0,Açıq,1,52
Neftçilər,17,0,0,Yağışlı,1,100
Qara Qarayev,4,3,0,Açıq,0,26
Tbilisi,13,4,0,Dumanlı,0,65
Rəşid Behbudov,19,0,0,Dumanlı,0,93
Rəşid Behbudov,10,2,0,Açıq,0,46
İstiqlaliyyət,6,4,0,Yağışlı,0,46
Atatürk,20,6,1,Qarlı,0,76
Tbilisi,19,3,0,Qarlı,0,94
Babək,15,1,0,Yağışlı,0,45
Heydər Əliyev,13,3,0,Dumanlı,0,51
Qara Qarayev,1,4,0,Açıq,0,21
Qara Qarayev,16,6,1,Qarlı,0,77
Qara Qarayev,23,6,1,Dumanlı,2,76
Neftçilər,22,0,0,Yağışlı,0,33
Rəşid Behbudov,1,2,0,Dumanlı,0,28
Zərdabi,0,4,0,Açıq,0,27
Babək,16,6,1,Qarlı,0,68
Zərdabi,17,6,1,Qarlı,0,71
Zərdabi,1,0,0,Yağışlı,0,38
Atatürk,3,5,1,Dumanlı,2,67
Atatürk,23,2,0,Yağışlı,1,48
Heydər Əliyev,12,4,0,Qarlı,0,65
Atatürk,6,4,0,Yağışlı,0,35
İstiqlaliyyət,8,1,0,Dumanlı,0,73
Zərdabi,9,3,0,Yağışlı,0,98
Qara Qarayev,6,4,0,Qarlı,0,44
Ziya Bünyadov,8,6,1,Dumanlı,0,63
Zərdabi,20,4,0,Yağışlı,1,97
İstiqlaliyyət,14,2,0,Açıq,0,43
Qara Qarayev,16,0,0,Açıq,0,46
Tbilisi,12,0,0,Qarlı,0,67
Atatürk,23,0,0,Dumanlı,1,42
Ziya Bünyadov,14,0,0,Yağışlı,0,57
Zərdabi,12,0,0,Açıq,0,58
Rəşid Behbudov,1,6,1,Dumanlı,0,30
Ziya Bünyadov,9,4,0,Açıq,1,95
Rəşid Behbudov,21,4,0,Qarlı,0,37
Tbilisi,6,4,0,Dumanlı,2,85
İstiqlaliyyət,5,2,0,Yağışlı,0,55
Tbilisi,7,6,1,Qarlı,0,79
Neftçilər,13,6,1,Açıq,0,35
Heydər Əliyev,4,6,1,Qarlı,0,47
Tbilisi,18,5,1,Dumanlı,0,44
Babək,9,2,0,Qarlı,0,100
Heydər Əliyev,20,0,0,Qarlı,0,100
Zərdabi,19,5,1,Yağışlı,1,79
İstiqlaliyyət,1,1,0,Yağışlı,2,89
Rəşid Behbudov,15,6,1,Qarlı,1,73
Ziya Bünyadov,6,5,1,Yağışlı,0,43
Heydər Əliyev,22,0,0,Qarlı,0,52
Babək,15,1,0,Açıq,0,39
İstiqlaliyyət,6,0,0,Açıq,0,10
Atatürk,13,3,0,Açıq,0,33
Ziya Bünyadov,2,5,1,Dumanlı,0,48
Ziya Bünyadov,18,1,0,Açıq,2,100
Rəşid Behbudov,18,0,0,Dumanlı,0,71
Babək,22,5,1,Yağışlı,1,54
Qara Qarayev,3,3,0,Yağışlı,0,42
Atatürk,16,3,0,Yağışlı,0,80
Atatürk,13,6,1,Qarlı,0,61
Rəşid Behbudov,18,3,0,Açıq,0,54
Rəşid Behbudov,16,4,0,Dumanlı,0,59
Zərdabi,1,4,0,Qarlı,0,42
Qara Qarayev,8,1,0,Qarlı,0,100
Rəşid Behbudov,7,2,0,Dumanlı,0,86
Atatürk,7,6,1,Qarlı,0,64
Qara Qarayev,2,2,0,Dumanlı,1,48
Ziya Bünyadov,12,4,0,Qarlı,0,90
Babək,10,3,0,Dumanlı,0,48
Heydər Əliyev,7,5,1,Açıq,0,44
Zərdabi,4,2,0,Qarlı,0,46
Neftçilər,22,0,0,Dumanlı,0,32
Zərdabi,22,6,1,Açıq,0,17
Qara Qarayev,19,6,1,Dumanlı,0,48
Qara Qarayev,1,6,1,Yağışlı,0,38
Rəşid Behbudov,17,4,0,Açıq,0,66
Babək,5,3,0,Qarlı,0,48
İstiqlaliyyət,9,5,1,Qarlı,2,100
Tbilisi,9,3,0,Açıq,3,100
Ziya Bünyadov,4,0,0,Qarlı,0,58
Heydər Əliyev,13,2,0,Qarlı,0,75
İstiqlaliyyət,11,6,1,Dumanlı,2,86
İstiqlaliyyət,4,4,0,Açıq,0,20
Heydər Əliyev,16,0,0,Açıq,0,32
Babək,2,2,0,Açıq,0,16
Atatürk,18,1,0,Açıq,0,58
Qara Qarayev,9,0,0,Yağışlı,0,84
Tbilisi,10,3,0,Açıq,0,44
İstiqlaliyyət,21,6,1,Yağışlı,0,30
Neftçilər,15,2,0,Yağışlı,0,50
Rəşid Behbudov,15,6,1,Yağışlı,0,65
Tbilisi,17,5,1,Qarlı,0,57
Atatürk,22,2,0,Açıq,1,44
Heydər Əliyev,2,5,1,Yağışlı,0,33
Rəşid Behbudov,21,6,1,Açıq,0,16
Rəşid Behbudov,7,6,1,Qarlı,0,59
Zərdabi,5,2,0,Dumanlı,0,37
Ziya Bünyadov,5,4,0,Dumanlı,0,44
Qara Qarayev,5,3,0,Yağışlı,0,45
Heydər Əliyev,17,2,0,Yağışlı,1,100
Neftçilər,1,0,0,Açıq,0,16
Ziya Bünyadov,6,3,0,Yağışlı,1,63
Babək,6,3,0,Dumanlı,0,21
Tbilisi,4,3,0,Qarlı,0,45
Zərdabi,17,4,0,Qarlı,0,100
Neftçilər,11,1,0,Qarlı,0,86
Neftçilər,23,4,0,Yağışlı,3,100
Qara Qarayev,20,1,0,Dumanlı,2,100
İstiqlaliyyət,12,0,0,Qarlı,0,80
Qara Qarayev,23,0,0,Yağışlı,2,76
Babək,2,5,1,Yağışlı,0,42
Tbilisi,9,2,0,Qarlı,0,95
Zərdabi,2,6,1,Dumanlı,0,24
Heydər Əliyev,15,3,0,Qarlı,1,97
Babək,14,3,0,Dumanlı,0,55
Zərdabi,13,5,1,Qarlı,0,81
Heydər Əliyev,13,3,0,Yağışlı,2,100
Atatürk,8,3,0,Qarlı,0,94
Atatürk,9,3,0,Açıq,0,72
Rəşid Behbudov,8,0,0,Dumanlı,0,95
Atatürk,15,1,0,Açıq,0,33
Tbilisi,11,3,0,Dumanlı,2,78
Babək,22,1,0,Dumanlı,0,32
Ziya Bünyadov,23,0,0,Qarlı,0,59
İstiqlaliyyət,13,0,0,Yağışlı,1,76
Zərdabi,0,2,0,Yağışlı,0,31
Qara Qarayev,22,3,0,Yağışlı,0,39
Neftçilər,23,0,0,Açıq,0,20
Zərdabi,7,6,1,Yağışlı,0,69
Zərdabi,15,3,0,Dumanlı,0,67
Rəşid Behbudov,14,5,1,Açıq,0,43
Ziya Bünyadov,2,2,0,Qarlı,0,77
Heydər Əliyev,14,4,0,Açıq,0,46
Neftçilər,9,6,1,Dumanlı,0,49
Heydər Əliyev,5,5,1,Qarlı,0,46
Atatürk,5,2,0,Açıq,0,30
Neftçilər,7,6,1,Açıq,0,35
Neftçilər,3,5,1,Yağışlı,0,33
Babək,4,5,1,Açıq,0,16
Babək,19,3,0,Qarlı,0,100
Tbilisi,16,5,1,Qarlı,0,78
Atatürk,11,5,1,Dumanlı,0,71
Ziya Bünyadov,8,4,0,Yağışlı,0,85
Heydər Əliyev,21,2,0,Yağışlı,0,42
Zərdabi,21,4,0,Yağışlı,0,45
Rəşid Behbudov,8,0,0,Yağışlı,0,95
Rəşid Behbudov,15,3,0,Yağışlı,1,82
Ziya Bünyadov,21,2,0,Dumanlı,0,44
Atatürk,14,5,1,Yağışlı,0,69
İstiqlaliyyət,9,6,1,Dumanlı,0,35
Atatürk,1,4,0,Dumanlı,0,29
Neftçilər,11,3,0,Yağışlı,0,65
Zərdabi,7,0,0,Açıq,0,66
Atatürk,17,4,0,Yağışlı,0,86
Heydər Əliyev,15,3,0,Açıq,0,41
Zərdabi,12,4,0,Dumanlı,0,55
Tbilisi,18,0,0,Qarlı,1,100
İstiqlaliyyət,14,5,1,Qarlı,2,100
Zərdabi,3,4,0,Yağışlı,0,39
Ziya Bünyadov,7,6,1,Qarlı,0,84
Ziya Bünyadov,11,3,0,Yağışlı,0,79
Rəşid Behbudov,3,5,1,Açıq,0,29
Rəşid Behbudov,10,1,0,Qarlı,2,100
Ziya Bünyadov,2,0,0,Dumanlı,0,36
Heydər Əliyev,9,5,1,Dumanlı,1,72
Ziya Bünyadov,22,3,0,Dumanlı,0,35
Babək,14,3,0,Yağışlı,0,70
Rəşid Behbudov,14,3,0,Yağışlı,2,98
İstiqlaliyyət,6,5,1,Dumanlı,0,40
Neftçilər,1,1,0,Yağışlı,1,62
Rəşid Behbudov,7,3,0,Qarlı,0,91
Atatürk,14,6,1,Qarlı,0,68
Tbilisi,18,5,1,Qarlı,0,49
Heydər Əliyev,18,4,0,Qarlı,0,100
Neftçilər,15,0,0,Qarlı,0,63
Rəşid Behbudov,1,2,0,Yağışlı,0,30
Qara Qarayev,11,3,0,Qarlı,2,100
Heydər Əliyev,2,6,1,Qarlı,0,57
Atatürk,22,5,1,Açıq,0,20
Tbilisi,10,2,0,Açıq,1,56
Atatürk,1,2,0,Dumanlı,0,31
Tbilisi,12,0,0,Qarlı,1,100
Ziya Bünyadov,19,3,0,Yağışlı,0,100
Neftçilər,19,4,0,Açıq,0,58
Babək,6,3,0,Dumanlı,0,22
Heydər Əliyev,22,6,1,Qarlı,1,64
Tbilisi,14,4,0,Açıq,0,59
Babək,13,1,0,Açıq,0,31
Zərdabi,14,1,0,Yağışlı,1,77
Heydər Əliyev,8,5,1,Açıq,0,38
Ziya Bünyadov,21,0,0,Qarlı,0,52
Heydər Əliyev,19,6,1,Qarlı,0,67
Zərdabi,8,1,0,Qarlı,0,100
Babək,1,6,1,Qarlı,0,37
Qara Qarayev,21,6,1,Açıq,0,16
Ziya Bünyadov,15,0,0,Qarlı,0,90
Heydər Əliyev,3,5,1,Qarlı,0,38
Heydər Əliyev,18,4,0,Yağışlı,0,100
Rəşid Behbudov,23,2,0,Dumanlı,1,50
Heydər Əliyev,1,1,0,Qarlı,0,52
Babək,6,5,1,Dumanlı,0,39
Neftçilər,22,1,0,Dumanlı,1,54
Zərdabi,20,2,0,Yağışlı,0,100
Neftçilər,23,6,1,Yağışlı,0,45
Atatürk,16,6,1,Yağışlı,0,71
Tbilisi,12,2,0,Qarlı,0,76
Babək,9,0,0,Açıq,0,79
Neftçilər,5,1,0,Açıq,1,31
Atatürk,15,3,0,Açıq,0,24
Zərdabi,12,1,0,Açıq,0,40
Qara Qarayev,12,3,0,Qarlı,0,69
Zərdabi,2,6,1,Dumanlı,2,72
Zərdabi,8,3,0,Yağışlı,0,81
Neftçilər,14,1,0,Açıq,0,28
İstiqlaliyyət,14,3,0,Qarlı,0,88
Neftçilər,7,4,0,Dumanlı,1,93
Ziya Bünyadov,22,0,0,Açıq,0,23
Heydər Əliyev,6,2,0,Açıq,0,16
Ziya Bünyadov,8,5,1,Açıq,0,30
Atatürk,15,1,0,Açıq,0,48
Qara Qarayev,18,3,0,Dumanlı,0,77
Ziya Bünyadov,4,1,0,Yağışlı,0,54
Qara Qarayev,8,2,0,Yağışlı,0,89
Rəşid Behbudov,21,1,0,Yağışlı,0,44
Babək,3,3,0,Açıq,0,30
Ziya Bünyadov,14,3,0,Dumanlı,0,55
Tbilisi,14,2,0,Qarlı,0,75
Rəşid Behbudov,0,6,1,Qarlı,0,53
Tbilisi,11,5,1,Yağışlı,0,47
Heydər Əliyev,17,6,1,Yağışlı,1,81
Neftçilər,7,4,0,Qarlı,0,81
İstiqlaliyyət,10,5,1,Açıq,0,35
Qara Qarayev,21,0,0,Dumanlı,0,37
Ziya Bünyadov,15,2,0,Açıq,0,50
Zərdabi,21,2,0,Yağışlı,0,43
Zərdabi,15,1,0,Dumanlı,0,45
İstiqlaliyyət,5,2,0,Dumanlı,0,22
Babək,20,0,0,Açıq,0,56
Ziya Bünyadov,5,5,1,Yağışlı,1,62
Tbilisi,3,0,0,Açıq,0,29
Ziya Bünyadov,19,1,0,Dumanlı,0,88
Rəşid Behbudov,10,5,1,Dumanlı,0,43
Tbilisi,10,3,0,Yağışlı,0,54
Babək,12,5,1,Dumanlı,0,61
Neftçilər,1,3,0,Yağışlı,1,61
Tbilisi,22,4,0,Yağışlı,0,41
Tbilisi,18,6,1,Açıq,1,47
Tbilisi,1,2,0,Dumanlı,0,27
Tbilisi,0,4,0,Açıq,0,12
Zərdabi,14,2,0,Yağışlı,2,100
Qara Qarayev,11,0,0,Qarlı,0,77
İstiqlaliyyət,3,3,0,Açıq,0,22
İstiqlaliyyət,6,5,1,Qarlı,0,50
Tbilisi,10,6,1,Yağışlı,0,52
Babək,18,0,0,Açıq,0,73
Zərdabi,21,2,0,Yağışlı,0,42
İstiqlaliyyət,17,4,0,Açıq,0,76
Atatürk,7,6,1,Qarlı,1,98
Rəşid Behbudov,23,4,0,Dumanlı,1,59
Rəşid Behbudov,21,6,1,Yağışlı,1,61
Zərdabi,13,4,0,Açıq,1,58
Ziya Bünyadov,9,0,0,Dumanlı,0,92
Ziya Bünyadov,8,0,0,Yağışlı,0,100
Neftçilər,19,2,0,Qarlı,1,100
Atatürk,6,4,0,Açıq,0,16
Atatürk,7,1,0,Yağışlı,0,98
Zərdabi,18,6,1,Yağışlı,0,60
Babək,23,5,1,Yağışlı,0,35
Tbilisi,6,0,0,Qarlı,0,62
Zərdabi,6,6,1,Açıq,0,16
Atatürk,18,6,1,Açıq,0,24
Qara Qarayev,2,6,1,Dumanlı,0,29
İstiqlaliyyət,7,1,0,Açıq,1,98
Ziya Bünyadov,10,6,1,Qarlı,1,100
Babək,16,6,1,Yağışlı,0,55
Qara Qarayev,0,0,0,Yağışlı,0,47
Atatürk,23,3,0,Dumanlı,0,25
Ziya Bünyadov,23,6,1,Qarlı,0,54
Atatürk,4,1,0,Qarlı,0,56
Tbilisi,0,2,0,Qarlı,0,62
Neftçilər,8,3,0,Açıq,0,56
Babək,6,0,0,Açıq,0,12
Qara Qarayev,19,4,0,Dumanlı,0,70
İstiqlaliyyət,6,4,0,Dumanlı,0,23
İstiqlaliyyət,19,3,0,Qarlı,0,100
Zərdabi,0,3,0,Yağışlı,1,53
Qara Qarayev,2,0,0,Dumanlı,0,26
Neftçilər,16,5,1,Açıq,0,39
İstiqlaliyyət,8,1,0,Dumanlı,0,75
Heydər Əliyev,0,3,0,Qarlı,0,43
Zərdabi,16,5,1,Qarlı,0,61
Rəşid Behbudov,3,2,0,Açıq,0,29
Qara Qarayev,5,1,0,Dumanlı,0,41
Tbilisi,6,1,0,Dumanlı,0,24
Neftçilər,10,3,0,Dumanlı,0,42
Neftçilər,4,0,0,Dumanlı,0,25
İstiqlaliyyət,4,3,0,Dumanlı,0,24
Heydər Əliyev,9,0,0,Qarlı,0,100
Tbilisi,23,3,0,Açıq,0,25
Tbilisi,6,0,0,Qarlı,0,40
Qara Qarayev,0,5,1,Açıq,0,17
Tbilisi,14,4,0,Dumanlı,0,47
İstiqlaliyyət,17,0,0,Dumanlı,0,84
Rəşid Behbudov,20,4,0,Açıq,0,56
Rəşid Behbudov,17,1,0,Açıq,0,58
Atatürk,15,0,0,Dumanlı,0,36
Tbilisi,13,5,1,Açıq,0,38
Neftçilər,21,2,0,Açıq,0,21
Tbilisi,12,4,0,Açıq,1,66
Babək,0,4,0,Dumanlı,0,32
Heydər Əliyev,17,0,0,Açıq,0,76
Rəşid Behbudov,4,2,0,Qarlı,0,56
Atatürk,16,4,0,Qarlı,0,65
Zərdabi,10,6,1,Dumanlı,2,100
İstiqlaliyyət,19,3,0,Açıq,0,80
Heydər Əliyev,21,0,0,Qarlı,1,71
Rəşid Behbudov,12,6,1,Dumanlı,1,70
Qara Qarayev,17,0,0,Açıq,0,83
Qara Qarayev,20,6,1,Dumanlı,0,39
Qara Qarayev,18,0,0,Qarlı,0,79
İstiqlaliyyət,20,2,0,Açıq,0,62
Rəşid Behbudov,6,6,1,Qarlı,1,73
Ziya Bünyadov,21,0,0,Yağışlı,0,49
Neftçilər,21,5,1,Açıq,0,17
İstiqlaliyyət,0,0,0,Yağışlı,0,41
Rəşid Behbudov,21,3,0,Yağışlı,0,40
Qara Qarayev,21,3,0,Açıq,3,89
Neftçilər,14,0,0,Dumanlı,1,75
Zərdabi,6,5,1,Açıq,0,18
Qara Qarayev,15,4,0,Qarlı,0,56
Heydər Əliyev,16,4,0,Qarlı,0,57
Atatürk,8,3,0,Dumanlı,0,74
Babək,7,6,1,Qarlı,1,99
İstiqlaliyyət,6,4,0,Yağışlı,0,36
İstiqlaliyyət,1,5,1,Yağışlı,0,36
Neftçilər,8,1,0,Qarlı,0,96
Babək,13,3,0,Qarlı,0,79
Rəşid Behbudov,1,4,0,Qarlı,0,57
Ziya Bünyadov,3,5,1,Dumanlı,0,37
Ziya Bünyadov,22,6,1,Dumanlı,0,41
Heydər Əliyev,23,4,0,Yağışlı,0,38
Babək,12,0,0,Dumanlı,0,63
Zərdabi,17,4,0,Dumanlı,0,91
İstiqlaliyyət,19,0,0,Dumanlı,0,72
Neftçilər,12,5,1,Qarlı,0,64
Atatürk,5,0,0,Dumanlı,0,40
Ziya Bünyadov,22,0,0,Açıq,1,37
Tbilisi,3,4,0,Açıq,1,45
Zərdabi,5,5,1,Açıq,0,25
Atatürk,15,1,0,Yağışlı,0,52
Neftçilər,20,0,0,Yağışlı,0,78
Ziya Bünyadov,22,1,0,Açıq,0,31
İstiqlaliyyət,2,1,0,Yağışlı,1,59
Tbilisi,13,1,0,Dumanlı,2,96
Neftçilər,9,1,0,Dumanlı,0,80
Neftçilər,7,0,0,Yağışlı,1,100
Neftçilər,22,3,0,Dumanlı,0,23
Rəşid Behbudov,3,3,0,Yağışlı,0,49
Neftçilər,15,6,1,Qarlı,0,72
Tbilisi,10,5,1,Açıq,0,39
Tbilisi,15,5,1,Açıq,0,43
Ziya Bünyadov,15,0,0,Açıq,0,59
Neftçilər,15,3,0,Açıq,0,35
Rəşid Behbudov,21,4,0,Yağışlı,0,36
Atatürk,18,0,0,Qarlı,0,100
Zərdabi,20,2,0,Dumanlı,0,73
Qara Qarayev,2,3,0,Dumanlı,1,51
Heydər Əliyev,15,3,0,Yağışlı,0,45
Zərdabi,5,6,1,Yağışlı,0,36
Atatürk,23,3,0,Qarlı,0,56
Ziya Bünyadov,12,1,0,Açıq,1,65
Babək,14,4,0,Açıq,0,46
Heydər Əliyev,16,0,0,Dumanlı,0,38
Zərdabi,18,1,0,Yağışlı,0,100
Qara Qarayev,3,3,0,Dumanlı,0,25
Heydər Əliyev,6,5,1,Açıq,0,23
Qara Qarayev,7,0,0,Qarlı,0,85
Rəşid Behbudov,2,5,1,Açıq,2,60
Ziya Bünyadov,11,1,0,Qarlı,0,75
Ziya Bünyadov,14,5,1,Qarlı,2,100
Heydər Əliyev,7,4,0,Dumanlı,0,70
Babək,23,1,0,Qarlı,0,61
Heydər Əliyev,7,4,0,Açıq,0,76
Heydər Əliyev,14,6,1,Yağışlı,0,59
Heydər Əliyev,3,2,0,Açıq,0,16
Neftçilər,4,2,0,Qarlı,0,66
Zərdabi,13,2,0,Yağışlı,0,57
Rəşid Behbudov,10,6,1,Dumanlı,0,49
Tbilisi,5,6,1,Yağışlı,0,33
Tbilisi,3,1,0,Açıq,0,20
İstiqlaliyyət,7,1,0,Yağışlı,1,100
Tbilisi,8,1,0,Qarlı,0,93
Rəşid Behbudov,5,6,1,Qarlı,1,76
Atatürk,16,0,0,Yağışlı,0,54
Heydər Əliyev,15,6,1,Açıq,0,30
Neftçilər,7,1,0,Yağışlı,0,79
Ziya Bünyadov,0,0,0,Yağışlı,1,58
Rəşid Behbudov,15,6,1,Qarlı,0,61
Atatürk,2,1,0,Dumanlı,1,52
Ziya Bünyadov,6,0,0,Açıq,0,40
Zərdabi,22,4,0,Açıq,0,24
İstiqlaliyyət,1,4,0,Dumanlı,1,54
Qara Qarayev,22,6,1,Qarlı,0,50
Tbilisi,12,5,1,Yağışlı,0,48
Zərdabi,23,2,0,Dumanlı,0,23
Qara Qarayev,18,1,0,Qarlı,0,82
Atatürk,19,5,1,Açıq,2,86
Zərdabi,1,6,1,Yağışlı,0,32
Qara Qarayev,15,5,1,Açıq,0,46
Rəşid Behbudov,7,5,1,Açıq,0,49
Heydər Əliyev,17,2,0,Yağışlı,0,76
Tbilisi,19,6,1,Qarlı,0,75
Rəşid Behbudov,0,2,0,Qarlı,1,54
Heydər Əliyev,20,4,0,Qarlı,1,100
Qara Qarayev,15,3,0,Yağışlı,0,72
Atatürk,3,4,0,Dumanlı,0,29
Atatürk,1,4,0,Açıq,0,15
İstiqlaliyyət,18,0,0,Yağışlı,1,91
Ziya Bünyadov,5,0,0,Yağışlı,1,71
Babək,0,1,0,Yağışlı,0,32
Babək,16,5,1,Açıq,1,79
İstiqlaliyyət,13,4,0,Dumanlı,3,100
Zərdabi,7,6,1,Dumanlı,0,60
Tbilisi,5,5,1,Yağışlı,0,47
Tbilisi,0,5,1,Yağışlı,0,42
Ziya Bünyadov,12,3,0,Açıq,0,55
Heydər Əliyev,20,5,1,Dumanlı,0,53
Tbilisi,1,1,0,Qarlı,2,82
Ziya Bünyadov,17,0,0,Açıq,1,100
Rəşid Behbudov,4,4,0,Dumanlı,0,38
Heydər Əliyev,0,5,1,Qarlı,0,45
Babək,20,4,0,Dumanlı,0,69
Babək,20,4,0,Dumanlı,0,91
Tbilisi,19,2,0,Yağışlı,0,98
Neftçilər,16,2,0,Dumanlı,1,76
Qara Qarayev,21,1,0,Dumanlı,0,25
Zərdabi,5,6,1,Açıq,0,27
İstiqlaliyyət,21,6,1,Qarlı,0,59
Atatürk,4,0,0,Dumanlı,1,51
İstiqlaliyyət,19,4,0,Dumanlı,0,94
Babək,10,2,0,Qarlı,0,85
İstiqlaliyyət,7,6,1,Qarlı,1,84
Babək,16,6,1,Açıq,0,43
Tbilisi,4,4,0,Dumanlı,0,42
Tbilisi,1,1,0,Dumanlı,1,63
Heydər Əliyev,4,4,0,Dumanlı,0,25
Ziya Bünyadov,17,6,1,Qarlı,2,100
Ziya Bünyadov,16,4,0,Yağışlı,0,64
Rəşid Behbudov,23,6,1,Qarlı,0,44
Atatürk,0,2,0,Açıq,1,27
Tbilisi,10,4,0,Dumanlı,0,55
Atatürk,6,0,0,Dumanlı,0,31
Neftçilər,12,0,0,Açıq,0,48
Tbilisi,16,4,0,Açıq,0,39
Tbilisi,6,5,1,Dumanlı,1,55
Neftçilər,14,6,1,Qarlı,0,86
İstiqlaliyyət,18,5,1,Dumanlı,0,47
Tbilisi,2,5,1,Açıq,0,25
Tbilisi,6,6,1,Yağışlı,0,32
Neftçilər,3,2,0,Yağışlı,0,34
Heydər Əliyev,17,2,0,Qarlı,0,99
Tbilisi,20,0,0,Yağışlı,0,100
Atatürk,18,6,1,Dumanlı,2,80
Tbilisi,20,2,0,Qarlı,0,100
Atatürk,6,0,0,Dumanlı,0,40
Qara Qarayev,16,3,0,Açıq,1,60
Ziya Bünyadov,0,4,0,Dumanlı,0,42
Atatürk,8,5,1,Yağışlı,0,48
Qara Qarayev,16,3,0,Yağışlı,0,51
Atatürk,22,1,0,Qarlı,0,51
Ziya Bünyadov,2,3,0,Qarlı,0,60
Atatürk,19,2,0,Qarlı,0,86
Babək,8,0,0,Qarlı,1,100
Atatürk,9,3,0,Açıq,0,77
Zərdabi,15,2,0,Yağışlı,0,57
İstiqlaliyyət,6,6,1,Açıq,0,14
Babək,23,3,0,Dumanlı,0,25
Ziya Bünyadov,10,3,0,Dumanlı,0,53
Babək,20,1,0,Dumanlı,0,81
Heydər Əliyev,19,4,0,Qarlı,0,100
Zərdabi,14,6,1,Yağışlı,0,64
Tbilisi,4,6,1,Dumanlı,0,37
Babək,11,5,1,Qarlı,0,81
Babək,6,0,0,Dumanlı,2,59
Babək,6,3,0,Açıq,0,15
Qara Qarayev,16,4,0,Dumanlı,1,75
Tbilisi,17,5,1,Yağışlı,0,63
İstiqlaliyyət,19,0,0,Dumanlı,1,100
Zərdabi,14,6,1,Dumanlı,0,48
Ziya Bünyadov,7,2,0,Dumanlı,0,77
Atatürk,8,4,0,Qarlı,0,90
Zərdabi,6,4,0,Qarlı,1,69
İstiqlaliyyət,10,3,0,Dumanlı,0,67
Ziya Bünyadov,5,3,0,Dumanlı,0,35
Tbilisi,21,2,0,Yağışlı,0,49
Zərdabi,20,5,1,Açıq,1,43
Heydər Əliyev,9,6,1,Dumanlı,0,34
Tbilisi,4,4,0,Açıq,1,37
Zərdabi,21,3,0,Açıq,0,20
İstiqlaliyyət,12,3,0,Yağışlı,1,74
Ziya Bünyadov,12,2,0,Qarlı,1,96
İstiqlaliyyət,16,6,1,Qarlı,0,71
Heydər Əliyev,9,5,1,Açıq,0,39
Rəşid Behbudov,0,5,1,Qarlı,0,47
Neftçilər,22,1,0,Yağışlı,0,38
Babək,8,3,0,Açıq,0,59
Atatürk,16,0,0,Yağışlı,1,71
Neftçilər,7,5,1,Qarlı,0,81
Atatürk,10,1,0,Dumanlı,0,60
Neftçilər,18,1,0,Yağışlı,0,86
Tbilisi,2,5,1,Dumanlı,0,27
İstiqlaliyyət,9,0,0,Qarlı,0,100
Zərdabi,9,5,1,Açıq,1,48
Qara Qarayev,9,6,1,Qarlı,0,60
Qara Qarayev,0,3,0,Dumanlı,0,36
Zərdabi,4,4,0,Açıq,0,29
Tbilisi,19,5,1,Açıq,2,79
Zərdabi,8,0,0,Yağışlı,0,94
Heydər Əliyev,14,0,0,Açıq,0,28
Zərdabi,8,0,0,Dumanlı,0,61
Heydər Əliyev,11,6,1,Açıq,0,39
Tbilisi,11,1,0,Yağışlı,0,56
Qara Qarayev,0,0,0,Açıq,1,40
Ziya Bünyadov,19,2,0,Yağışlı,0,86
Rəşid Behbudov,1,0,0,Dumanlı,0,35
Rəşid Behbudov,13,6,1,Açıq,0,32
Heydər Əliyev,12,5,1,Dumanlı,3,100
Ziya Bünyadov,14,1,0,Dumanlı,0,76
İstiqlaliyyət,8,3,0,Açıq,0,75
Qara Qarayev,13,6,1,Dumanlı,0,42
Neftçilər,23,5,1,Dumanlı,0,27
Neftçilər,0,1,0,Yağışlı,0,44
Heydər Əliyev,2,1,0,Qarlı,0,50
Neftçilər,16,3,0,Açıq,0,36
Qara Qarayev,4,1,0,Dumanlı,1,39
Tbilisi,12,0,0,Dumanlı,0,51
Neftçilər,20,3,0,Qarlı,0,100
Atatürk,2,4,0,Dumanlı,0,29
Qara Qarayev,18,0,0,Yağışlı,0,99
Qara Qarayev,14,2,0,Dumanlı,0,59
Atatürk,9,0,0,Yağışlı,1,97
İstiqlaliyyət,1,0,0,Açıq,0,11
Neftçilər,11,5,1,Dumanlı,0,47
Babək,22,4,0,Yağışlı,0,41
Heydər Əliyev,17,1,0,Dumanlı,0,96
Tbilisi,18,0,0,Dumanlı,1,88
Rəşid Behbudov,14,5,1,Dumanlı,0,58
Tbilisi,8,5,1,Açıq,1,68
Babək,16,5,1,Yağışlı,0,59
Zərdabi,21,3,0,Dumanlı,0,23
Qara Qarayev,18,2,0,Açıq,0,80
Zərdabi,6,4,0,Dumanlı,0,32
Qara Qarayev,1,2,0,Dumanlı,2,67
Rəşid Behbudov,7,6,1,Yağışlı,0,61
Heydər Əliyev,0,4,0,Qarlı,0,46
Heydər Əliyev,0,0,0,Açıq,0,26
Atatürk,0,6,1,Yağışlı,0,39
Ziya Bünyadov,6,1,0,Qarlı,0,69
Neftçilər,0,2,0,Dumanlı,1,55
Ziya Bünyadov,11,4,0,Qarlı,1,100
Ziya Bünyadov,18,6,1,Yağışlı,0,74
Rəşid Behbudov,14,4,0,Açıq,0,36
Ziya Bünyadov,8,1,0,Yağışlı,0,100
Babək,5,3,0,Qarlı,0,56
Babək,22,2,0,Dumanlı,0,39
Rəşid Behbudov,12,4,0,Açıq,0,43
İstiqlaliyyət,10,6,1,Dumanlı,0,57
Babək,7,4,0,Dumanlı,0,93
Atatürk,13,4,0,Dumanlı,0,58
Babək,1,6,1,Yağışlı,1,64
Tbilisi,2,5,1,Dumanlı,1,51
Rəşid Behbudov,10,3,0,Açıq,2,81
Rəşid Behbudov,6,4,0,Dumanlı,0,28
Zərdabi,10,2,0,Dumanlı,2,100
Ziya Bünyadov,3,2,0,Açıq,0,25
Qara Qarayev,8,5,1,Dumanlı,0,41
Neftçilər,14,4,0,Açıq,0,41
Neftçilər,6,6,1,Açıq,0,17
Tbilisi,14,2,0,Dumanlı,0,47
Atatürk,11,3,0,Açıq,0,47
Babək,10,6,1,Yağışlı,0,56
Rəşid Behbudov,21,2,0,Açıq,0,14
Ziya Bünyadov,16,2,0,Qarlı,0,85
Atatürk,15,0,0,Dumanlı,0,44
İstiqlaliyyət,15,5,1,Yağışlı,0,80
Tbilisi,16,4,0,Yağışlı,0,63
Neftçilər,10,4,0,Yağışlı,0,55
Neftçilər,12,3,0,Dumanlı,0,48
Heydər Əliyev,2,4,0,Qarlı,0,54
Neftçilər,13,5,1,Açıq,0,43
Rəşid Behbudov,6,5,1,Dumanlı,0,23
İstiqlaliyyət,8,2,0,Açıq,0,85
Tbilisi,6,0,0,Qarlı,2,91
Atatürk,6,1,0,Yağışlı,1,68
Zərdabi,14,5,1,Qarlı,1,97
Babək,18,1,0,Dumanlı,2,100
Atatürk,17,0,0,Dumanlı,0,95
Rəşid Behbudov,16,5,1,Dumanlı,0,45
Qara Qarayev,2,1,0,Qarlı,0,54
Ziya Bünyadov,0,3,0,Yağışlı,0,51
Qara Qarayev,22,2,0,Açıq,0,15
Zərdabi,8,6,1,Yağışlı,0,50
Qara Qarayev,12,3,0,Yağışlı,0,59
Neftçilər,7,5,1,Dumanlı,1,68
Heydər Əliyev,5,3,0,Açıq,0,28
Rəşid Behbudov,12,4,0,Açıq,0,34
Zərdabi,5,1,0,Dumanlı,0,42
Zərdabi,7,2,0,Qarlı,0,100
Neftçilər,1,3,0,Qarlı,0,53
Zərdabi,23,1,0,Açıq,0,25
Neftçilər,7,3,0,Qarlı,0,97
Tbilisi,9,4,0,Yağışlı,1,100
Rəşid Behbudov,0,2,0,Dumanlı,0,32
Ziya Bünyadov,4,4,0,Açıq,0,32
Neftçilər,22,0,0,Açıq,1,37
Zərdabi,2,5,1,Açıq,0,21
Qara Qarayev,4,3,0,Açıq,0,21
Rəşid Behbudov,3,1,0,Qarlı,0,51
Qara Qarayev,18,1,0,Qarlı,1,100
Zərdabi,23,5,1,Açıq,1,36
Neftçilər,9,4,0,Yağışlı,0,94
Babək,6,5,1,Dumanlı,0,30
Babək,19,4,0,Açıq,0,79
Qara Qarayev,10,0,0,Yağışlı,0,61
Heydər Əliyev,19,2,0,Açıq,0,58
Tbilisi,4,2,0,Açıq,0,18
Qara Qarayev,10,6,1,Yağışlı,0,70
Neftçilər,16,6,1,Yağışlı,0,42
Babək,21,1,0,Yağışlı,0,34
Tbilisi,4,5,1,Açıq,3,68
Zərdabi,21,5,1,Açıq,0,23
Babək,1,3,0,Yağışlı,0,44
Babək,0,5,1,Açıq,0,29
Babək,12,1,0,Açıq,0,46
Ziya Bünyadov,9,4,0,Qarlı,0,100
Rəşid Behbudov,11,0,0,Yağışlı,0,48
Ziya Bünyadov,8,5,1,Qarlı,0,80
Tbilisi,2,0,0,Qarlı,2,86
Babək,19,5,1,Qarlı,0,70
Heydər Əliyev,9,0,0,Açıq,0,76
Qara Qarayev,22,1,0,Dumanlı,0,40
Ziya Bünyadov,8,0,0,Açıq,0,75
İstiqlaliyyət,10,1,0,Yağışlı,0,69
Zərdabi,0,5,1,Açıq,0,23
Rəşid Behbudov,3,3,0,Dumanlı,0,44
Babək,6,4,0,Qarlı,0,63
Atatürk,12,6,1,Açıq,0,43
Neftçilər,23,2,0,Dumanlı,0,23
Ziya Bünyadov,11,1,0,Qarlı,0,98
Qara Qarayev,14,2,0,Qarlı,2,100
Qara Qarayev,3,4,0,Dumanlı,0,34
Ziya Bünyadov,4,1,0,Açıq,0,34
Heydər Əliyev,15,3,0,Dumanlı,0,51
İstiqlaliyyət,3,6,1,Dumanlı,1,48
Tbilisi,5,2,0,Dumanlı,0,39
Ziya Bünyadov,18,1,0,Açıq,0,88
Zərdabi,20,3,0,Qarlı,0,100
Neftçilər,2,2,0,Açıq,0,22
İstiqlaliyyət,23,2,0,Qarlı,1,90
Neftçilər,16,1,0,Qarlı,1,75
Babək,8,1,0,Dumanlı,0,98
Heydər Əliyev,14,6,1,Qarlı,0,59
Babək,12,3,0,Dumanlı,0,64
Tbilisi,4,4,0,Dumanlı,0,26
Heydər Əliyev,5,3,0,Qarlı,0,49
Zərdabi,11,0,0,Yağışlı,0,74
İstiqlaliyyət,16,1,0,Yağışlı,0,39
Heydər Əliyev,17,5,1,Qarlı,0,67
Qara Qarayev,18,4,0,Dumanlı,1,100
Ziya Bünyadov,7,6,1,Qarlı,1,99
Heydər Əliyev,9,5,1,Açıq,0,36
Babək,8,6,1,Açıq,1,51
Neftçilər,15,0,0,Dumanlı,0,58
Babək,19,0,0,Qarlı,0,87
Tbilisi,13,0,0,Açıq,0,32
Atatürk,17,0,0,Açıq,0,66
Qara Qarayev,6,0,0,Yağışlı,2,76
Atatürk,1,2,0,Qarlı,0,48
Babək,0,3,0,Yağışlı,0,36
Neftçilər,0,2,0,Dumanlı,0,24
Ziya Bünyadov,1,5,1,Dumanlı,0,32
Atatürk,15,0,0,Dumanlı,0,65
Zərdabi,10,1,0,Qarlı,0,72
Rəşid Behbudov,13,0,0,Açıq,0,35
Heydər Əliyev,11,6,1,Yağışlı,0,54
İstiqlaliyyət,22,5,1,Dumanlı,0,39
İstiqlaliyyət,18,3,0,Açıq,0,76
Tbilisi,11,3,0,Yağışlı,0,45
Tbilisi,10,1,0,Dumanlı,0,62
Qara Qarayev,18,3,0,Qarlı,1,100
Babək,14,3,0,Qarlı,0,63
Neftçilər,5,5,1,Yağışlı,0,33
Heydər Əliyev,18,6,1,Qarlı,0,68
Tbilisi,11,2,0,Yağışlı,0,56
Babək,17,2,0,Qarlı,0,100
Zərdabi,15,3,0,Yağışlı,0,49
Tbilisi,8,5,1,Qarlı,2,100
Ziya Bünyadov,5,1,0,Yağışlı,1,58
Qara Qarayev,6,0,0,Yağışlı,0,43
Atatürk,6,2,0,Açıq,1,36
İstiqlaliyyət,10,5,1,Qarlı,0,85
Ziya Bünyadov,15,2,0,Açıq,0,54
Zərdabi,13,4,0,Dumanlı,0,55
Neftçilər,16,6,1,Qarlı,0,70
Neftçilər,11,1,0,Qarlı,0,63
İstiqlaliyyət,17,2,0,Açıq,0,64
İstiqlaliyyət,3,6,1,Qarlı,0,62
Neftçilər,19,1,0,Açıq,0,81
Tbilisi,8,1,0,Dumanlı,0,79
Neftçilər,4,5,1,Açıq,0,25
İstiqlaliyyət,14,6,1,Dumanlı,0,38
Atatürk,22,5,1,Qarlı,1,78
Atatürk,11,1,0,Qarlı,0,67
Rəşid Behbudov,12,4,0,Dumanlı,0,46
İstiqlaliyyət,6,1,0,Qarlı,0,51
Heydər Əliyev,11,1,0,Qarlı,0,61
Zərdabi,17,0,0,Açıq,2,100
Qara Qarayev,15,6,1,Qarlı,1,100
Neftçilər,2,6,1,Yağışlı,1,67
Heydər Əliyev,19,5,1,Dumanlı,1,71
Neftçilər,10,2,0,Açıq,2,67
Babək,15,0,0,Dumanlı,0,42
Babək,16,4,0,Qarlı,1,100
İstiqlaliyyət,10,1,0,Qarlı,0,71
Tbilisi,13,1,0,Açıq,0,28
Zərdabi,23,0,0,Qarlı,0,46
Ziya Bünyadov,2,0,0,Dumanlı,1,52
Ziya Bünyadov,15,6,1,Yağışlı,0,54
Rəşid Behbudov,14,3,0,Açıq,0,27
Ziya Bünyadov,18,1,0,Dumanlı,0,100
Zərdabi,18,4,0,Açıq,0,69
İstiqlaliyyət,14,0,0,Dumanlı,0,61
Babək,15,6,1,Açıq,0,31
Babək,15,1,0,Açıq,0,42
İstiqlaliyyət,1,4,0,Açıq,0,29
Heydər Əliyev,15,4,0,Yağışlı,1,83
Babək,11,5,1,Yağışlı,0,81
Neftçilər,5,2,0,Yağışlı,0,51
Tbilisi,5,3,0,Yağışlı,0,34
Ziya Bünyadov,13,2,0,Qarlı,0,80
Neftçilər,7,1,0,Dumanlı,0,94
Tbilisi,9,4,0,Qarlı,2,100
Ziya Bünyadov,2,3,0,Açıq,1,53
Qara Qarayev,5,2,0,Qarlı,0,48
Tbilisi,23,4,0,Açıq,0,27
Atatürk,18,1,0,Qarlı,0,98
Rəşid Behbudov,1,2,0,Yağışlı,0,34
Qara Qarayev,10,1,0,Açıq,0,31
Heydər Əliyev,5,5,1,Açıq,0,18
Qara Qarayev,2,5,1,Yağışlı,0,33
Heydər Əliyev,7,1,0,Dumanlı,0,78
Neftçilər,21,6,1,Yağışlı,1,64
İstiqlaliyyət,4,2,0,Açıq,1,48
Zərdabi,1,2,0,Dumanlı,0,32
Atatürk,20,4,0,Dumanlı,0,83
Tbilisi,22,6,1,Açıq,0,20
Tbilisi,13,5,1,Açıq,2,82
Heydər Əliyev,9,0,0,Dumanlı,1,100
Atatürk,9,5,1,Dumanlı,0,35
Qara Qarayev,19,1,0,Yağışlı,0,90
Zərdabi,18,6,1,Yağışlı,0,59
Qara Qarayev,19,5,1,Qarlı,1,86
Rəşid Behbudov,11,1,0,Dumanlı,0,46
Ziya Bünyadov,11,0,0,Dumanlı,0,64
Qara Qarayev,20,1,0,Açıq,0,53
Zərdabi,10,1,0,Açıq,0,43
Heydər Əliyev,9,5,1,Açıq,0,29
Babək,10,4,0,Qarlı,0,73
Atatürk,3,1,0,Qarlı,0,50
Ziya Bünyadov,23,0,0,Yağışlı,0,44
Qara Qarayev,16,1,0,Dumanlı,0,47
Atatürk,20,2,0,Qarlı,0,100
Ziya Bünyadov,12,3,0,Yağışlı,0,74
Atatürk,3,5,1,Qarlı,1,77
Ziya Bünyadov,8,5,1,Yağışlı,0,59
Qara Qarayev,11,3,0,Dumanlı,0,54
İstiqlaliyyət,16,5,1,Yağışlı,1,88
Babək,14,6,1,Açıq,0,43
Tbilisi,6,3,0,Dumanlı,0,44
Ziya Bünyadov,2,5,1,Yağışlı,0,47
Atatürk,22,4,0,Dumanlı,0,38
Qara Qarayev,3,1,0,Dumanlı,0,33
Ziya Bünyadov,5,0,0,Açıq,0,21
Babək,20,3,0,Açıq,0,64
Babək,10,0,0,Qarlı,1,97
Qara Qarayev,7,1,0,Qarlı,0,100
Atatürk,19,2,0,Açıq,0,82
Atatürk,7,4,0,Qarlı,0,87
Heydər Əliyev,17,4,0,Açıq,0,69
İstiqlaliyyət,10,4,0,Dumanlı,0,68
Tbilisi,22,1,0,Yağışlı,0,46
Tbilisi,18,6,1,Qarlı,0,71
Tbilisi,21,0,0,Qarlı,0,45
Qara Qarayev,14,4,0,Qarlı,3,100
Rəşid Behbudov,1,2,0,Dumanlı,1,45
Rəşid Behbudov,22,1,0,Dumanlı,0,31
Zərdabi,6,6,1,Qarlı,0,69
Tbilisi,7,2,0,Dumanlı,1,98
Neftçilər,23,4,0,Yağışlı,0,30
İstiqlaliyyət,5,2,0,Yağışlı,1,65
Rəşid Behbudov,0,3,0,Yağışlı,0,45
Zərdabi,23,5,1,Açıq,0,30
Atatürk,20,5,1,Qarlı,0,72
Zərdabi,5,1,0,Dumanlı,0,25
Tbilisi,23,4,0,Qarlı,0,58
Rəşid Behbudov,13,6,1,Yağışlı,0,46
Tbilisi,9,6,1,Dumanlı,0,50
Atatürk,12,2,0,Qarlı,0,61
İstiqlaliyyət,5,0,0,Açıq,0,16
Ziya Bünyadov,12,0,0,Yağışlı,0,72
Heydər Əliyev,10,6,1,Açıq,0,58
Zərdabi,13,0,0,Dumanlı,0,44
Ziya Bünyadov,14,2,0,Dumanlı,1,68
İstiqlaliyyət,2,1,0,Yağışlı,0,36
Heydər Əliyev,20,2,0,Dumanlı,0,73
Qara Qarayev,2,2,0,Qarlı,0,50
Tbilisi,2,4,0,Qarlı,1,81
Zərdabi,2,2,0,Yağışlı,0,45
Ziya Bünyadov,1,1,0,Qarlı,0,58
Qara Qarayev,4,4,0,Yağışlı,0,48
Tbilisi,18,2,0,Açıq,0,67
Ziya Bünyadov,20,3,0,Yağışlı,0,100
İstiqlaliyyət,0,1,0,Dumanlı,0,27
Qara Qarayev,21,5,1,Qarlı,0,64
Qara Qarayev,4,0,0,Yağışlı,1,72
Qara Qarayev,8,5,1,Açıq,0,24
Neftçilər,23,0,0,Açıq,0,21
Heydər Əliyev,22,5,1,Qarlı,2,89
Zərdabi,10,4,0,Qarlı,0,76
İstiqlaliyyət,10,6,1,Qarlı,2,100
Tbilisi,4,6,1,Dumanlı,0,24
Neftçilər,22,6,1,Qarlı,1,75
